Date,Close,High,Low,Open,Volume
2018-01-02,43.064998626708984,43.07500076293945,42.314998626708984,42.540000915527344,102223600
2018-01-03,43.057498931884766,43.63750076293945,42.9900016784668,43.13249969482422,118071600
2018-01-04,43.25749969482422,43.36750030517578,43.02000045776367,43.1349983215332,89738400
2018-01-05,43.75,43.842498779296875,43.26250076293945,43.36000061035156,94640000
2018-01-08,43.587501525878906,43.90250015258789,43.48249816894531,43.587501525878906,82271200
2018-01-09,43.58250045776367,43.76499938964844,43.352500915527344,43.63750076293945,86336000
2018-01-10,43.5724983215332,43.57500076293945,43.25,43.290000915527344,95839600
2018-01-11,43.81999969482422,43.872501373291016,43.622501373291016,43.647499084472656,74670800
2018-01-12,44.272499084472656,44.34000015258789,43.912498474121094,44.04499816894531,101672400
2018-01-16,44.04750061035156,44.84749984741211,44.03499984741211,44.474998474121094,118263600
2018-01-17,44.775001525878906,44.8125,43.76750183105469,44.037498474121094,137547200
2018-01-18,44.814998626708984,45.025001525878906,44.5625,44.842498779296875,124773600
2018-01-19,44.6150016784668,44.89500045776367,44.352500915527344,44.65250015258789,129700400
2018-01-22,44.25,44.44499969482422,44.150001525878906,44.32500076293945,108434400
2018-01-23,44.2599983215332,44.86000061035156,44.20500183105469,44.32500076293945,130756400
2018-01-24,43.55500030517578,44.32500076293945,43.29999923706055,44.3125,204420400
2018-01-25,42.77750015258789,43.73749923706055,42.63249969482422,43.627498626708984,166116000
2018-01-26,42.877498626708984,43.0,42.51499938964844,43.0,156572000
2018-01-29,41.9900016784668,42.540000915527344,41.76750183105469,42.540000915527344,202561600
2018-01-30,41.74250030517578,41.842498779296875,41.17499923706055,41.38249969482422,184192800
2018-01-31,41.85749816894531,42.11000061035156,41.625,41.717498779296875,129915600
2018-02-01,41.94499969482422,42.154998779296875,41.689998626708984,41.79249954223633,188923200
2018-02-02,40.125,41.70000076293945,40.025001525878906,41.5,346375200
2018-02-05,39.122501373291016,40.970001220703125,39.0,39.775001525878906,290954000
2018-02-06,40.75749969482422,40.93000030517578,38.5,38.70750045776367,272975200
2018-02-07,39.8849983215332,40.849998474121094,39.76750183105469,40.772499084472656,206434400
2018-02-08,38.787498474121094,40.25,38.75749969482422,40.0724983215332,217562000
2018-02-09,39.102500915527344,39.47249984741211,37.560001373291016,39.26750183105469,282690400
2018-02-12,40.6775016784668,40.97249984741211,39.377498626708984,39.625,243278000
2018-02-13,41.084999084472656,41.1875,40.412498474121094,40.48749923706055,130196800
2018-02-14,41.842498779296875,41.8849983215332,40.720001220703125,40.7599983215332,162579600
2018-02-15,43.247501373291016,43.272499084472656,42.25,42.4474983215332,204588800
2018-02-16,43.10749816894531,43.70500183105469,42.942501068115234,43.09000015258789,160704400
2018-02-20,42.962501525878906,43.564998626708984,42.85499954223633,43.01250076293945,135722000
2018-02-21,42.76750183105469,43.529998779296875,42.752498626708984,43.20750045776367,149886400
2018-02-22,43.125,43.48749923706055,42.9275016784668,42.95000076293945,123967600
2018-02-23,43.875,43.912498474121094,43.3849983215332,43.41749954223633,135249600
2018-02-26,44.74250030517578,44.84749984741211,44.0525016784668,44.087501525878906,152648800
2018-02-27,44.59749984741211,45.119998931884766,44.540000915527344,44.775001525878906,155712400
2018-02-28,44.529998779296875,45.154998779296875,44.51250076293945,44.814998626708984,151128400
2018-03-01,43.75,44.94499969482422,43.165000915527344,44.6349983215332,195208000
2018-03-02,44.0525016784668,44.07500076293945,43.11249923706055,43.20000076293945,153816000
2018-03-05,44.20500183105469,44.435001373291016,43.630001068115234,43.8025016784668,113605600
2018-03-06,44.16749954223633,44.5625,44.032501220703125,44.477500915527344,95154000
2018-03-07,43.75749969482422,43.962501525878906,43.567501068115234,43.73500061035156,126814000
2018-03-08,44.23500061035156,44.279998779296875,43.76750183105469,43.869998931884766,95096400
2018-03-09,44.994998931884766,45.0,44.34749984741211,44.4900016784668,128740800
2018-03-12,45.43000030517578,45.59749984741211,45.0525016784668,45.0724983215332,128828400
2018-03-13,44.99250030517578,45.875,44.810001373291016,45.647499084472656,126774000
2018-03-14,44.61000061035156,45.130001068115234,44.45249938964844,45.08000183105469,117473600
2018-03-15,44.662498474121094,45.060001373291016,44.51750183105469,44.625,90975200
2018-03-16,44.505001068115234,44.779998779296875,44.404998779296875,44.662498474121094,157618800
2018-03-19,43.82500076293945,44.36750030517578,43.415000915527344,44.33000183105469,133787200
2018-03-20,43.810001373291016,44.20000076293945,43.73500061035156,43.810001373291016,78597600
2018-03-21,42.817501068115234,43.772499084472656,42.814998626708984,43.7599983215332,148219600
2018-03-22,42.212501525878906,43.16999816894531,42.150001525878906,42.5,165963200
2018-03-23,41.23500061035156,42.47999954223633,41.23500061035156,42.09749984741211,164115200
2018-03-26,43.192501068115234,43.275001525878906,41.61000061035156,42.01750183105469,150164800
2018-03-27,42.084999084472656,43.787498474121094,41.72999954223633,43.41999816894531,163690400
2018-03-28,41.619998931884766,42.505001068115234,41.29750061035156,41.8125,166674000
2018-03-29,41.94499969482422,42.9375,41.724998474121094,41.95249938964844,153594000
2018-04-02,41.66999816894531,42.23500061035156,41.11750030517578,41.65999984741211,150347200
2018-04-03,42.09749984741211,42.1875,41.220001220703125,41.90999984741211,121112000
2018-04-04,42.90250015258789,43.002498626708984,41.192501068115234,41.220001220703125,138422000
2018-04-05,43.20000076293945,43.557498931884766,43.02000045776367,43.14500045776367,107732800
2018-04-06,42.095001220703125,43.119998931884766,42.04999923706055,42.74250030517578,140021200
2018-04-09,42.51250076293945,43.272499084472656,42.462501525878906,42.470001220703125,116070800
2018-04-10,43.3125,43.5,42.88249969482422,43.25,113634400
2018-04-11,43.11000061035156,43.47999954223633,42.92499923706055,43.057498931884766,89726400
2018-04-12,43.53499984741211,43.75,43.2599983215332,43.352500915527344,91557200
2018-04-13,43.682498931884766,43.959999084472656,43.462501525878906,43.69499969482422,100497200
2018-04-16,43.95500183105469,44.04750061035156,43.70750045776367,43.75749969482422,86313600
2018-04-17,44.560001373291016,44.73500061035156,44.102500915527344,44.122501373291016,106421600
2018-04-18,44.459999084472656,44.70500183105469,44.220001220703125,44.45249938964844,83018000
2018-04-19,43.20000076293945,43.84749984741211,43.165000915527344,43.439998626708984,139235200
2018-04-20,41.43000030517578,42.80500030517578,41.35749816894531,42.650001525878906,261964400
2018-04-23,41.310001373291016,41.72999954223633,41.022499084472656,41.70750045776367,146062000
2018-04-24,40.73500061035156,41.58250045776367,40.30500030517578,41.41749954223633,134768000
2018-04-25,40.912498474121094,41.35499954223633,40.602500915527344,40.654998779296875,113528400
2018-04-26,41.05500030517578,41.432498931884766,40.842498779296875,41.029998779296875,111852000
2018-04-27,40.58000183105469,41.08250045776367,40.157501220703125,41.0,142623200
2018-04-30,41.314998626708984,41.814998626708984,40.459999084472656,40.532501220703125,169709600
2018-05-01,42.275001525878906,42.29999923706055,41.317501068115234,41.602500915527344,214277600
2018-05-02,44.14250183105469,44.4375,43.45000076293945,43.807498931884766,266157600
2018-05-03,44.22249984741211,44.375,43.61000061035156,43.970001220703125,136272800
2018-05-04,45.95750045776367,46.0625,44.54249954223633,44.5625,224805200
2018-05-07,46.290000915527344,46.91749954223633,46.1875,46.29499816894531,169805600
2018-05-08,46.51250076293945,46.55500030517578,45.91749954223633,46.247501373291016,113611200
2018-05-09,46.84000015258789,46.849998474121094,46.30500030517578,46.63750076293945,92844800
2018-05-10,47.5099983215332,47.592498779296875,46.912498474121094,46.935001373291016,111957200
2018-05-11,47.147499084472656,47.51499938964844,46.86249923706055,47.372501373291016,104848800
2018-05-14,47.037498474121094,47.38249969482422,46.96500015258789,47.252498626708984,83115200
2018-05-15,46.61000061035156,46.76750183105469,46.275001525878906,46.69499969482422,94780800
2018-05-16,47.04499816894531,47.1150016784668,46.5,46.51750183105469,76732400
2018-05-17,46.747501373291016,47.227500915527344,46.59000015258789,47.0,69176000
2018-05-18,46.57749938964844,46.95249938964844,46.532501220703125,46.79750061035156,73190800
2018-05-21,46.907501220703125,47.317501068115234,46.727500915527344,47.0,73603200
2018-05-22,46.790000915527344,47.220001220703125,46.69499969482422,47.095001220703125,60962800
2018-05-23,47.09000015258789,47.125,46.439998626708984,46.587501525878906,80233600
2018-05-24,47.037498474121094,47.209999084472656,46.5525016784668,47.192501068115234,92936000
2018-05-25,47.14500045776367,47.412498474121094,46.912498474121094,47.057498931884766,69844000
2018-05-29,46.974998474121094,47.1875,46.717498779296875,46.900001525878906,90056400
2018-05-30,46.875,47.0,46.69499969482422,46.93000030517578,74762000
2018-05-31,46.717498779296875,47.057498931884766,46.53499984741211,46.80500030517578,109931200
2018-06-01,47.560001373291016,47.564998626708984,46.9375,46.997501373291016,93770000
2018-06-04,47.95750045776367,48.35499954223633,47.837501525878906,47.90999984741211,105064800
2018-06-05,48.32749938964844,48.48500061035156,48.09000015258789,48.26750183105469,86264000
2018-06-06,48.494998931884766,48.52000045776367,47.97999954223633,48.407501220703125,83734400
2018-06-07,48.3650016784668,48.54999923706055,48.084999084472656,48.53499984741211,85388800
2018-06-08,47.92499923706055,48.0,47.442501068115234,47.79249954223633,106627200
2018-06-11,47.807498931884766,47.99250030517578,47.5525016784668,47.837501525878906,73234000
2018-06-12,48.06999969482422,48.15250015258789,47.787498474121094,47.84749984741211,67644400
2018-06-13,47.67499923706055,48.220001220703125,47.61000061035156,48.10499954223633,86553600
2018-06-14,47.70000076293945,47.89250183105469,47.55500030517578,47.88750076293945,86440400
2018-06-15,47.209999084472656,47.540000915527344,47.064998626708984,47.50749969482422,246876800
2018-06-18,47.185001373291016,47.30500030517578,46.79999923706055,46.970001220703125,73939600
2018-06-19,46.42250061035156,46.58250045776367,45.86249923706055,46.28499984741211,134314000
2018-06-20,46.625,46.79999923706055,46.432498931884766,46.587501525878906,82514800
2018-06-21,46.3650016784668,47.087501525878906,46.23500061035156,46.8125,102847600
2018-06-22,46.22999954223633,46.537498474121094,46.17499923706055,46.529998779296875,108801600
2018-06-25,45.54249954223633,46.22999954223633,45.182498931884766,45.849998474121094,126652400
2018-06-26,46.10749816894531,46.63249969482422,45.6349983215332,45.747501373291016,98276800
2018-06-27,46.040000915527344,46.81999969482422,46.00749969482422,46.307498931884766,101141200
2018-06-28,46.375,46.5525016784668,45.95000076293945,46.025001525878906,69460800
2018-06-29,46.27750015258789,46.79750061035156,45.727500915527344,46.5724983215332,90950800
2018-07-02,46.79499816894531,46.82500076293945,45.85499954223633,45.95500183105469,70925200
2018-07-03,45.97999954223633,46.98749923706055,45.8849983215332,46.9474983215332,55819200
2018-07-05,46.349998474121094,46.602500915527344,46.06999969482422,46.314998626708984,66416800
2018-07-06,46.99250030517578,47.10749816894531,46.29999923706055,46.35499954223633,69940800
2018-07-09,47.64500045776367,47.66999816894531,47.32500076293945,47.375,79026400
2018-07-10,47.587501525878906,47.81999969482422,47.54499816894531,47.6775016784668,63756400
2018-07-11,46.970001220703125,47.44499969482422,46.90250015258789,47.125,75326000
2018-07-12,47.75749969482422,47.852500915527344,47.32749938964844,47.38249969482422,72164400
2018-07-13,47.83250045776367,47.959999084472656,47.724998474121094,47.77000045776367,50055600
2018-07-16,47.727500915527344,48.162498474121094,47.60499954223633,47.880001068115234,60172400
2018-07-17,47.86249923706055,47.967498779296875,47.29999923706055,47.4375,62138000
2018-07-18,47.599998474121094,47.95000076293945,47.48249816894531,47.94499969482422,65573600
2018-07-19,47.970001220703125,48.13750076293945,47.42250061035156,47.42250061035156,81147200
2018-07-20,47.86000061035156,48.10749816894531,47.54249954223633,47.94499969482422,82704800
2018-07-23,47.90250015258789,47.9900016784668,47.38999938964844,47.66999816894531,63957600
2018-07-24,48.25,48.415000915527344,48.01250076293945,48.11249923706055,74791600
2018-07-25,48.70500183105469,48.712501525878906,48.10749816894531,48.26499938964844,66839600
2018-07-26,48.5525016784668,48.9900016784668,48.40250015258789,48.65250015258789,76304000
2018-07-27,47.744998931884766,48.79750061035156,47.525001525878906,48.747501373291016,96096000
2018-07-30,47.477500915527344,48.04999923706055,47.26750183105469,47.974998474121094,84118000
2018-07-31,47.5724983215332,48.03499984741211,47.334999084472656,47.57500076293945,157492000
2018-08-01,50.375,50.439998626708984,49.32749938964844,49.782501220703125,271742800
2018-08-02,51.84749984741211,52.095001220703125,50.087501525878906,50.14500045776367,249616000
2018-08-03,51.997501373291016,52.185001373291016,51.369998931884766,51.75749969482422,133789600
2018-08-06,52.26750183105469,52.3125,51.76750183105469,52.0,101701600
2018-08-07,51.77750015258789,52.375,51.689998626708984,52.33000183105469,102349600
2018-08-08,51.8125,51.95249938964844,51.130001068115234,51.51250076293945,90102000
2018-08-09,52.220001220703125,52.44499969482422,51.79999923706055,52.38249969482422,93970400
2018-08-10,51.88249969482422,52.275001525878906,51.66749954223633,51.84000015258789,98444800
2018-08-13,52.217498779296875,52.73749923706055,51.92499923706055,52.32749938964844,103563600
2018-08-14,52.4375,52.63999938964844,52.064998626708984,52.540000915527344,82992000
2018-08-15,52.560001373291016,52.685001373291016,52.08250045776367,52.30500030517578,115230400
2018-08-16,53.33000183105469,53.45249938964844,52.86750030517578,52.9375,114001600
2018-08-17,54.39500045776367,54.48749923706055,53.290000915527344,53.36000061035156,141708000
2018-08-20,53.8650016784668,54.79499816894531,53.77750015258789,54.525001525878906,121150800
2018-08-21,53.7599983215332,54.29750061035156,53.50749969482422,54.20000076293945,104639200
2018-08-22,53.76250076293945,54.09000015258789,53.459999084472656,53.525001525878906,76072400
2018-08-23,53.872501373291016,54.26250076293945,53.650001525878906,53.662498474121094,75532800
2018-08-24,54.040000915527344,54.224998474121094,53.77750015258789,54.150001525878906,73905600
2018-08-27,54.48500061035156,54.685001373291016,54.08250045776367,54.287498474121094,82100400
2018-08-28,54.92499923706055,55.1349983215332,54.72999954223633,54.752498626708984,91107200
2018-08-29,55.744998931884766,55.872501373291016,54.852500915527344,55.037498474121094,109019200
2018-08-30,56.25749969482422,57.064998626708984,55.599998474121094,55.8125,195175200
2018-08-31,56.907501220703125,57.217498779296875,56.5,56.627498626708984,173360400
2018-09-04,57.09000015258789,57.29499816894531,56.657501220703125,57.102500915527344,109560400
2018-09-05,56.717498779296875,57.41749954223633,56.275001525878906,57.247501373291016,133332000
2018-09-06,55.775001525878906,56.837501525878906,55.32500076293945,56.557498931884766,137160000
2018-09-07,55.32500076293945,56.342498779296875,55.1775016784668,55.462501525878906,150479200
2018-09-10,54.58250045776367,55.462501525878906,54.11750030517578,55.23749923706055,158066000
2018-09-11,55.962501525878906,56.07500076293945,54.13999938964844,54.502498626708984,142996000
2018-09-12,55.26750183105469,56.25,54.959999084472656,56.23500061035156,197114800
2018-09-13,56.602500915527344,57.087501525878906,55.64250183105469,55.880001068115234,166825600
2018-09-14,55.959999084472656,56.709999084472656,55.630001068115234,56.4375,127997200
2018-09-17,54.470001220703125,55.73749923706055,54.317501068115234,55.537498474121094,148780400
2018-09-18,54.560001373291016,55.462501525878906,54.279998779296875,54.4474983215332,126286800
2018-09-19,54.592498779296875,54.904998779296875,53.82500076293945,54.625,108495200
2018-09-20,55.00749969482422,55.56999969482422,54.787498474121094,55.060001373291016,106435200
2018-09-21,54.415000915527344,55.34000015258789,54.3224983215332,55.19499969482422,384986800
2018-09-24,55.1974983215332,55.314998626708984,54.157501220703125,54.20500183105469,110773600
2018-09-25,55.54750061035156,55.70500183105469,54.92499923706055,54.9375,98217600
2018-09-26,55.10499954223633,55.9375,54.939998626708984,55.25,95938800
2018-09-27,56.23749923706055,56.61000061035156,55.8849983215332,55.95500183105469,120724800
2018-09-28,56.435001373291016,56.459999084472656,56.005001068115234,56.1974983215332,91717600
2018-10-01,56.814998626708984,57.35499954223633,56.587501525878906,56.98749923706055,94403200
2018-10-02,57.31999969482422,57.5,56.657501220703125,56.8125,99152800
2018-10-03,58.01750183105469,58.36750030517578,57.44499969482422,57.51250076293945,114619200
2018-10-04,56.997501373291016,58.087501525878906,56.682498931884766,57.69499969482422,128168000
2018-10-05,56.0724983215332,57.102500915527344,55.14500045776367,56.9900016784668,134322000
2018-10-08,55.942501068115234,56.20000076293945,55.04999923706055,55.5525016784668,118655600
2018-10-09,56.717498779296875,56.817501068115234,55.5625,55.90999984741211,107564000
2018-10-10,54.09000015258789,56.587501525878906,54.01250076293945,56.3650016784668,167962400
2018-10-11,53.61249923706055,54.875,53.08000183105469,53.630001068115234,212497600
2018-10-12,55.52750015258789,55.720001220703125,54.209999084472656,55.10499954223633,161351600
2018-10-15,54.34000015258789,55.45750045776367,54.317501068115234,55.290000915527344,123164000
2018-10-16,55.537498474121094,55.747501373291016,54.189998626708984,54.73249816894531,116736000
2018-10-17,55.29750061035156,55.65999984741211,54.834999084472656,55.57500076293945,91541600
2018-10-18,54.005001068115234,54.935001373291016,53.25,54.46500015258789,130325200
2018-10-19,54.82749938964844,55.314998626708984,54.35749816894531,54.51499938964844,132314800
2018-10-22,55.162498474121094,55.84000015258789,54.73500061035156,54.9474983215332,115168400
2018-10-23,55.682498931884766,55.8125,53.67499923706055,53.95750045776367,155071200
2018-10-24,53.772499084472656,56.057498931884766,53.6349983215332,55.650001525878906,163702000
2018-10-25,54.95000076293945,55.345001220703125,54.1875,54.4275016784668,119423200
2018-10-26,54.07500076293945,55.04750061035156,53.16749954223633,53.974998474121094,189033600
2018-10-29,53.060001373291016,54.92250061035156,51.522499084472656,54.79750061035156,183742000
2018-10-30,53.32500076293945,53.79499816894531,52.317501068115234,52.787498474121094,146640000
2018-10-31,54.71500015258789,55.11249923706055,54.154998779296875,54.220001220703125,153435600
2018-11-01,55.55500030517578,55.59000015258789,54.20249938964844,54.76250076293945,233292800
2018-11-02,51.869998931884766,53.412498474121094,51.35749816894531,52.38750076293945,365314800
2018-11-05,50.397499084472656,51.09749984741211,49.54249954223633,51.07500076293945,264654800
2018-11-06,50.942501068115234,51.18000030517578,50.42250061035156,50.47999954223633,127531600
2018-11-07,52.48749923706055,52.51499938964844,51.032501220703125,51.49250030517578,133697600
2018-11-08,52.122501373291016,52.529998779296875,51.6875,52.494998931884766,101450400
2018-11-09,51.11750030517578,51.502498626708984,50.5625,51.38750076293945,137463200
2018-11-12,48.54249954223633,49.962501525878906,48.4474983215332,49.75,204542000
2018-11-13,48.057498931884766,49.29499816894531,47.86249923706055,47.907501220703125,187531600
2018-11-14,46.70000076293945,48.619998931884766,46.48249816894531,48.474998474121094,243204000
2018-11-15,47.852500915527344,47.99250030517578,46.724998474121094,47.09749984741211,185915200
2018-11-16,48.38249969482422,48.74250030517578,47.3650016784668,47.625,147713200
2018-11-19,46.46500015258789,47.67499923706055,46.247501373291016,47.5,167701200
2018-11-20,44.244998931884766,45.36750030517578,43.877498626708984,44.592498779296875,271300800
2018-11-21,44.19499969482422,45.067501068115234,44.13750076293945,44.932498931884766,124496800
2018-11-23,43.0724983215332,44.150001525878906,43.025001525878906,43.73500061035156,94496000
2018-11-26,43.654998779296875,43.73749923706055,42.564998626708984,43.560001373291016,179994000
2018-11-27,43.560001373291016,43.692501068115234,42.720001220703125,42.877498626708984,165549600
2018-11-28,45.23500061035156,45.3224983215332,43.73249816894531,44.182498931884766,184250000
2018-11-29,44.88750076293945,45.70000076293945,44.42499923706055,45.665000915527344,167080000
2018-11-30,44.64500045776367,45.08250045776367,44.25749969482422,45.0724983215332,158126000
2018-12-03,46.20500183105469,46.23500061035156,45.3025016784668,46.1150016784668,163210000
2018-12-04,44.17250061035156,45.59749984741211,44.067501068115234,45.23749923706055,165377200
2018-12-06,43.68000030517578,43.69499969482422,42.60499954223633,42.939998626708984,172393600
2018-12-07,42.122501373291016,43.622501373291016,42.07500076293945,43.372501373291016,169126400
2018-12-10,42.400001525878906,42.522499084472656,40.83250045776367,41.25,248104000
2018-12-11,42.157501220703125,42.9474983215332,41.75,42.915000915527344,189126800
2018-12-12,42.275001525878906,42.97999954223633,42.255001068115234,42.599998474121094,142510800
2018-12-13,42.73749923706055,43.14250183105469,42.38750076293945,42.622501373291016,127594400
2018-12-14,41.369998931884766,42.27000045776367,41.31999969482422,42.25,162814800
2018-12-17,40.98500061035156,42.087501525878906,40.682498931884766,41.36249923706055,177151600
2018-12-18,41.51750183105469,41.88249969482422,41.09749984741211,41.345001220703125,135366000
2018-12-19,40.22249984741211,41.86249923706055,39.772499084472656,41.5,196189200
2018-12-20,39.20750045776367,40.52750015258789,38.82500076293945,40.099998474121094,259092000
2018-12-21,37.682498931884766,39.540000915527344,37.407501220703125,39.21500015258789,382978400
2018-12-24,36.70750045776367,37.88750076293945,36.647499084472656,37.037498474121094,148676800
2018-12-26,39.29249954223633,39.307498931884766,36.68000030517578,37.07500076293945,234330000
2018-12-27,39.037498474121094,39.192501068115234,37.51750183105469,38.959999084472656,212468400
2018-12-28,39.057498931884766,39.630001068115234,38.63750076293945,39.375,169165600
2018-12-31,39.435001373291016,39.84000015258789,39.119998931884766,39.63249969482422,140014000
2019-01-02,39.47999954223633,39.712501525878906,38.557498931884766,38.72249984741211,148158800
2019-01-03,35.54750061035156,36.43000030517578,35.5,35.994998931884766,365248800
2019-01-04,37.064998626708984,37.13750076293945,35.95000076293945,36.13249969482422,234428400
2019-01-07,36.98249816894531,37.20750045776367,36.474998474121094,37.17499923706055,219111200
2019-01-08,37.6875,37.95500183105469,37.130001068115234,37.38999938964844,164101200
2019-01-09,38.32749938964844,38.63249969482422,37.407501220703125,37.8224983215332,180396400
2019-01-10,38.45000076293945,38.49250030517578,37.71500015258789,38.125,143122800
2019-01-11,38.0724983215332,38.42499923706055,37.877498626708984,38.220001220703125,108092800
2019-01-14,37.5,37.817501068115234,37.30500030517578,37.712501525878906,129756800
2019-01-15,38.26750183105469,38.34749984741211,37.51250076293945,37.567501068115234,114843600
2019-01-16,38.73500061035156,38.970001220703125,38.25,38.27000045776367,122278800
2019-01-17,38.96500015258789,39.415000915527344,38.314998626708984,38.54999923706055,119284800
2019-01-18,39.20500183105469,39.470001220703125,38.994998931884766,39.375,135004000
2019-01-22,38.32500076293945,39.182498931884766,38.154998779296875,39.102500915527344,121576000
2019-01-23,38.47999954223633,38.78499984741211,37.92499923706055,38.537498474121094,92522400
2019-01-24,38.17499923706055,38.619998931884766,37.935001373291016,38.52750015258789,101766000
2019-01-25,39.439998626708984,39.532501220703125,38.58000183105469,38.869998931884766,134142000
2019-01-28,39.07500076293945,39.08250045776367,38.415000915527344,38.9474983215332,104768400
2019-01-29,38.66999816894531,39.532501220703125,38.52750015258789,39.0625,166348800
2019-01-30,41.3125,41.537498474121094,40.057498931884766,40.8125,244439200
2019-01-31,41.61000061035156,42.25,41.13999938964844,41.52750015258789,162958400
2019-02-01,41.630001068115234,42.244998931884766,41.48249816894531,41.7400016784668,130672400
2019-02-04,42.8125,42.915000915527344,41.81999969482422,41.852500915527344,125982000
2019-02-05,43.54499816894531,43.77000045776367,43.087501525878906,43.21500015258789,144406400
2019-02-06,43.560001373291016,43.89250183105469,43.212501525878906,43.662498474121094,112958400
2019-02-07,42.73500061035156,43.48500061035156,42.584999084472656,43.099998474121094,126966800
2019-02-08,42.602500915527344,42.665000915527344,42.10499954223633,42.247501373291016,95280000
2019-02-11,42.35749816894531,42.8025016784668,42.3125,42.76250076293945,83973600
2019-02-12,42.72249984741211,42.75,42.42499923706055,42.525001525878906,89134000
2019-02-13,42.54499816894531,43.119998931884766,42.47999954223633,42.84749984741211,89960800
2019-02-14,42.70000076293945,42.814998626708984,42.345001220703125,42.4275016784668,87342800
2019-02-15,42.60499954223633,42.92499923706055,42.4375,42.8125,98507200
2019-02-19,42.73249816894531,42.86000061035156,42.372501373291016,42.4275016784668,75891200
2019-02-20,43.00749969482422,43.33000183105469,42.747501373291016,42.79750061035156,104457600
2019-02-21,42.76499938964844,43.092498779296875,42.57500076293945,42.95000076293945,68998800
2019-02-22,43.24250030517578,43.25,42.845001220703125,42.89500045776367,75652800
2019-02-25,43.557498931884766,43.967498779296875,43.48749923706055,43.540000915527344,87493600
2019-02-26,43.58250045776367,43.82500076293945,43.29249954223633,43.4275016784668,68280800
2019-02-27,43.717498779296875,43.75,43.182498931884766,43.3025016784668,111341600
2019-02-28,43.287498474121094,43.727500915527344,43.22999954223633,43.58000183105469,112861600
2019-03-01,43.74250030517578,43.787498474121094,43.22249984741211,43.56999969482422,103544800
2019-03-04,43.962501525878906,44.4375,43.49250030517578,43.92250061035156,109744800
2019-03-05,43.88249969482422,44.0,43.6349983215332,43.98500061035156,78949600
2019-03-06,43.630001068115234,43.872501373291016,43.48500061035156,43.66749954223633,83241600
2019-03-07,43.125,43.61000061035156,43.005001068115234,43.467498779296875,99185600
2019-03-08,43.227500915527344,43.26750183105469,42.375,42.58000183105469,95997600
2019-03-11,44.724998474121094,44.779998779296875,43.837501525878906,43.872501373291016,128044000
2019-03-12,45.227500915527344,45.66749954223633,44.842498779296875,45.0,129870400
2019-03-13,45.4275016784668,45.82500076293945,45.22999954223633,45.5625,124130000
2019-03-14,45.932498931884766,46.025001525878906,45.63999938964844,45.974998474121094,94318000
2019-03-15,46.529998779296875,46.83250045776367,45.935001373291016,46.212501525878906,156171600
2019-03-18,47.005001068115234,47.09749984741211,46.4474983215332,46.45000076293945,104879200
2019-03-19,46.63249969482422,47.247501373291016,46.47999954223633,47.087501525878906,126585600
2019-03-20,47.040000915527344,47.372501373291016,46.182498931884766,46.557498931884766,124140800
2019-03-21,48.772499084472656,49.08250045776367,47.45249938964844,47.505001068115234,204136800
2019-03-22,47.76250076293945,49.42250061035156,47.69499969482422,48.834999084472656,169630800
2019-03-25,47.185001373291016,47.994998931884766,46.650001525878906,47.877498626708984,175381200
2019-03-26,46.6974983215332,48.220001220703125,46.14500045776367,47.915000915527344,199202000
2019-03-27,47.11750030517578,47.439998626708984,46.63750076293945,47.1875,119393600
2019-03-28,47.18000030517578,47.38999938964844,46.88249969482422,47.23749923706055,83121600
2019-03-29,47.48749923706055,47.52000045776367,47.1349983215332,47.45750045776367,94256000
2019-04-01,47.810001373291016,47.91999816894531,47.095001220703125,47.90999984741211,111448000
2019-04-02,48.505001068115234,48.6150016784668,47.76250076293945,47.772499084472656,91062800
2019-04-03,48.837501525878906,49.125,48.287498474121094,48.3125,93087200
2019-04-04,48.92250061035156,49.092498779296875,48.28499984741211,48.6974983215332,76457200
2019-04-05,49.25,49.275001525878906,48.98249816894531,49.11249923706055,74106400
2019-04-08,50.025001525878906,50.057498931884766,49.084999084472656,49.10499954223633,103526800
2019-04-09,49.875,50.712501525878906,49.807498931884766,50.08000183105469,143072800
2019-04-10,50.154998779296875,50.185001373291016,49.54499816894531,49.66999816894531,86781200
2019-04-11,49.73749923706055,50.25,49.61000061035156,50.212501525878906,83603200
2019-04-12,49.717498779296875,50.03499984741211,49.0525016784668,49.79999923706055,111042800
2019-04-15,49.807498931884766,49.962501525878906,49.502498626708984,49.64500045776367,70146400
2019-04-16,49.8125,50.342498779296875,49.63999938964844,49.8650016784668,102785600
2019-04-17,50.782501220703125,50.845001220703125,49.65250015258789,49.8849983215332,115627200
2019-04-18,50.96500015258789,51.037498474121094,50.630001068115234,50.779998779296875,96783200
2019-04-22,51.13249969482422,51.23500061035156,50.584999084472656,50.70750045776367,77758000
2019-04-23,51.869998931884766,51.9375,50.974998474121094,51.10749816894531,93292000
2019-04-24,51.790000915527344,52.119998931884766,51.76250076293945,51.84000015258789,70162400
2019-04-25,51.31999969482422,51.939998626708984,51.279998779296875,51.70750045776367,74172800
2019-04-26,51.07500076293945,51.25,50.529998779296875,51.224998474121094,74596400
2019-04-29,51.15250015258789,51.49250030517578,50.96500015258789,51.099998474121094,88818800
2019-04-30,50.16749954223633,50.849998474121094,49.77750015258789,50.76499938964844,186139600
2019-05-01,52.630001068115234,53.82749938964844,52.307498931884766,52.470001220703125,259309200
2019-05-02,52.287498474121094,53.162498474121094,52.032501220703125,52.459999084472656,127985200
2019-05-03,52.9375,52.959999084472656,52.557498931884766,52.72249984741211,83569600
2019-05-06,52.119998931884766,52.209999084472656,50.875,51.0724983215332,129772400
2019-05-07,50.71500015258789,51.85499954223633,50.20750045776367,51.470001220703125,155054800
2019-05-08,50.724998474121094,51.334999084472656,50.4375,50.474998474121094,105358000
2019-05-09,50.18000030517578,50.41999816894531,49.165000915527344,50.099998474121094,139634400
2019-05-10,49.29499816894531,49.712501525878906,48.192501068115234,49.35499954223633,164834800
2019-05-13,46.43000030517578,47.369998931884766,45.712501525878906,46.9275016784668,229722400
2019-05-14,47.165000915527344,47.42499923706055,46.352500915527344,46.602500915527344,146118800
2019-05-15,47.72999954223633,47.9375,46.505001068115234,46.567501068115234,106178800
2019-05-16,47.52000045776367,48.11750030517578,47.209999084472656,47.477500915527344,132125600
2019-05-17,47.25,47.724998474121094,46.689998626708984,46.73249816894531,131516400
2019-05-20,45.772499084472656,46.087501525878906,45.06999969482422,45.880001068115234,154449200
2019-05-21,46.650001525878906,47.0,46.17499923706055,46.30500030517578,113459200
2019-05-22,45.69499969482422,46.4275016784668,45.63750076293945,46.165000915527344,118994400
2019-05-23,44.915000915527344,45.1349983215332,44.45249938964844,44.95000076293945,146118800
2019-05-24,44.74250030517578,45.53499984741211,44.654998779296875,45.04999923706055,94858800
2019-05-28,44.557498931884766,45.147499084472656,44.477500915527344,44.72999954223633,111792800
2019-05-29,44.345001220703125,44.837501525878906,44.0,44.10499954223633,113924800
2019-05-30,44.57500076293945,44.807498931884766,44.16749954223633,44.48749923706055,84873600
2019-05-31,43.76750183105469,44.497501373291016,43.747501373291016,44.057498931884766,108174400
2019-06-03,43.32500076293945,44.47999954223633,42.567501068115234,43.900001525878906,161584400
2019-06-04,44.90999984741211,44.95750045776367,43.630001068115234,43.86000061035156,123872000
2019-06-05,45.6349983215332,46.247501373291016,45.28499984741211,46.06999969482422,119093600
2019-06-06,46.30500030517578,46.36750030517578,45.537498474121094,45.77000045776367,90105200
2019-06-07,47.537498474121094,47.97999954223633,46.442501068115234,46.627498626708984,122737600
2019-06-10,48.14500045776367,48.842498779296875,47.904998779296875,47.95249938964844,104883600
2019-06-11,48.70249938964844,49.0,48.400001525878906,48.71500015258789,107731600
2019-06-12,48.54750061035156,48.99250030517578,48.34749984741211,48.48749923706055,73012800
2019-06-13,48.537498474121094,49.1974983215332,48.400001525878906,48.67499923706055,86698400
2019-06-14,48.185001373291016,48.397499084472656,47.57500076293945,47.88750076293945,75046000
2019-06-17,48.47249984741211,48.7400016784668,48.04249954223633,48.224998474121094,58676400
2019-06-18,49.61249923706055,50.0724983215332,48.8025016784668,49.01250076293945,106204000
2019-06-19,49.467498779296875,49.970001220703125,49.32749938964844,49.91999816894531,84496800
2019-06-20,49.8650016784668,50.15250015258789,49.50749969482422,50.092498779296875,86056000
2019-06-21,49.69499969482422,50.212501525878906,49.537498474121094,49.70000076293945,191202400
2019-06-24,49.64500045776367,50.040000915527344,49.54249954223633,49.6349983215332,72881600
2019-06-25,48.89250183105469,49.814998626708984,48.8224983215332,49.60749816894531,84281200
2019-06-26,49.95000076293945,50.247501373291016,49.337501525878906,49.442501068115234,104270000
2019-06-27,49.935001373291016,50.39250183105469,49.89250183105469,50.0724983215332,83598800
2019-06-28,49.47999954223633,49.875,49.26250076293945,49.66999816894531,124442400
2019-07-01,50.38750076293945,51.122501373291016,50.162498474121094,50.79249954223633,109012000
2019-07-02,50.682498931884766,50.782501220703125,50.34000015258789,50.352500915527344,67740800
2019-07-03,51.102500915527344,51.11000061035156,50.67250061035156,50.81999969482422,45448000
2019-07-05,51.057498931884766,51.27000045776367,50.724998474121094,50.837501525878906,69062000
2019-07-08,50.005001068115234,50.349998474121094,49.602500915527344,50.20249938964844,101354400
2019-07-09,50.310001373291016,50.377498626708984,49.70249938964844,49.79999923706055,82312000
2019-07-10,50.807498931884766,50.932498931884766,50.38999938964844,50.462501525878906,71588400
2019-07-11,50.4375,51.09749984741211,50.4275016784668,50.82749938964844,80767200
2019-07-12,50.82500076293945,51.0,50.54999923706055,50.61249923706055,70380800
2019-07-15,51.3025016784668,51.467498779296875,51.0,51.022499084472656,67789600
2019-07-16,51.125,51.52750015258789,50.875,51.147499084472656,67467200
2019-07-17,50.837501525878906,51.272499084472656,50.817501068115234,51.01250076293945,56430000
2019-07-18,51.415000915527344,51.470001220703125,50.92499923706055,51.0,74162400
2019-07-19,50.647499084472656,51.625,50.59000015258789,51.4474983215332,83717200
2019-07-22,51.80500030517578,51.807498931884766,50.90250015258789,50.912498474121094,89111600
2019-07-23,52.209999084472656,52.227500915527344,51.8224983215332,52.1150016784668,73420800
2019-07-24,52.16749954223633,52.287498474121094,51.79249954223633,51.91749954223633,59966400
2019-07-25,51.755001068115234,52.310001373291016,51.682498931884766,52.22249984741211,55638400
2019-07-26,51.935001373291016,52.432498931884766,51.78499984741211,51.869998931884766,70475600
2019-07-29,52.41999816894531,52.65999984741211,52.11000061035156,52.1150016784668,86693600
2019-07-30,52.19499969482422,52.540000915527344,51.82749938964844,52.189998626708984,135742800
2019-07-31,53.2599983215332,55.342498779296875,52.82500076293945,54.10499954223633,277125600
2019-08-01,52.10749816894531,54.50749969482422,51.685001373291016,53.474998474121094,216071600
2019-08-02,51.005001068115234,51.60749816894531,50.407501220703125,51.38249969482422,163448400
2019-08-05,48.334999084472656,49.662498474121094,48.14500045776367,49.497501373291016,209572000
2019-08-06,49.25,49.51750183105469,48.5099983215332,49.07749938964844,143299200
2019-08-07,49.7599983215332,49.88999938964844,48.45500183105469,48.852500915527344,133457600
2019-08-08,50.85749816894531,50.88249969482422,49.84749984741211,50.04999923706055,108038000
2019-08-09,50.247501373291016,50.689998626708984,49.8224983215332,50.32500076293945,98478800
2019-08-12,50.119998931884766,50.51250076293945,49.787498474121094,49.904998779296875,89927600
2019-08-13,52.24250030517578,53.03499984741211,50.119998931884766,50.255001068115234,188874000
2019-08-14,50.6875,51.61000061035156,50.647499084472656,50.790000915527344,146189600
2019-08-15,50.435001373291016,51.28499984741211,49.91749954223633,50.8650016784668,108909600
2019-08-16,51.625,51.790000915527344,50.959999084472656,51.06999969482422,110481600
2019-08-19,52.587501525878906,53.182498931884766,52.50749969482422,52.654998779296875,97654400
2019-08-20,52.59000015258789,53.337501525878906,52.58000183105469,52.720001220703125,107537200
2019-08-21,53.15999984741211,53.412498474121094,52.900001525878906,53.247501373291016,86141600
2019-08-22,53.1150016784668,53.61000061035156,52.6875,53.29750061035156,89014800
2019-08-23,50.65999984741211,53.01250076293945,50.25,52.35749816894531,187272000
2019-08-26,51.622501373291016,51.79750061035156,51.26499938964844,51.46500015258789,104174400
2019-08-27,51.040000915527344,52.13750076293945,50.88249969482422,51.96500015258789,103493200
2019-08-28,51.38249969482422,51.43000030517578,50.83000183105469,51.025001525878906,63755200
2019-08-29,52.252498626708984,52.33000183105469,51.665000915527344,52.125,83962000
2019-08-30,52.185001373291016,52.61249923706055,51.79999923706055,52.540000915527344,84573600
2019-09-03,51.42499923706055,51.744998931884766,51.05500030517578,51.60749816894531,80092000
2019-09-04,52.29750061035156,52.369998931884766,51.83000183105469,52.09749984741211,76752400
2019-09-05,53.31999969482422,53.49250030517578,52.877498626708984,53.0,95654800
2019-09-06,53.314998626708984,53.60499954223633,53.127498626708984,53.51250076293945,77449200
2019-09-09,53.54249954223633,54.11000061035156,52.76750183105469,53.709999084472656,109237600
2019-09-10,54.17499923706055,54.19499969482422,52.9275016784668,53.46500015258789,127111600
2019-09-11,55.897499084472656,55.9275016784668,54.432498931884766,54.51750183105469,177158400
2019-09-12,55.772499084472656,56.60499954223633,55.71500015258789,56.20000076293945,128906800
2019-09-13,54.6875,55.1974983215332,54.255001068115234,55.0,159053200
2019-09-16,54.974998474121094,55.032501220703125,54.38999938964844,54.432498931884766,84632400
2019-09-17,55.17499923706055,55.20500183105469,54.779998779296875,54.9900016784668,73274800
2019-09-18,55.692501068115234,55.712501525878906,54.86000061035156,55.26499938964844,101360000
2019-09-19,55.2400016784668,55.939998626708984,55.092498779296875,55.502498626708984,88242400
2019-09-20,54.432498931884766,55.63999938964844,54.36750030517578,55.345001220703125,221652400
2019-09-23,54.68000030517578,54.959999084472656,54.412498474121094,54.73749923706055,76662000
2019-09-24,54.41999816894531,55.622501373291016,54.29750061035156,55.25749969482422,124763200
2019-09-25,55.25749969482422,55.375,54.28499984741211,54.63750076293945,87613600
2019-09-26,54.97249984741211,55.23500061035156,54.70750045776367,55.0,75334000
2019-09-27,54.70500183105469,55.2400016784668,54.31999969482422,55.1349983215332,101408000
2019-09-30,55.99250030517578,56.14500045776367,55.1974983215332,55.224998474121094,103909600
2019-10-01,56.147499084472656,57.05500030517578,56.04999923706055,56.26750183105469,139223200
2019-10-02,54.7400016784668,55.89500045776367,54.48249816894531,55.76499938964844,138449200
2019-10-03,55.20500183105469,55.2400016784668,53.782501220703125,54.60749816894531,114426000
2019-10-04,56.752498626708984,56.872501373291016,55.97249984741211,56.40999984741211,138478800
2019-10-07,56.76499938964844,57.48249816894531,56.459999084472656,56.567501068115234,122306000
2019-10-08,56.099998474121094,57.01499938964844,56.08250045776367,56.45500183105469,111820000
2019-10-09,56.75749969482422,56.9474983215332,56.40999984741211,56.75749969482422,74770400
2019-10-10,57.522499084472656,57.61000061035156,56.82500076293945,56.98249816894531,113013600
2019-10-11,59.0525016784668,59.40999984741211,58.07749938964844,58.23749923706055,166795600
2019-10-14,58.967498779296875,59.532501220703125,58.66749954223633,58.724998474121094,96427600
2019-10-15,58.83000183105469,59.412498474121094,58.720001220703125,59.09749984741211,87360000
2019-10-16,58.592498779296875,58.810001373291016,58.29999923706055,58.342498779296875,73903200
2019-10-17,58.81999969482422,59.037498474121094,58.380001068115234,58.772499084472656,67585200
2019-10-18,59.102500915527344,59.39500045776367,58.5724983215332,58.647499084472656,97433600
2019-10-21,60.127498626708984,60.247501373291016,59.33000183105469,59.380001068115234,87247200
2019-10-22,59.9900016784668,60.54999923706055,59.904998779296875,60.290000915527344,82293600
2019-10-23,60.79499816894531,60.810001373291016,60.30500030517578,60.525001525878906,75828800
2019-10-24,60.89500045776367,61.20000076293945,60.45249938964844,61.127498626708984,69275200
2019-10-25,61.64500045776367,61.682498931884766,60.720001220703125,60.790000915527344,73477200
2019-10-28,62.26250076293945,62.3125,61.68000030517578,61.85499954223633,96572800
2019-10-29,60.8224983215332,62.4375,60.64250183105469,62.24250030517578,142839600
2019-10-30,60.814998626708984,61.32500076293945,60.3025016784668,61.189998626708984,124522000
2019-10-31,62.189998626708984,62.29249954223633,59.314998626708984,61.810001373291016,139162000
2019-11-01,63.95500183105469,63.98249816894531,62.290000915527344,62.3849983215332,151125200
2019-11-04,64.375,64.4625015258789,63.845001220703125,64.3324966430664,103272000
2019-11-05,64.28250122070312,64.54750061035156,64.08000183105469,64.26249694824219,79897600
2019-11-06,64.30999755859375,64.37249755859375,63.842498779296875,64.19249725341797,75864400
2019-11-07,64.85749816894531,65.0875015258789,64.52749633789062,64.68499755859375,94940400
2019-11-08,65.03500366210938,65.11000061035156,64.2125015258789,64.67250061035156,69986400
2019-11-11,65.55000305175781,65.61750030517578,64.56999969482422,64.57499694824219,81821200
2019-11-12,65.48999786376953,65.69750213623047,65.2300033569336,65.38749694824219,87388800
2019-11-13,66.11750030517578,66.19499969482422,65.26750183105469,65.28250122070312,102734400
2019-11-14,65.66000366210938,66.22000122070312,65.5250015258789,65.9375,89182800
2019-11-15,66.44000244140625,66.44499969482422,65.75250244140625,65.91999816894531,100206400
2019-11-18,66.7750015258789,66.85749816894531,66.05750274658203,66.44999694824219,86703200
2019-11-19,66.57250213623047,67.0,66.34750366210938,66.9749984741211,76167200
2019-11-20,65.79750061035156,66.5199966430664,65.0999984741211,66.38500213623047,106234400
2019-11-21,65.50250244140625,66.00250244140625,65.29499816894531,65.92250061035156,121395200
2019-11-22,65.44499969482422,65.79499816894531,65.20999908447266,65.64749908447266,65325200
2019-11-25,66.59249877929688,66.61000061035156,65.62999725341797,65.67749786376953,84020400
2019-11-26,66.07250213623047,66.79000091552734,65.625,66.73500061035156,105207600
2019-11-27,66.95999908447266,66.99500274658203,66.32749938964844,66.3949966430664,65235600
2019-11-29,66.8125,67.0,66.4749984741211,66.6500015258789,46617600
2019-12-02,66.04000091552734,67.0625,65.86250305175781,66.81749725341797,94487200
2019-12-03,64.86250305175781,64.88249969482422,64.07250213623047,64.57749938964844,114430400
2019-12-04,65.43499755859375,65.82749938964844,65.16999816894531,65.26750183105469,67181600
2019-12-05,66.3949966430664,66.47250366210938,65.68250274658203,65.94750213623047,74424400
2019-12-06,67.67749786376953,67.75,66.82499694824219,66.87000274658203,106075600
2019-12-09,66.7300033569336,67.69999694824219,66.22750091552734,67.5,128042400
2019-12-10,67.12000274658203,67.51750183105469,66.46499633789062,67.1500015258789,90420400
2019-12-11,67.69249725341797,67.7750015258789,67.125,67.20249938964844,78756800
2019-12-12,67.86499786376953,68.13999938964844,66.83000183105469,66.94499969482422,137310400
2019-12-13,68.7874984741211,68.82499694824219,67.73249816894531,67.86499786376953,133587600
2019-12-16,69.96499633789062,70.19750213623047,69.24500274658203,69.25,128186000
2019-12-17,70.10250091552734,70.44249725341797,69.69999694824219,69.89250183105469,114158400
2019-12-18,69.93499755859375,70.4749984741211,69.77999877929688,69.94999694824219,116028400
2019-12-19,70.00499725341797,70.29499816894531,69.73750305175781,69.875,98369200
2019-12-20,69.86000061035156,70.6624984741211,69.63999938964844,70.55750274658203,275978000
2019-12-23,71.0,71.0625,70.09249877929688,70.13249969482422,98572000
2019-12-24,71.06749725341797,71.22250366210938,70.7300033569336,71.17250061035156,48478800
2019-12-26,72.47750091552734,72.49500274658203,71.17500305175781,71.20500183105469,93121200
2019-12-27,72.44999694824219,73.49250030517578,72.02999877929688,72.77999877929688,146266000
2019-12-30,72.87999725341797,73.17250061035156,71.30500030517578,72.36499786376953,144114400
2019-12-31,73.4124984741211,73.41999816894531,72.37999725341797,72.48249816894531,100805600
2020-01-02,75.0875015258789,75.1500015258789,73.79750061035156,74.05999755859375,135480400
2020-01-03,74.35749816894531,75.1449966430664,74.125,74.2874984741211,146322800
2020-01-06,74.94999694824219,74.98999786376953,73.1875,73.44750213623047,118387200
2020-01-07,74.59750366210938,75.2249984741211,74.37000274658203,74.95999908447266,108872000
2020-01-08,75.79750061035156,76.11000061035156,74.29000091552734,74.29000091552734,132079200
2020-01-09,77.40750122070312,77.60749816894531,76.55000305175781,76.80999755859375,170108400
2020-01-10,77.5824966430664,78.1675033569336,77.0625,77.6500015258789,140644800
2020-01-13,79.23999786376953,79.26750183105469,77.7874984741211,77.91000366210938,121532000
2020-01-14,78.16999816894531,79.39250183105469,78.0425033569336,79.17500305175781,161954400
2020-01-15,77.83499908447266,78.875,77.38749694824219,77.9625015258789,121923600
2020-01-16,78.80999755859375,78.92500305175781,78.02249908447266,78.39749908447266,108829200
2020-01-17,79.68250274658203,79.68499755859375,78.75,79.06749725341797,137816400
2020-01-21,79.14250183105469,79.75499725341797,79.0,79.29750061035156,110843200
2020-01-22,79.42500305175781,79.99749755859375,79.32749938964844,79.6449966430664,101832400
2020-01-23,79.80750274658203,79.88999938964844,78.9124984741211,79.4800033569336,104472000
2020-01-24,79.57749938964844,80.8324966430664,79.37999725341797,80.0625,146537600
2020-01-27,77.23750305175781,77.94249725341797,76.22000122070312,77.51499938964844,161940000
2020-01-28,79.42250061035156,79.5999984741211,78.04750061035156,78.1500015258789,162234000
2020-01-29,81.08499908447266,81.9625015258789,80.34500122070312,81.11250305175781,216229200
2020-01-30,80.96749877929688,81.02249908447266,79.6875,80.13500213623047,126743200
2020-01-31,77.37750244140625,80.66999816894531,77.07250213623047,80.23249816894531,199588400
2020-02-03,77.16500091552734,78.37249755859375,75.55500030517578,76.07499694824219,173788400
2020-02-04,79.7125015258789,79.91000366210938,78.40750122070312,78.82749938964844,136616400
2020-02-05,80.36250305175781,81.19000244140625,79.73750305175781,80.87999725341797,118826800
2020-02-06,81.30249786376953,81.30500030517578,80.06500244140625,80.64250183105469,105425600
2020-02-07,80.00749969482422,80.8499984741211,79.5,80.59249877929688,117684000
2020-02-10,80.38749694824219,80.38749694824219,78.4625015258789,78.54499816894531,109348800
2020-02-11,79.90249633789062,80.9749984741211,79.67749786376953,80.9000015258789,94323200
2020-02-12,81.80000305175781,81.80500030517578,80.36750030517578,80.36750030517578,113730400
2020-02-13,81.21749877929688,81.55500030517578,80.8375015258789,81.04750061035156,94747600
2020-02-14,81.23750305175781,81.49500274658203,80.7125015258789,81.18499755859375,80113600
2020-02-18,79.75,79.9375,78.65249633789062,78.83999633789062,152531200
2020-02-19,80.90499877929688,81.14250183105469,80.0,80.0,93984000
2020-02-20,80.07499694824219,81.1624984741211,79.55249786376953,80.65750122070312,100566000
2020-02-21,78.26249694824219,80.11250305175781,77.625,79.65499877929688,129554000
2020-02-24,74.54499816894531,76.04499816894531,72.30750274658203,74.31500244140625,222195200
2020-02-25,72.0199966430664,75.63249969482422,71.53250122070312,75.23750305175781,230673600
2020-02-26,73.1624984741211,74.47000122070312,71.625,71.63249969482422,198054800
2020-02-27,68.37999725341797,71.5,68.23999786376953,70.2750015258789,320605600
2020-02-28,68.33999633789062,69.60250091552734,64.09249877929688,64.31500244140625,426510000
2020-03-02,74.70249938964844,75.36000061035156,69.43000030517578,70.56999969482422,341397200
2020-03-03,72.33000183105469,76.0,71.44999694824219,75.9175033569336,319475600
2020-03-04,75.68499755859375,75.8499984741211,73.28250122070312,74.11000061035156,219178400
2020-03-05,73.2300033569336,74.88749694824219,72.85250091552734,73.87999725341797,187572800
2020-03-06,72.25749969482422,72.70500183105469,70.30750274658203,70.5,226176800
2020-03-09,66.5425033569336,69.52249908447266,65.75,65.9375,286744800
2020-03-10,71.33499908447266,71.61000061035156,67.34249877929688,69.28500366210938,285290000
2020-03-11,68.85749816894531,70.30500030517578,67.96499633789062,69.34750366210938,255598800
2020-03-12,62.057498931884766,67.5,62.0,63.98500061035156,418474000
2020-03-13,69.49250030517578,69.9800033569336,63.23749923706055,66.22250366210938,370732000
2020-03-16,60.5525016784668,64.7699966430664,60.0,60.48749923706055,322423600
2020-03-17,63.21500015258789,64.40249633789062,59.599998474121094,61.877498626708984,324056000
2020-03-18,61.66749954223633,62.5,59.279998779296875,59.942501068115234,300233600
2020-03-19,61.19499969482422,63.209999084472656,60.65250015258789,61.84749984741211,271857200
2020-03-20,57.310001373291016,62.95750045776367,57.0,61.79499816894531,401693200
2020-03-23,56.092498779296875,57.125,53.15250015258789,57.02000045776367,336752800
2020-03-24,61.720001220703125,61.92250061035156,58.57500076293945,59.09000015258789,287531200
2020-03-25,61.380001068115234,64.5625,61.07500076293945,62.6875,303602000
2020-03-26,64.61000061035156,64.66999816894531,61.59000015258789,61.630001068115234,252087200
2020-03-27,61.935001373291016,63.967498779296875,61.76250076293945,63.1875,204216800
2020-03-30,63.70249938964844,63.880001068115234,62.349998474121094,62.685001373291016,167976400
2020-03-31,63.5724983215332,65.62249755859375,63.0,63.900001525878906,197002000
2020-04-01,60.227500915527344,62.18000030517578,59.782501220703125,61.625,176218400
2020-04-02,61.23249816894531,61.287498474121094,59.224998474121094,60.084999084472656,165934000
2020-04-03,60.352500915527344,61.42499923706055,59.74250030517578,60.70000076293945,129880000
2020-04-06,65.61750030517578,65.77749633789062,62.345001220703125,62.724998474121094,201820400
2020-04-07,64.85749816894531,67.92500305175781,64.75,67.69999694824219,202887200
2020-04-08,66.51750183105469,66.84249877929688,65.30750274658203,65.68499755859375,168895200
2020-04-09,66.99749755859375,67.51750183105469,66.17500305175781,67.17500305175781,161834800
2020-04-13,68.3125,68.42500305175781,66.4574966430664,67.07749938964844,131022800
2020-04-14,71.76249694824219,72.0625,69.51249694824219,70.0,194994800
2020-04-15,71.10749816894531,71.5824966430664,70.15750122070312,70.5999984741211,131154400
2020-04-16,71.67250061035156,72.05000305175781,70.5875015258789,71.84500122070312,157125200
2020-04-17,70.69999694824219,71.73750305175781,69.21499633789062,71.17250061035156,215250000
2020-04-20,69.23249816894531,70.41999816894531,69.2125015258789,69.48750305175781,130015200
2020-04-21,67.09249877929688,69.3125,66.35749816894531,69.06999969482422,180991600
2020-04-22,69.0250015258789,69.4749984741211,68.05000305175781,68.40249633789062,116862400
2020-04-23,68.75749969482422,70.4375,68.71749877929688,68.96749877929688,124814400
2020-04-24,70.74250030517578,70.75250244140625,69.25,69.30000305175781,126161200
2020-04-27,70.7925033569336,71.13500213623047,69.98750305175781,70.44999694824219,117087600
2020-04-28,69.6449966430664,71.4574966430664,69.55000305175781,71.2699966430664,112004800
2020-04-29,71.93250274658203,72.4175033569336,70.97250366210938,71.18250274658203,137280800
2020-04-30,73.44999694824219,73.63249969482422,72.0875015258789,72.48999786376953,183064000
2020-05-01,72.26750183105469,74.75,71.4625015258789,71.5625,240616800
2020-05-04,73.29000091552734,73.42250061035156,71.58000183105469,72.2925033569336,133568000
2020-05-05,74.38999938964844,75.25,73.61499786376953,73.76499938964844,147751200
2020-05-06,75.15750122070312,75.80999755859375,74.71749877929688,75.11499786376953,142333600
2020-05-07,75.93499755859375,76.2925033569336,75.49250030517578,75.80500030517578,115215200
2020-05-08,77.53250122070312,77.5875015258789,76.07250213623047,76.41000366210938,133838400
2020-05-11,78.75250244140625,79.26249694824219,76.80999755859375,77.0250015258789,145946400
2020-05-12,77.85250091552734,79.92250061035156,77.72750091552734,79.4574966430664,162301200
2020-05-13,76.9124984741211,78.98750305175781,75.80249786376953,78.0374984741211,200622400
2020-05-14,77.38500213623047,77.44750213623047,75.38249969482422,76.12750244140625,158929200
2020-05-15,76.92749786376953,76.9749984741211,75.05249786376953,75.0875015258789,166348400
2020-05-18,78.73999786376953,79.125,77.58000183105469,78.2925033569336,135178400
2020-05-19,78.28500366210938,79.62999725341797,78.25250244140625,78.75749969482422,101729600
2020-05-20,79.80750274658203,79.87999725341797,79.12999725341797,79.16999816894531,111504800
2020-05-21,79.2125015258789,80.22250366210938,78.96749877929688,79.66500091552734,102688800
2020-05-22,79.72250366210938,79.80750274658203,78.8375015258789,78.94249725341797,81803200
2020-05-26,79.18250274658203,81.05999755859375,79.125,80.875,125522000
2020-05-27,79.52749633789062,79.67749786376953,78.27249908447266,79.03500366210938,112945200
2020-05-28,79.5625,80.86000061035156,78.90750122070312,79.19249725341797,133560800
2020-05-29,79.48500061035156,80.2874984741211,79.11750030517578,79.8125,153532400
2020-06-01,80.4625015258789,80.5875015258789,79.30249786376953,79.4375,80791200
2020-06-02,80.83499908447266,80.86000061035156,79.73249816894531,80.1875,87642800
2020-06-03,81.27999877929688,81.55000305175781,80.57499694824219,81.16500091552734,104491200
2020-06-04,80.58000183105469,81.40499877929688,80.19499969482422,81.09750366210938,87560400
2020-06-05,82.875,82.9375,80.80750274658203,80.8375015258789,137250400
2020-06-08,83.36499786376953,83.4000015258789,81.83000183105469,82.5625,95654400
2020-06-09,85.99749755859375,86.40249633789062,83.00250244140625,83.03500366210938,147712400
2020-06-10,88.20999908447266,88.69249725341797,86.52249908447266,86.9749984741211,166651600
2020-06-11,83.9749984741211,87.76499938964844,83.87000274658203,87.32749938964844,201662400
2020-06-12,84.69999694824219,86.94999694824219,83.55500030517578,86.18000030517578,200146000
2020-06-15,85.74749755859375,86.41999816894531,83.1449966430664,83.3125,138808800
2020-06-16,88.0199966430664,88.30000305175781,86.18000030517578,87.86499786376953,165428800
2020-06-17,87.89749908447266,88.8499984741211,87.77249908447266,88.7874984741211,114406400
2020-06-18,87.93250274658203,88.36250305175781,87.30500030517578,87.85250091552734,96820400
2020-06-19,87.43000030517578,89.13999938964844,86.2874984741211,88.66000366210938,264476000
2020-06-22,89.71749877929688,89.86499786376953,87.7874984741211,87.83499908447266,135445200
2020-06-23,91.63249969482422,93.09500122070312,90.56749725341797,91.0,212155600
2020-06-24,90.01499938964844,92.19750213623047,89.62999725341797,91.25,192623200
2020-06-25,91.20999908447266,91.25,89.39250183105469,90.17500305175781,137522400
2020-06-26,88.40750122070312,91.33000183105469,88.25499725341797,91.10250091552734,205256800
2020-06-29,90.44499969482422,90.5425033569336,87.81999969482422,88.3125,130646000
2020-06-30,91.19999694824219,91.49500274658203,90.0,90.0199966430664,140223200
2020-07-01,91.02749633789062,91.83999633789062,90.97750091552734,91.27999877929688,110737200
2020-07-02,91.02749633789062,92.61750030517578,90.91000366210938,91.9625015258789,114041600
2020-07-06,93.4625015258789,93.94499969482422,92.46749877929688,92.5,118655600
2020-07-07,93.17250061035156,94.65499877929688,93.05750274658203,93.85250091552734,112424400
2020-07-08,95.34249877929688,95.375,94.08999633789062,94.18000030517578,117092000
2020-07-09,95.75250244140625,96.31749725341797,94.67250061035156,96.26249694824219,125642800
2020-07-10,95.91999816894531,95.9800033569336,94.70500183105469,95.33499908447266,90257200
2020-07-13,95.47750091552734,99.95500183105469,95.25749969482422,97.26499938964844,191649200
2020-07-14,97.05750274658203,97.25499725341797,93.87750244140625,94.83999633789062,170989200
2020-07-15,97.7249984741211,99.24749755859375,96.48999786376953,98.98999786376953,153198000
2020-07-16,96.52249908447266,97.40499877929688,95.90499877929688,96.5625,110577600
2020-07-17,96.32749938964844,97.14749908447266,95.83999633789062,96.98750305175781,92186800
2020-07-20,98.35749816894531,98.5,96.0625,96.4175033569336,90318000
2020-07-21,97.0,99.25,96.74250030517578,99.17250061035156,103433200
2020-07-22,97.27249908447266,97.9749984741211,96.60250091552734,96.69249725341797,89001600
2020-07-23,92.84500122070312,97.07749938964844,92.01000213623047,96.99749755859375,197004400
2020-07-24,92.61499786376953,92.97000122070312,89.1449966430664,90.98750305175781,185438800
2020-07-27,94.80999755859375,94.90499877929688,93.4800033569336,93.70999908447266,121214000
2020-07-28,93.25250244140625,94.55000305175781,93.24749755859375,94.36750030517578,103625600
2020-07-29,95.04000091552734,95.2300033569336,93.7125015258789,93.75,90329200
2020-07-30,96.19000244140625,96.29750061035156,93.76750183105469,94.1875,158130000
2020-07-31,106.26000213623047,106.41500091552734,100.82499694824219,102.88500213623047,374336800
2020-08-03,108.9375,111.63749694824219,107.89250183105469,108.19999694824219,308151200
2020-08-04,109.66500091552734,110.79000091552734,108.38749694824219,109.13249969482422,173071600
2020-08-05,110.0625,110.39250183105469,108.89749908447266,109.37750244140625,121776800
2020-08-06,113.90249633789062,114.4124984741211,109.79750061035156,110.40499877929688,202428800
2020-08-07,111.11250305175781,113.67500305175781,110.2925033569336,113.20500183105469,198045600
2020-08-10,112.72750091552734,113.7750015258789,110.0,112.5999984741211,212403600
2020-08-11,109.375,112.48249816894531,109.10749816894531,111.97000122070312,187902400
2020-08-12,113.01000213623047,113.2750015258789,110.29750061035156,110.49749755859375,165598000
2020-08-13,115.01000213623047,116.0425033569336,113.92749786376953,114.43000030517578,210082000
2020-08-14,114.90750122070312,115.0,113.04499816894531,114.83000183105469,165565200
2020-08-17,114.60749816894531,116.0875015258789,113.9625015258789,116.0625,119561600
2020-08-18,115.5625,116.0,114.00749969482422,114.35250091552734,105633600
2020-08-19,115.7074966430664,117.1624984741211,115.61000061035156,115.98249816894531,145538000
2020-08-20,118.2750015258789,118.39250183105469,115.73249816894531,115.75,126907200
2020-08-21,124.37000274658203,124.86750030517578,119.25,119.26249694824219,338054800
2020-08-24,125.85749816894531,128.78500366210938,123.9375,128.69749450683594,345937600
2020-08-25,124.82499694824219,125.18000030517578,123.05249786376953,124.69750213623047,211495600
2020-08-26,126.52249908447266,126.99250030517578,125.0824966430664,126.18000030517578,163022400
2020-08-27,125.01000213623047,127.48500061035156,123.8324966430664,127.14250183105469,155552400
2020-08-28,124.80750274658203,126.44249725341797,124.57749938964844,126.01249694824219,187630000
2020-08-31,129.0399932861328,131.0,126.0,127.58000183105469,225702700
2020-09-01,134.17999267578125,134.8000030517578,130.52999877929688,132.75999450683594,151948100
2020-09-02,131.39999389648438,137.97999572753906,127.0,137.58999633789062,200119000
2020-09-03,120.87999725341797,128.83999633789062,120.5,126.91000366210938,257599600
2020-09-04,120.95999908447266,123.69999694824219,110.88999938964844,120.06999969482422,332607200
2020-09-08,112.81999969482422,118.98999786376953,112.68000030517578,113.94999694824219,231366600
2020-09-09,117.31999969482422,119.13999938964844,115.26000213623047,117.26000213623047,176940500
2020-09-10,113.48999786376953,120.5,112.5,120.36000061035156,182274400
2020-09-11,112.0,115.2300033569336,110.0,114.56999969482422,180860300
2020-09-14,115.36000061035156,115.93000030517578,112.80000305175781,114.72000122070312,140150100
2020-09-15,115.54000091552734,118.83000183105469,113.61000061035156,118.33000183105469,184642000
2020-09-16,112.12999725341797,116.0,112.04000091552734,115.2300033569336,154679000
2020-09-17,110.33999633789062,112.19999694824219,108.70999908447266,109.72000122070312,178011000
2020-09-18,106.83999633789062,110.87999725341797,106.08999633789062,110.4000015258789,287104900
2020-09-21,110.08000183105469,110.19000244140625,103.0999984741211,104.54000091552734,195713800
2020-09-22,111.80999755859375,112.86000061035156,109.16000366210938,112.68000030517578,183055400
2020-09-23,107.12000274658203,112.11000061035156,106.7699966430664,111.62000274658203,150718700
2020-09-24,108.22000122070312,110.25,105.0,105.16999816894531,167743300
2020-09-25,112.27999877929688,112.44000244140625,107.66999816894531,108.43000030517578,149981400
2020-09-28,114.95999908447266,115.31999969482422,112.77999877929688,115.01000213623047,137672400
2020-09-29,114.08999633789062,115.30999755859375,113.56999969482422,114.55000305175781,99382200
2020-09-30,115.80999755859375,117.26000213623047,113.62000274658203,113.79000091552734,142675200
2020-10-01,116.79000091552734,117.72000122070312,115.83000183105469,117.63999938964844,116120400
2020-10-02,113.0199966430664,115.37000274658203,112.22000122070312,112.88999938964844,144712000
2020-10-05,116.5,116.6500015258789,113.55000305175781,113.91000366210938,106243800
2020-10-06,113.16000366210938,116.12000274658203,112.25,115.69999694824219,161498200
2020-10-07,115.08000183105469,115.55000305175781,114.12999725341797,114.62000274658203,96849000
2020-10-08,114.97000122070312,116.4000015258789,114.58999633789062,116.25,83477200
2020-10-09,116.97000122070312,117.0,114.91999816894531,115.27999877929688,100506900
2020-10-12,124.4000015258789,125.18000030517578,119.27999877929688,120.05999755859375,240226800
2020-10-13,121.0999984741211,125.38999938964844,119.6500015258789,125.2699966430664,262330500
2020-10-14,121.19000244140625,123.02999877929688,119.62000274658203,121.0,150712000
2020-10-15,120.70999908447266,121.19999694824219,118.1500015258789,118.72000122070312,112559200
2020-10-16,119.0199966430664,121.55000305175781,118.80999755859375,121.27999877929688,115393800
2020-10-19,115.9800033569336,120.41999816894531,115.66000366210938,119.95999908447266,120639300
2020-10-20,117.51000213623047,118.9800033569336,115.62999725341797,116.19999694824219,124423700
2020-10-21,116.87000274658203,118.70999908447266,116.44999694824219,116.66999816894531,89946000
2020-10-22,115.75,118.04000091552734,114.58999633789062,117.44999694824219,101988000
2020-10-23,115.04000091552734,116.55000305175781,114.27999877929688,116.38999938964844,82572600
2020-10-26,115.05000305175781,116.55000305175781,112.87999725341797,114.01000213623047,111850700
2020-10-27,116.5999984741211,117.27999877929688,114.54000091552734,115.48999786376953,92276800
2020-10-28,111.19999694824219,115.43000030517578,111.0999984741211,115.05000305175781,143937800
2020-10-29,115.31999969482422,116.93000030517578,112.19999694824219,112.37000274658203,146129200
2020-10-30,108.86000061035156,111.98999786376953,107.72000122070312,111.05999755859375,190272600
2020-11-02,108.7699966430664,110.68000030517578,107.31999969482422,109.11000061035156,122866900
2020-11-03,110.44000244140625,111.48999786376953,108.7300033569336,109.66000366210938,107624400
2020-11-04,114.94999694824219,115.58999633789062,112.3499984741211,114.13999938964844,138235500
2020-11-05,119.02999877929688,119.62000274658203,116.87000274658203,117.94999694824219,126387100
2020-11-06,118.69000244140625,119.19999694824219,116.12999725341797,118.31999969482422,114457900
2020-11-09,116.31999969482422,121.98999786376953,116.05000305175781,120.5,154515300
2020-11-10,115.97000122070312,117.58999633789062,114.12999725341797,115.55000305175781,138023400
2020-11-11,119.48999786376953,119.62999725341797,116.44000244140625,117.19000244140625,112295000
2020-11-12,119.20999908447266,120.52999877929688,118.56999969482422,119.62000274658203,103162300
2020-11-13,119.26000213623047,119.66999816894531,117.87000274658203,119.44000244140625,81581900
2020-11-16,120.30000305175781,120.98999786376953,118.1500015258789,118.91999816894531,91183000
2020-11-17,119.38999938964844,120.66999816894531,118.95999908447266,119.55000305175781,74271000
2020-11-18,118.02999877929688,119.81999969482422,118.0,118.61000061035156,76322100
2020-11-19,118.63999938964844,119.05999755859375,116.80999755859375,117.58999633789062,74113000
2020-11-20,117.33999633789062,118.7699966430664,117.29000091552734,118.63999938964844,73604300
2020-11-23,113.8499984741211,117.62000274658203,113.75,117.18000030517578,127959300
2020-11-24,115.16999816894531,115.8499984741211,112.58999633789062,113.91000366210938,113874200
2020-11-25,116.02999877929688,116.75,115.16999816894531,115.55000305175781,76499200
2020-11-27,116.58999633789062,117.48999786376953,116.22000122070312,116.56999969482422,46691300
2020-11-30,119.05000305175781,120.97000122070312,116.80999755859375,116.97000122070312,169410200
2020-12-01,122.72000122070312,123.47000122070312,120.01000213623047,121.01000213623047,127728200
2020-12-02,123.08000183105469,123.37000274658203,120.88999938964844,122.0199966430664,89004200
2020-12-03,122.94000244140625,123.77999877929688,122.20999908447266,123.5199966430664,78967600
2020-12-04,122.25,122.86000061035156,121.5199966430664,122.5999984741211,78260400
2020-12-07,123.75,124.56999969482422,122.25,122.30999755859375,86712000
2020-12-08,124.37999725341797,124.9800033569336,123.08999633789062,124.37000274658203,82225500
2020-12-09,121.77999877929688,125.94999694824219,121.0,124.52999877929688,115089200
2020-12-10,123.23999786376953,123.87000274658203,120.1500015258789,120.5,81312200
2020-12-11,122.41000366210938,122.76000213623047,120.55000305175781,122.43000030517578,86939800
2020-12-14,121.77999877929688,123.3499984741211,121.54000091552734,122.5999984741211,79184500
2020-12-15,127.87999725341797,127.9000015258789,124.12999725341797,124.33999633789062,157243700
2020-12-16,127.80999755859375,128.3699951171875,126.55999755859375,127.41000366210938,98208600
2020-12-17,128.6999969482422,129.5800018310547,128.0399932861328,128.89999389648438,94359800
2020-12-18,126.66000366210938,129.10000610351562,126.12000274658203,128.9600067138672,192541500
2020-12-21,128.22999572753906,128.30999755859375,123.44999694824219,125.0199966430664,121251600
2020-12-22,131.8800048828125,134.41000366210938,129.64999389648438,131.61000061035156,168904800
2020-12-23,130.9600067138672,132.42999267578125,130.77999877929688,132.16000366210938,88223700
2020-12-24,131.97000122070312,133.4600067138672,131.10000610351562,131.32000732421875,54930100
2020-12-28,136.69000244140625,137.33999633789062,133.50999450683594,133.99000549316406,124486200
2020-12-29,134.8699951171875,138.7899932861328,134.33999633789062,138.0500030517578,121047300
2020-12-30,133.72000122070312,135.99000549316406,133.39999389648438,135.5800018310547,96452100
2020-12-31,132.69000244140625,134.74000549316406,131.72000122070312,134.0800018310547,99116600
2021-01-04,129.41000366210938,133.61000061035156,126.76000213623047,133.52000427246094,143301900
2021-01-05,131.00999450683594,131.74000549316406,128.42999267578125,128.88999938964844,97664900
2021-01-06,126.5999984741211,131.0500030517578,126.37999725341797,127.72000122070312,155088000
2021-01-07,130.9199981689453,131.6300048828125,127.86000061035156,128.36000061035156,109578200
2021-01-08,132.0500030517578,132.6300048828125,130.22999572753906,132.42999267578125,105158200
2021-01-11,128.97999572753906,130.1699981689453,128.5,129.19000244140625,100384500
2021-01-12,128.8000030517578,129.69000244140625,126.86000061035156,128.5,91951100
2021-01-13,130.88999938964844,131.4499969482422,128.49000549316406,128.75999450683594,88636800
2021-01-14,128.91000366210938,131.0,128.75999450683594,130.8000030517578,90221800
2021-01-15,127.13999938964844,130.22000122070312,127.0,128.77999877929688,111598500
2021-01-19,127.83000183105469,128.7100067138672,126.94000244140625,127.77999877929688,90757300
2021-01-20,132.02999877929688,132.49000549316406,128.5500030517578,128.66000366210938,104319500
2021-01-21,136.8699951171875,139.6699981689453,133.58999633789062,133.8000030517578,120150900
2021-01-22,139.07000732421875,139.85000610351562,135.02000427246094,136.27999877929688,114459400
2021-01-25,142.9199981689453,145.08999633789062,136.5399932861328,143.07000732421875,157611700
2021-01-26,143.16000366210938,144.3000030517578,141.3699951171875,143.60000610351562,98390600
2021-01-27,142.05999755859375,144.3000030517578,140.41000366210938,143.42999267578125,140843800
2021-01-28,137.08999633789062,141.99000549316406,136.6999969482422,139.52000427246094,142621100
2021-01-29,131.9600067138672,136.74000549316406,130.2100067138672,135.8300018310547,177523800
2021-02-01,134.13999938964844,135.3800048828125,130.92999267578125,133.75,106239800
2021-02-02,134.99000549316406,136.30999755859375,134.61000061035156,135.72999572753906,83305400
2021-02-03,133.94000244140625,135.77000427246094,133.61000061035156,135.75999450683594,89880900
2021-02-04,137.38999938964844,137.39999389648438,134.58999633789062,136.3000030517578,84183100
2021-02-05,136.75999450683594,137.4199981689453,135.86000061035156,137.35000610351562,75693800
2021-02-08,136.91000366210938,136.9600067138672,134.9199981689453,136.02999877929688,71297200
2021-02-09,136.00999450683594,137.8800048828125,135.85000610351562,136.6199951171875,76774200
2021-02-10,135.38999938964844,136.99000549316406,134.39999389648438,136.47999572753906,73046600
2021-02-11,135.1300048828125,136.38999938964844,133.77000427246094,135.89999389648438,64280000
2021-02-12,135.3699951171875,135.52999877929688,133.69000244140625,134.35000610351562,60145100
2021-02-16,133.19000244140625,136.00999450683594,132.7899932861328,135.49000549316406,80576300
2021-02-17,130.83999633789062,132.22000122070312,129.47000122070312,131.25,97918500
2021-02-18,129.7100067138672,130.0,127.41000366210938,129.1999969482422,96856700
2021-02-19,129.8699951171875,130.7100067138672,128.8000030517578,130.24000549316406,87668800
2021-02-22,126.0,129.72000122070312,125.5999984741211,128.00999450683594,103916400
2021-02-23,125.86000061035156,126.70999908447266,118.38999938964844,123.76000213623047,158273000
2021-02-24,125.3499984741211,125.55999755859375,122.2300033569336,124.94000244140625,111039900
2021-02-25,120.98999786376953,126.45999908447266,120.54000091552734,124.68000030517578,148199500
2021-02-26,121.26000213623047,124.8499984741211,121.19999694824219,122.58999633789062,164560400
2021-03-01,127.79000091552734,127.93000030517578,122.79000091552734,123.75,116307900
2021-03-02,125.12000274658203,128.72000122070312,125.01000213623047,128.41000366210938,102260900
2021-03-03,122.05999755859375,125.70999908447266,121.83999633789062,124.80999755859375,112966300
2021-03-04,120.12999725341797,123.5999984741211,118.62000274658203,121.75,178155000
2021-03-05,121.41999816894531,121.94000244140625,117.56999969482422,120.9800033569336,153766600
2021-03-08,116.36000061035156,121.0,116.20999908447266,120.93000030517578,154376600
2021-03-09,121.08999633789062,122.05999755859375,118.79000091552734,119.02999877929688,129525800
2021-03-10,119.9800033569336,122.16999816894531,119.44999694824219,121.69000244140625,111943300
2021-03-11,121.95999908447266,123.20999908447266,121.26000213623047,122.54000091552734,103026500
2021-03-12,121.02999877929688,121.16999816894531,119.16000366210938,120.4000015258789,88105100
2021-03-15,123.98999786376953,124.0,120.41999816894531,121.41000366210938,92403800
2021-03-16,125.56999969482422,127.22000122070312,124.72000122070312,125.69999694824219,115227900
2021-03-17,124.76000213623047,125.86000061035156,122.33999633789062,124.05000305175781,111932600
2021-03-18,120.52999877929688,123.18000030517578,120.31999969482422,122.87999725341797,121229700
2021-03-19,119.98999786376953,121.43000030517578,119.68000030517578,119.9000015258789,185549500
2021-03-22,123.38999938964844,123.87000274658203,120.26000213623047,120.33000183105469,111912300
2021-03-23,122.54000091552734,124.23999786376953,122.13999938964844,123.33000183105469,95467100
2021-03-24,120.08999633789062,122.9000015258789,120.06999969482422,122.81999969482422,88530500
2021-03-25,120.58999633789062,121.66000366210938,119.0,119.54000091552734,98844700
2021-03-26,121.20999908447266,121.4800033569336,118.91999816894531,120.3499984741211,94071200
2021-03-29,121.38999938964844,122.58000183105469,120.7300033569336,121.6500015258789,80819200
2021-03-30,119.9000015258789,120.4000015258789,118.86000061035156,120.11000061035156,85671900
2021-03-31,122.1500015258789,123.5199966430664,121.1500015258789,121.6500015258789,118323800
2021-04-01,123.0,124.18000030517578,122.48999786376953,123.66000366210938,75089100
2021-04-05,125.9000015258789,126.16000366210938,123.06999969482422,123.87000274658203,88651200
2021-04-06,126.20999908447266,127.12999725341797,125.6500015258789,126.5,80171300
2021-04-07,127.9000015258789,127.91999816894531,125.13999938964844,125.83000183105469,83466700
2021-04-08,130.36000061035156,130.38999938964844,128.52000427246094,128.9499969482422,88844600
2021-04-09,133.0,133.0399932861328,129.47000122070312,129.8000030517578,106686700
2021-04-12,131.24000549316406,132.85000610351562,130.6300048828125,132.52000427246094,91420000
2021-04-13,134.42999267578125,134.66000366210938,131.92999267578125,132.44000244140625,91266500
2021-04-14,132.02999877929688,135.0,131.66000366210938,134.94000244140625,87222800
2021-04-15,134.5,135.0,133.63999938964844,133.82000732421875,89347100
2021-04-16,134.16000366210938,134.6699981689453,133.27999877929688,134.3000030517578,84922400
2021-04-19,134.83999633789062,135.47000122070312,133.33999633789062,133.50999450683594,94264200
2021-04-20,133.11000061035156,135.52999877929688,131.80999755859375,135.02000427246094,94812300
2021-04-21,133.5,133.75,131.3000030517578,132.36000061035156,68847100
2021-04-22,131.94000244140625,134.14999389648438,131.41000366210938,133.0399932861328,84566500
2021-04-23,134.32000732421875,135.1199951171875,132.16000366210938,132.16000366210938,78657500
2021-04-26,134.72000122070312,135.05999755859375,133.55999755859375,134.8300018310547,66905100
2021-04-27,134.38999938964844,135.41000366210938,134.11000061035156,135.00999450683594,66015800
2021-04-28,133.5800018310547,135.02000427246094,133.0800018310547,134.30999755859375,107760100
2021-04-29,133.47999572753906,137.07000732421875,132.4499969482422,136.47000122070312,151101000
2021-04-30,131.4600067138672,133.55999755859375,131.07000732421875,131.77999877929688,109839500
2021-05-03,132.5399932861328,134.07000732421875,131.8300018310547,132.0399932861328,75135100
2021-05-04,127.8499984741211,131.49000549316406,126.69999694824219,131.19000244140625,137564700
2021-05-05,128.10000610351562,130.4499969482422,127.97000122070312,129.1999969482422,84000900
2021-05-06,129.74000549316406,129.75,127.12999725341797,127.88999938964844,78128300
2021-05-07,130.2100067138672,131.25999450683594,129.47999572753906,130.85000610351562,78973300
2021-05-10,126.8499984741211,129.5399932861328,126.80999755859375,129.41000366210938,88071200
2021-05-11,125.91000366210938,126.2699966430664,122.7699966430664,123.5,126142800
2021-05-12,122.7699966430664,124.63999938964844,122.25,123.4000015258789,112172300
2021-05-13,124.97000122070312,126.1500015258789,124.26000213623047,124.58000183105469,105861300
2021-05-14,127.44999694824219,127.88999938964844,125.8499984741211,126.25,81918000
2021-05-17,126.2699966430664,126.93000030517578,125.16999816894531,126.81999969482422,74244600
2021-05-18,124.8499984741211,126.98999786376953,124.77999877929688,126.55999755859375,63342900
2021-05-19,124.69000244140625,124.91999816894531,122.86000061035156,123.16000366210938,92612000
2021-05-20,127.30999755859375,127.72000122070312,125.0999984741211,125.2300033569336,76857100
2021-05-21,125.43000030517578,128.0,125.20999908447266,127.81999969482422,79295400
2021-05-24,127.0999984741211,127.94000244140625,125.94000244140625,126.01000213623047,63092900
2021-05-25,126.9000015258789,128.32000732421875,126.31999969482422,127.81999969482422,72009500
2021-05-26,126.8499984741211,127.38999938964844,126.41999816894531,126.95999908447266,56575900
2021-05-27,125.27999877929688,127.63999938964844,125.08000183105469,126.44000244140625,94625600
2021-05-28,124.61000061035156,125.80000305175781,124.55000305175781,125.56999969482422,71311100
2021-06-01,124.27999877929688,125.3499984741211,123.94000244140625,125.08000183105469,67637100
2021-06-02,125.05999755859375,125.23999786376953,124.05000305175781,124.27999877929688,59278900
2021-06-03,123.54000091552734,124.8499984741211,123.12999725341797,124.68000030517578,76229200
2021-06-04,125.88999938964844,126.16000366210938,123.8499984741211,124.06999969482422,75169300
2021-06-07,125.9000015258789,126.31999969482422,124.83000183105469,126.16999816894531,71057600
2021-06-08,126.73999786376953,128.4600067138672,126.20999908447266,126.5999984741211,74403800
2021-06-09,127.12999725341797,127.75,126.5199966430664,127.20999908447266,56877900
2021-06-10,126.11000061035156,128.19000244140625,125.94000244140625,127.0199966430664,71186400
2021-06-11,127.3499984741211,127.44000244140625,126.0999984741211,126.52999877929688,53522400
2021-06-14,130.47999572753906,130.5399932861328,127.06999969482422,127.81999969482422,96906500
2021-06-15,129.63999938964844,130.60000610351562,129.38999938964844,129.94000244140625,62746300
2021-06-16,130.14999389648438,130.88999938964844,128.4600067138672,130.3699951171875,91815000
2021-06-17,131.7899932861328,132.5500030517578,129.64999389648438,129.8000030517578,96721700
2021-06-18,130.4600067138672,131.50999450683594,130.24000549316406,130.7100067138672,108953300
2021-06-21,132.3000030517578,132.41000366210938,129.2100067138672,130.3000030517578,79663300
2021-06-22,133.97999572753906,134.0800018310547,131.6199951171875,132.1300048828125,74783600
2021-06-23,133.6999969482422,134.32000732421875,133.22999572753906,133.77000427246094,60214200
2021-06-24,133.41000366210938,134.63999938964844,132.92999267578125,134.4499969482422,68711000
2021-06-25,133.11000061035156,133.88999938964844,132.80999755859375,133.4600067138672,70783700
2021-06-28,134.77999877929688,135.25,133.35000610351562,133.41000366210938,62111300
2021-06-29,136.3300018310547,136.49000549316406,134.35000610351562,134.8000030517578,64556100
2021-06-30,136.9600067138672,137.41000366210938,135.8699951171875,136.1699981689453,63261400
2021-07-01,137.27000427246094,137.3300018310547,135.75999450683594,136.60000610351562,52485800
2021-07-02,139.9600067138672,140.0,137.75,137.89999389648438,78852600
2021-07-06,142.02000427246094,143.14999389648438,140.07000732421875,140.07000732421875,108181800
2021-07-07,144.57000732421875,144.88999938964844,142.66000366210938,143.5399932861328,104911600
2021-07-08,143.24000549316406,144.05999755859375,140.6699981689453,141.5800018310547,105575500
2021-07-09,145.11000061035156,145.64999389648438,142.64999389648438,142.75,99890800
2021-07-12,144.5,146.32000732421875,144.0,146.2100067138672,76299700
2021-07-13,145.63999938964844,147.4600067138672,143.6300048828125,144.02999877929688,100827100
2021-07-14,149.14999389648438,149.57000732421875,147.67999267578125,148.10000610351562,127050800
2021-07-15,148.47999572753906,150.0,147.08999633789062,149.24000549316406,106820300
2021-07-16,146.38999938964844,149.75999450683594,145.8800048828125,148.4600067138672,93251400
2021-07-19,142.4499969482422,144.07000732421875,141.6699981689453,143.75,121434600
2021-07-20,146.14999389648438,147.10000610351562,142.9600067138672,143.4600067138672,96350000
2021-07-21,145.39999389648438,146.1300048828125,144.6300048828125,145.52999877929688,74993500
2021-07-22,146.8000030517578,148.1999969482422,145.80999755859375,145.94000244140625,77338200
2021-07-23,148.55999755859375,148.72000122070312,146.9199981689453,147.5500030517578,71447400
2021-07-26,148.99000549316406,149.8300018310547,147.6999969482422,148.27000427246094,72434100
2021-07-27,146.77000427246094,149.2100067138672,145.5500030517578,149.1199951171875,104818600
2021-07-28,144.97999572753906,146.97000122070312,142.5399932861328,144.80999755859375,118931200
2021-07-29,145.63999938964844,146.5500030517578,144.5800018310547,144.69000244140625,56699500
2021-07-30,145.86000061035156,146.3300018310547,144.11000061035156,144.3800048828125,70440600
2021-08-02,145.52000427246094,146.9499969482422,145.25,146.36000061035156,62880000
2021-08-03,147.36000061035156,148.0399932861328,145.17999267578125,145.80999755859375,64786600
2021-08-04,146.9499969482422,147.7899932861328,146.27999877929688,147.27000427246094,56368300
2021-08-05,147.05999755859375,147.83999633789062,146.1699981689453,146.97999572753906,46397700
2021-08-06,146.13999938964844,147.11000061035156,145.6300048828125,146.35000610351562,54126800
2021-08-09,146.08999633789062,146.6999969482422,145.52000427246094,146.1999969482422,48908700
2021-08-10,145.60000610351562,147.7100067138672,145.3000030517578,146.44000244140625,69023100
2021-08-11,145.86000061035156,146.72000122070312,145.52999877929688,146.0500030517578,48493500
2021-08-12,148.88999938964844,149.0500030517578,145.83999633789062,146.19000244140625,72282600
2021-08-13,149.10000610351562,149.44000244140625,148.27000427246094,148.97000122070312,59375000
2021-08-16,151.1199951171875,151.19000244140625,146.47000122070312,148.5399932861328,103296000
2021-08-17,150.19000244140625,151.67999267578125,149.08999633789062,150.22999572753906,92229700
2021-08-18,146.36000061035156,150.72000122070312,146.14999389648438,149.8000030517578,86326000
2021-08-19,146.6999969482422,148.0,144.5,145.02999877929688,86960300
2021-08-20,148.19000244140625,148.5,146.77999877929688,147.44000244140625,60549600
2021-08-23,149.7100067138672,150.19000244140625,147.88999938964844,148.30999755859375,60131800
2021-08-24,149.6199951171875,150.86000061035156,149.14999389648438,149.4499969482422,48606400
2021-08-25,148.36000061035156,150.32000732421875,147.8000030517578,149.80999755859375,58991300
2021-08-26,147.5399932861328,149.1199951171875,147.50999450683594,148.35000610351562,48597200
2021-08-27,148.60000610351562,148.75,146.8300018310547,147.47999572753906,55802400
2021-08-30,153.1199951171875,153.49000549316406,148.61000061035156,149.0,90956700
2021-08-31,151.8300018310547,152.8000030517578,151.2899932861328,152.66000366210938,86453100
2021-09-01,152.50999450683594,154.97999572753906,152.33999633789062,152.8300018310547,80313700
2021-09-02,153.64999389648438,154.72000122070312,152.39999389648438,153.8699951171875,71115500
2021-09-03,154.3000030517578,154.6300048828125,153.08999633789062,153.75999450683594,57808700
2021-09-07,156.69000244140625,157.25999450683594,154.38999938964844,154.97000122070312,82278300
2021-09-08,155.11000061035156,157.0399932861328,153.97999572753906,156.97999572753906,74420200
2021-09-09,154.07000732421875,156.11000061035156,153.9499969482422,155.49000549316406,57305700
2021-09-10,148.97000122070312,155.47999572753906,148.6999969482422,155.0,140893200
2021-09-13,149.5500030517578,151.4199981689453,148.75,150.6300048828125,102404300
2021-09-14,148.1199951171875,151.07000732421875,146.91000366210938,150.35000610351562,109296300
2021-09-15,149.02999877929688,149.44000244140625,146.3699951171875,148.55999755859375,83281300
2021-09-16,148.7899932861328,148.97000122070312,147.22000122070312,148.44000244140625,68034100
2021-09-17,146.05999755859375,148.82000732421875,145.75999450683594,148.82000732421875,129868800
2021-09-20,142.94000244140625,144.83999633789062,141.27000427246094,143.8000030517578,123478900
2021-09-21,143.42999267578125,144.60000610351562,142.77999877929688,143.92999267578125,75834000
2021-09-22,145.85000610351562,146.42999267578125,143.6999969482422,144.4499969482422,76404300
2021-09-23,146.8300018310547,147.0800018310547,145.63999938964844,146.64999389648438,64838200
2021-09-24,146.9199981689453,147.47000122070312,145.55999755859375,145.66000366210938,53477900
2021-09-27,145.3699951171875,145.9600067138672,143.82000732421875,145.47000122070312,74150700
2021-09-28,141.91000366210938,144.75,141.69000244140625,143.25,108972300
2021-09-29,142.8300018310547,144.4499969482422,142.02999877929688,142.47000122070312,74602000
2021-09-30,141.5,144.3800048828125,141.27999877929688,143.66000366210938,89056700
2021-10-01,142.64999389648438,142.9199981689453,139.11000061035156,141.89999389648438,94639600
2021-10-04,139.13999938964844,142.2100067138672,138.27000427246094,141.75999450683594,98322000
2021-10-05,141.11000061035156,142.24000549316406,139.36000061035156,139.49000549316406,80861100
2021-10-06,142.0,142.14999389648438,138.3699951171875,139.47000122070312,83221100
2021-10-07,143.2899932861328,144.22000122070312,142.72000122070312,143.05999755859375,61732700
2021-10-08,142.89999389648438,144.17999267578125,142.55999755859375,144.02999877929688,58773200
2021-10-11,142.80999755859375,144.80999755859375,141.80999755859375,142.27000427246094,64452200
2021-10-12,141.50999450683594,143.25,141.0399932861328,143.22999572753906,73035900
2021-10-13,140.91000366210938,141.39999389648438,139.1999969482422,141.24000549316406,78762700
2021-10-14,143.75999450683594,143.8800048828125,141.50999450683594,142.11000061035156,69907100
2021-10-15,144.83999633789062,144.89999389648438,143.50999450683594,143.77000427246094,67940300
2021-10-18,146.5500030517578,146.83999633789062,143.16000366210938,143.4499969482422,85589200
2021-10-19,148.75999450683594,149.1699981689453,146.5500030517578,147.00999450683594,76378900
2021-10-20,149.25999450683594,149.75,148.1199951171875,148.6999969482422,58418800
2021-10-21,149.47999572753906,149.63999938964844,147.8699951171875,148.80999755859375,61421000
2021-10-22,148.69000244140625,150.17999267578125,148.63999938964844,149.69000244140625,58883400
2021-10-25,148.63999938964844,149.3699951171875,147.6199951171875,148.67999267578125,50720600
2021-10-26,149.32000732421875,150.83999633789062,149.00999450683594,149.3300018310547,60893400
2021-10-27,148.85000610351562,149.72999572753906,148.49000549316406,149.36000061035156,56094900
2021-10-28,152.57000732421875,153.1699981689453,149.72000122070312,149.82000732421875,100077900
2021-10-29,149.8000030517578,149.94000244140625,146.41000366210938,147.22000122070312,124953200
2021-11-01,148.9600067138672,149.6999969482422,147.8000030517578,148.99000549316406,74588300
2021-11-02,150.02000427246094,151.57000732421875,148.64999389648438,148.66000366210938,69122000
2021-11-03,151.49000549316406,151.97000122070312,149.82000732421875,150.38999938964844,54511500
2021-11-04,150.9600067138672,152.42999267578125,150.63999938964844,151.5800018310547,60394600
2021-11-05,151.27999877929688,152.1999969482422,150.05999755859375,151.88999938964844,65463900
2021-11-08,150.44000244140625,151.57000732421875,150.16000366210938,151.41000366210938,55020900
2021-11-09,150.80999755859375,151.42999267578125,150.05999755859375,150.1999969482422,56787900
2021-11-10,147.9199981689453,150.1300048828125,147.85000610351562,150.02000427246094,65187100
2021-11-11,147.8699951171875,149.42999267578125,147.67999267578125,148.9600067138672,41000000
2021-11-12,149.99000549316406,150.39999389648438,147.47999572753906,148.42999267578125,63804000
2021-11-15,150.0,151.8800048828125,149.42999267578125,150.3699951171875,59222800
2021-11-16,151.0,151.49000549316406,149.33999633789062,149.94000244140625,59256200
2021-11-17,153.49000549316406,155.0,150.99000549316406,151.0,88807000
2021-11-18,157.8699951171875,158.6699981689453,153.0500030517578,153.7100067138672,137827700
2021-11-19,160.5500030517578,161.02000427246094,156.52999877929688,157.64999389648438,117305600
2021-11-22,161.02000427246094,165.6999969482422,161.0,161.67999267578125,117467900
2021-11-23,161.41000366210938,161.8000030517578,159.05999755859375,161.1199951171875,96041900
2021-11-24,161.94000244140625,162.13999938964844,159.63999938964844,160.75,69463600
2021-11-26,156.80999755859375,160.4499969482422,156.36000061035156,159.57000732421875,76959800
2021-11-29,160.24000549316406,161.19000244140625,158.7899932861328,159.3699951171875,88748200
2021-11-30,165.3000030517578,165.52000427246094,159.9199981689453,159.99000549316406,174048100
2021-12-01,164.77000427246094,170.3000030517578,164.52999877929688,167.47999572753906,152052500
2021-12-02,163.75999450683594,164.1999969482422,157.8000030517578,158.74000549316406,136739200
2021-12-03,161.83999633789062,164.9600067138672,159.72000122070312,164.02000427246094,118023100
2021-12-06,165.32000732421875,167.8800048828125,164.27999877929688,164.2899932861328,107497000
2021-12-07,171.17999267578125,171.5800018310547,168.33999633789062,169.0800018310547,120405400
2021-12-08,175.0800018310547,175.9600067138672,170.6999969482422,172.1300048828125,116998900
2021-12-09,174.55999755859375,176.75,173.9199981689453,174.91000366210938,108923700
2021-12-10,179.4499969482422,179.6300048828125,174.69000244140625,175.2100067138672,115402700
2021-12-13,175.74000549316406,182.1300048828125,175.52999877929688,181.1199951171875,153237000
2021-12-14,174.3300018310547,177.74000549316406,172.2100067138672,175.25,139380400
2021-12-15,179.3000030517578,179.5,172.30999755859375,175.11000061035156,131063300
2021-12-16,172.25999450683594,181.13999938964844,170.75,179.27999877929688,150185800
2021-12-17,171.13999938964844,173.47000122070312,169.69000244140625,169.92999267578125,195432700
2021-12-20,169.75,170.5800018310547,167.4600067138672,168.27999877929688,107499100
2021-12-21,172.99000549316406,173.1999969482422,169.1199951171875,171.55999755859375,91185900
2021-12-22,175.63999938964844,175.86000061035156,172.14999389648438,173.0399932861328,92135300
2021-12-23,176.27999877929688,176.85000610351562,175.27000427246094,175.85000610351562,68356600
2021-12-27,180.3300018310547,180.4199981689453,177.07000732421875,177.08999633789062,74919600
2021-12-28,179.2899932861328,181.3300018310547,178.52999877929688,180.16000366210938,79144300
2021-12-29,179.3800048828125,180.6300048828125,178.13999938964844,179.3300018310547,62348900
2021-12-30,178.1999969482422,180.57000732421875,178.08999633789062,179.47000122070312,59773000
2021-12-31,177.57000732421875,179.22999572753906,177.25999450683594,178.08999633789062,64062300
2022-01-03,182.00999450683594,182.8800048828125,177.7100067138672,177.8300018310547,104487900
2022-01-04,179.6999969482422,182.94000244140625,179.1199951171875,182.6300048828125,99310400
2022-01-05,174.9199981689453,180.1699981689453,174.63999938964844,179.61000061035156,94537600
2022-01-06,172.0,175.3000030517578,171.63999938964844,172.6999969482422,96904000
2022-01-07,172.1699981689453,174.13999938964844,171.02999877929688,172.88999938964844,86709100
2022-01-10,172.19000244140625,172.5,168.1699981689453,169.0800018310547,106765600
2022-01-11,175.0800018310547,175.17999267578125,170.82000732421875,172.32000732421875,76138300
2022-01-12,175.52999877929688,177.17999267578125,174.82000732421875,176.1199951171875,74805200
2022-01-13,172.19000244140625,176.6199951171875,171.7899932861328,175.77999877929688,84505800
2022-01-14,173.07000732421875,173.77999877929688,171.08999633789062,171.33999633789062,80440800
2022-01-18,169.8000030517578,172.5399932861328,169.41000366210938,171.50999450683594,90956700
2022-01-19,166.22999572753906,171.0800018310547,165.94000244140625,170.0,94815000
2022-01-20,164.50999450683594,169.67999267578125,164.17999267578125,166.97999572753906,91420500
2022-01-21,162.41000366210938,166.3300018310547,162.3000030517578,164.4199981689453,122848900
2022-01-24,161.6199951171875,162.3000030517578,154.6999969482422,160.02000427246094,162294600
2022-01-25,159.77999877929688,162.75999450683594,157.02000427246094,158.97999572753906,115798400
2022-01-26,159.69000244140625,164.38999938964844,157.82000732421875,163.5,108275300
2022-01-27,159.22000122070312,163.83999633789062,158.27999877929688,162.4499969482422,121954600
2022-01-28,170.3300018310547,170.35000610351562,162.8000030517578,165.7100067138672,179935700
2022-01-31,174.77999877929688,175.0,169.50999450683594,170.16000366210938,115541600
2022-02-01,174.61000061035156,174.83999633789062,172.30999755859375,174.00999450683594,86213900
2022-02-02,175.83999633789062,175.8800048828125,173.3300018310547,174.75,84914300
2022-02-03,172.89999389648438,176.24000549316406,172.1199951171875,174.47999572753906,89418100
2022-02-04,172.38999938964844,174.10000610351562,170.67999267578125,171.67999267578125,82465400
2022-02-07,171.66000366210938,173.9499969482422,170.9499969482422,172.86000061035156,77251200
2022-02-08,174.8300018310547,175.35000610351562,171.42999267578125,171.72999572753906,74829200
2022-02-09,176.27999877929688,176.64999389648438,174.89999389648438,176.0500030517578,71285000
2022-02-10,172.1199951171875,175.47999572753906,171.5500030517578,174.13999938964844,90865900
2022-02-11,168.63999938964844,173.0800018310547,168.0399932861328,172.3300018310547,98670700
2022-02-14,168.8800048828125,169.5800018310547,166.55999755859375,167.3699951171875,86185500
2022-02-15,172.7899932861328,172.9499969482422,170.25,170.97000122070312,62527400
2022-02-16,172.5500030517578,173.33999633789062,170.0500030517578,171.85000610351562,61177400
2022-02-17,168.8800048828125,171.91000366210938,168.47000122070312,171.02999877929688,69589300
2022-02-18,167.3000030517578,170.5399932861328,166.19000244140625,169.82000732421875,82772700
2022-02-22,164.32000732421875,166.69000244140625,162.14999389648438,164.97999572753906,91162800
2022-02-23,160.07000732421875,166.14999389648438,159.75,165.5399932861328,90009200
2022-02-24,162.74000549316406,162.85000610351562,152.0,152.5800018310547,141147500
2022-02-25,164.85000610351562,165.1199951171875,160.8699951171875,163.83999633789062,91974200
2022-02-28,165.1199951171875,165.4199981689453,162.42999267578125,163.05999755859375,95056600
2022-03-01,163.1999969482422,166.60000610351562,161.97000122070312,164.6999969482422,83474400
2022-03-02,166.55999755859375,167.36000061035156,162.9499969482422,164.38999938964844,79724800
2022-03-03,166.22999572753906,168.91000366210938,165.5500030517578,168.47000122070312,76678400
2022-03-04,163.1699981689453,165.5500030517578,162.10000610351562,164.49000549316406,83737200
2022-03-07,159.3000030517578,165.02000427246094,159.0399932861328,163.36000061035156,96418800
2022-03-08,157.44000244140625,162.8800048828125,155.8000030517578,158.82000732421875,131148300
2022-03-09,162.9499969482422,163.41000366210938,159.41000366210938,161.47999572753906,91454900
2022-03-10,158.52000427246094,160.38999938964844,155.97999572753906,160.1999969482422,105342000
2022-03-11,154.72999572753906,159.27999877929688,154.5,158.92999267578125,96970100
2022-03-14,150.6199951171875,154.1199951171875,150.10000610351562,151.4499969482422,108732100
2022-03-15,155.08999633789062,155.57000732421875,150.3800048828125,150.89999389648438,92964300
2022-03-16,159.58999633789062,160.0,154.4600067138672,157.0500030517578,102300200
2022-03-17,160.6199951171875,161.0,157.6300048828125,158.61000061035156,75615400
2022-03-18,163.97999572753906,164.47999572753906,159.75999450683594,160.50999450683594,123511700
2022-03-21,165.3800048828125,166.35000610351562,163.00999450683594,163.50999450683594,95811400
2022-03-22,168.82000732421875,169.4199981689453,164.91000366210938,165.50999450683594,81532000
2022-03-23,170.2100067138672,172.63999938964844,167.64999389648438,167.99000549316406,98062700
2022-03-24,174.07000732421875,174.13999938964844,170.2100067138672,171.05999755859375,90131400
2022-03-25,174.72000122070312,175.27999877929688,172.75,173.8800048828125,80546200
2022-03-28,175.60000610351562,175.72999572753906,172.0,172.1699981689453,90371900
2022-03-29,178.9600067138672,179.00999450683594,176.33999633789062,176.69000244140625,100589400
2022-03-30,177.77000427246094,179.61000061035156,176.6999969482422,178.5500030517578,92633200
2022-03-31,174.61000061035156,178.02999877929688,174.39999389648438,177.83999633789062,103049300
2022-04-01,174.30999755859375,174.8800048828125,171.94000244140625,174.02999877929688,78751300
2022-04-04,178.44000244140625,178.49000549316406,174.44000244140625,174.57000732421875,76468400
2022-04-05,175.05999755859375,178.3000030517578,174.4199981689453,177.5,73401800
2022-04-06,171.8300018310547,173.6300048828125,170.1300048828125,172.36000061035156,89058800
2022-04-07,172.13999938964844,173.36000061035156,169.85000610351562,171.16000366210938,77594700
2022-04-08,170.08999633789062,171.77999877929688,169.1999969482422,171.77999877929688,76575500
2022-04-11,165.75,169.02999877929688,165.5,168.7100067138672,72246700
2022-04-12,167.66000366210938,169.8699951171875,166.63999938964844,168.02000427246094,79265200
2022-04-13,170.39999389648438,171.0399932861328,166.77000427246094,167.38999938964844,70618900
2022-04-14,165.2899932861328,171.27000427246094,165.0399932861328,170.6199951171875,75329400
2022-04-18,165.07000732421875,166.60000610351562,163.57000732421875,163.9199981689453,69023900
2022-04-19,167.39999389648438,167.82000732421875,163.91000366210938,165.02000427246094,67723800
2022-04-20,167.22999572753906,168.8800048828125,166.10000610351562,168.75999450683594,67929800
2022-04-21,166.4199981689453,171.52999877929688,165.91000366210938,168.91000366210938,87227800
2022-04-22,161.7899932861328,167.8699951171875,161.5,166.4600067138672,84882400
2022-04-25,162.8800048828125,163.1699981689453,158.4600067138672,161.1199951171875,96046400
2022-04-26,156.8000030517578,162.33999633789062,156.72000122070312,162.25,95623200
2022-04-27,156.57000732421875,159.7899932861328,155.3800048828125,155.91000366210938,88063200
2022-04-28,163.63999938964844,164.52000427246094,158.92999267578125,159.25,130216800
2022-04-29,157.64999389648438,166.1999969482422,157.25,161.83999633789062,131747600
2022-05-02,157.9600067138672,158.22999572753906,153.27000427246094,156.7100067138672,123055300
2022-05-03,159.47999572753906,160.7100067138672,156.32000732421875,158.14999389648438,88966500
2022-05-04,166.02000427246094,166.47999572753906,159.25999450683594,159.6699981689453,108256500
2022-05-05,156.77000427246094,164.0800018310547,154.9499969482422,163.85000610351562,130525300
2022-05-06,157.27999877929688,159.44000244140625,154.17999267578125,156.00999450683594,116124600
2022-05-09,152.05999755859375,155.8300018310547,151.49000549316406,154.92999267578125,131577900
2022-05-10,154.50999450683594,156.74000549316406,152.92999267578125,155.52000427246094,115366700
2022-05-11,146.5,155.4499969482422,145.80999755859375,153.5,142689800
2022-05-12,142.55999755859375,146.1999969482422,138.8000030517578,142.77000427246094,182602000
2022-05-13,147.11000061035156,148.10000610351562,143.11000061035156,144.58999633789062,113990900
2022-05-16,145.5399932861328,147.52000427246094,144.17999267578125,145.5500030517578,86643800
2022-05-17,149.24000549316406,149.77000427246094,146.67999267578125,148.86000061035156,78336300
2022-05-18,140.82000732421875,147.36000061035156,139.89999389648438,146.85000610351562,109742900
2022-05-19,137.35000610351562,141.66000366210938,136.60000610351562,139.8800048828125,136095600
2022-05-20,137.58999633789062,140.6999969482422,132.61000061035156,139.08999633789062,137426100
2022-05-23,143.11000061035156,143.25999450683594,137.64999389648438,137.7899932861328,117726300
2022-05-24,140.36000061035156,141.97000122070312,137.3300018310547,140.80999755859375,104132700
2022-05-25,140.52000427246094,141.7899932861328,138.33999633789062,138.42999267578125,92482700
2022-05-26,143.77999877929688,144.33999633789062,137.13999938964844,137.38999938964844,90601500
2022-05-27,149.63999938964844,149.67999267578125,145.25999450683594,145.38999938964844,90978500
2022-05-31,148.83999633789062,150.66000366210938,146.83999633789062,149.07000732421875,103718400
2022-06-01,148.7100067138672,151.74000549316406,147.67999267578125,149.89999389648438,74286600
2022-06-02,151.2100067138672,151.27000427246094,146.86000061035156,147.8300018310547,72348100
2022-06-03,145.3800048828125,147.97000122070312,144.4600067138672,146.89999389648438,88570300
2022-06-06,146.13999938964844,148.57000732421875,144.89999389648438,147.02999877929688,71598400
2022-06-07,148.7100067138672,149.0,144.10000610351562,144.35000610351562,67808200
2022-06-08,147.9600067138672,149.8699951171875,147.4600067138672,148.5800018310547,53950200
2022-06-09,142.63999938964844,147.9499969482422,142.52999877929688,147.0800018310547,69473000
2022-06-10,137.1300048828125,140.75999450683594,137.05999755859375,140.27999877929688,91437900
2022-06-13,131.8800048828125,135.1999969482422,131.44000244140625,132.8699951171875,122207100
2022-06-14,132.75999450683594,133.88999938964844,131.47999572753906,133.1300048828125,84784300
2022-06-15,135.42999267578125,137.33999633789062,132.16000366210938,134.2899932861328,91533000
2022-06-16,130.05999755859375,132.38999938964844,129.0399932861328,132.0800018310547,108123900
2022-06-17,131.55999755859375,133.0800018310547,129.80999755859375,130.07000732421875,134520300
2022-06-21,135.8699951171875,137.05999755859375,133.32000732421875,133.4199981689453,81000500
2022-06-22,135.35000610351562,137.75999450683594,133.91000366210938,134.7899932861328,73409200
2022-06-23,138.27000427246094,138.58999633789062,135.6300048828125,136.82000732421875,72433800
2022-06-24,141.66000366210938,141.91000366210938,139.77000427246094,139.89999389648438,89116800
2022-06-27,141.66000366210938,143.49000549316406,140.97000122070312,142.6999969482422,70207900
2022-06-28,137.44000244140625,143.4199981689453,137.32000732421875,142.1300048828125,67083400
2022-06-29,139.22999572753906,140.6699981689453,136.6699981689453,137.4600067138672,66242400
2022-06-30,136.72000122070312,138.3699951171875,133.77000427246094,137.25,98964500
2022-07-01,138.92999267578125,139.0399932861328,135.66000366210938,136.0399932861328,71051600
2022-07-05,141.55999755859375,141.61000061035156,136.92999267578125,137.77000427246094,73353800
2022-07-06,142.9199981689453,144.1199951171875,141.0800018310547,141.35000610351562,74064300
2022-07-07,146.35000610351562,146.5500030517578,143.27999877929688,143.2899932861328,66253700
2022-07-08,147.0399932861328,147.5500030517578,145.0,145.25999450683594,64547800
2022-07-11,144.8699951171875,146.63999938964844,143.77999877929688,145.6699981689453,63141600
2022-07-12,145.86000061035156,148.4499969482422,145.0500030517578,145.75999450683594,77588800
2022-07-13,145.49000549316406,146.4499969482422,142.1199951171875,142.99000549316406,71185600
2022-07-14,148.47000122070312,148.9499969482422,143.25,144.0800018310547,78140700
2022-07-15,150.1699981689453,150.86000061035156,148.1999969482422,149.77999877929688,76259900
2022-07-18,147.07000732421875,151.57000732421875,146.6999969482422,150.74000549316406,81420900
2022-07-19,151.0,151.22999572753906,146.91000366210938,147.9199981689453,82982400
2022-07-20,153.0399932861328,153.72000122070312,150.3699951171875,151.1199951171875,64823400
2022-07-21,155.35000610351562,155.57000732421875,151.94000244140625,154.5,65086600
2022-07-22,154.08999633789062,156.27999877929688,153.41000366210938,155.38999938964844,66675400
2022-07-25,152.9499969482422,155.0399932861328,152.27999877929688,154.00999450683594,53623900
2022-07-26,151.60000610351562,153.08999633789062,150.8000030517578,152.25999450683594,55138700
2022-07-27,156.7899932861328,157.3300018310547,152.16000366210938,152.5800018310547,78620700
2022-07-28,157.35000610351562,157.63999938964844,154.41000366210938,156.97999572753906,81378700
2022-07-29,162.50999450683594,163.6300048828125,159.5,161.24000549316406,101786900
2022-08-01,161.50999450683594,163.58999633789062,160.88999938964844,161.00999450683594,67829400
2022-08-02,160.00999450683594,162.41000366210938,159.6300048828125,160.10000610351562,59907000
2022-08-03,166.1300048828125,166.58999633789062,160.75,160.83999633789062,82507500
2022-08-04,165.80999755859375,167.19000244140625,164.42999267578125,166.00999450683594,55474100
2022-08-05,165.35000610351562,165.85000610351562,163.0,163.2100067138672,56697000
2022-08-08,164.8699951171875,167.80999755859375,164.1999969482422,166.3699951171875,60276900
2022-08-09,164.9199981689453,165.82000732421875,163.25,164.02000427246094,63135500
2022-08-10,169.24000549316406,169.33999633789062,166.89999389648438,167.67999267578125,70170500
2022-08-11,168.49000549316406,170.99000549316406,168.19000244140625,170.05999755859375,57149200
2022-08-12,172.10000610351562,172.1699981689453,169.39999389648438,169.82000732421875,68039400
2022-08-15,173.19000244140625,173.38999938964844,171.35000610351562,171.52000427246094,54091700
2022-08-16,173.02999877929688,173.7100067138672,171.66000366210938,172.77999877929688,56377100
2022-08-17,174.5500030517578,176.14999389648438,172.57000732421875,172.77000427246094,79542000
2022-08-18,174.14999389648438,174.89999389648438,173.1199951171875,173.75,62290100
2022-08-19,171.52000427246094,173.74000549316406,171.30999755859375,173.02999877929688,70346300
2022-08-22,167.57000732421875,169.86000061035156,167.13999938964844,169.69000244140625,69026800
2022-08-23,167.22999572753906,168.7100067138672,166.64999389648438,167.0800018310547,54147100
2022-08-24,167.52999877929688,168.11000061035156,166.25,167.32000732421875,53841500
2022-08-25,170.02999877929688,170.13999938964844,168.35000610351562,168.77999877929688,51218200
2022-08-26,163.6199951171875,171.0500030517578,163.55999755859375,170.57000732421875,78961000
2022-08-29,161.3800048828125,162.89999389648438,159.82000732421875,161.14999389648438,73314000
2022-08-30,158.91000366210938,162.55999755859375,157.72000122070312,162.1300048828125,77906200
2022-08-31,157.22000122070312,160.5800018310547,157.13999938964844,160.30999755859375,87991100
2022-09-01,157.9600067138672,158.4199981689453,154.6699981689453,156.63999938964844,74229900
2022-09-02,155.80999755859375,160.36000061035156,154.97000122070312,159.75,76957800
2022-09-06,154.52999877929688,157.08999633789062,153.69000244140625,156.47000122070312,73714800
2022-09-07,155.9600067138672,156.6699981689453,153.61000061035156,154.82000732421875,87449600
2022-09-08,154.4600067138672,156.36000061035156,152.67999267578125,154.63999938964844,84923800
2022-09-09,157.3699951171875,157.82000732421875,154.75,155.47000122070312,68028800
2022-09-12,163.42999267578125,164.25999450683594,159.3000030517578,159.58999633789062,104956000
2022-09-13,153.83999633789062,160.5399932861328,153.3699951171875,159.89999389648438,122656600
2022-09-14,155.30999755859375,157.10000610351562,153.61000061035156,154.7899932861328,87965400
2022-09-15,152.3699951171875,155.24000549316406,151.3800048828125,154.64999389648438,90481100
2022-09-16,150.6999969482422,151.35000610351562,148.3699951171875,151.2100067138672,162278800
2022-09-19,154.47999572753906,154.55999755859375,149.10000610351562,149.30999755859375,81474200
2022-09-20,156.89999389648438,158.0800018310547,153.0800018310547,153.39999389648438,107689800
2022-09-21,153.72000122070312,158.74000549316406,153.60000610351562,157.33999633789062,101696800
2022-09-22,152.74000549316406,154.47000122070312,150.91000366210938,152.3800048828125,86652500
2022-09-23,150.42999267578125,151.47000122070312,148.55999755859375,151.19000244140625,96029900
2022-09-26,150.77000427246094,153.77000427246094,149.63999938964844,149.66000366210938,93339400
2022-09-27,151.75999450683594,154.72000122070312,149.9499969482422,152.74000549316406,84442700
2022-09-28,149.83999633789062,150.63999938964844,144.83999633789062,147.63999938964844,146691400
2022-09-29,142.47999572753906,146.72000122070312,140.67999267578125,146.10000610351562,128138200
2022-09-30,138.1999969482422,143.10000610351562,138.0,141.27999877929688,124925300
2022-10-03,142.4499969482422,143.07000732421875,137.69000244140625,138.2100067138672,114311700
2022-10-04,146.10000610351562,146.22000122070312,144.25999450683594,145.02999877929688,87830100
2022-10-05,146.39999389648438,147.3800048828125,143.00999450683594,144.07000732421875,79471000
2022-10-06,145.42999267578125,147.5399932861328,145.22000122070312,145.80999755859375,68402200
2022-10-07,140.08999633789062,143.10000610351562,139.4499969482422,142.5399932861328,85925600
2022-10-10,140.4199981689453,141.88999938964844,138.57000732421875,140.4199981689453,74899000
2022-10-11,138.97999572753906,141.35000610351562,138.22000122070312,139.89999389648438,77033700
2022-10-12,138.33999633789062,140.36000061035156,138.16000366210938,139.1300048828125,70433700
2022-10-13,142.99000549316406,143.58999633789062,134.3699951171875,134.99000549316406,113224000
2022-10-14,138.3800048828125,144.52000427246094,138.19000244140625,144.30999755859375,88598000
2022-10-17,142.41000366210938,142.89999389648438,140.27000427246094,141.07000732421875,85250900
2022-10-18,143.75,146.6999969482422,140.61000061035156,145.49000549316406,99136600
2022-10-19,143.86000061035156,144.9499969482422,141.5,141.69000244140625,61758300
2022-10-20,143.38999938964844,145.88999938964844,142.64999389648438,143.02000427246094,64522000
2022-10-21,147.27000427246094,147.85000610351562,142.64999389648438,142.8699951171875,86548600
2022-10-24,149.4499969482422,150.22999572753906,146.0,147.19000244140625,75981900
2022-10-25,152.33999633789062,152.49000549316406,149.36000061035156,150.08999633789062,74732300
2022-10-26,149.35000610351562,151.99000549316406,148.0399932861328,150.9600067138672,88194300
2022-10-27,144.8000030517578,149.0500030517578,144.1300048828125,148.07000732421875,109180200
2022-10-28,155.74000549316406,157.5,147.82000732421875,148.1999969482422,164762400
2022-10-31,153.33999633789062,154.24000549316406,151.9199981689453,153.16000366210938,97943200
2022-11-01,150.64999389648438,155.4499969482422,149.1300048828125,155.0800018310547,80379300
2022-11-02,145.02999877929688,152.1699981689453,145.0,148.9499969482422,93604600
2022-11-03,138.8800048828125,142.8000030517578,138.75,142.05999755859375,97918500
2022-11-04,138.3800048828125,142.6699981689453,134.3800048828125,142.08999633789062,140814800
2022-11-07,138.9199981689453,139.14999389648438,135.6699981689453,137.11000061035156,83374600
2022-11-08,139.5,141.42999267578125,137.49000549316406,140.41000366210938,89908500
2022-11-09,134.8699951171875,138.5500030517578,134.58999633789062,138.5,74917800
2022-11-10,146.8699951171875,146.8699951171875,139.5,141.24000549316406,118854000
2022-11-11,149.6999969482422,150.00999450683594,144.3699951171875,145.82000732421875,93979700
2022-11-14,148.27999877929688,150.27999877929688,147.42999267578125,148.97000122070312,73374100
2022-11-15,150.0399932861328,153.58999633789062,148.55999755859375,152.22000122070312,89868300
2022-11-16,148.7899932861328,149.8699951171875,147.2899932861328,149.1300048828125,64218300
2022-11-17,150.72000122070312,151.47999572753906,146.14999389648438,146.42999267578125,80389400
2022-11-18,151.2899932861328,152.6999969482422,149.97000122070312,152.30999755859375,74829600
2022-11-21,148.00999450683594,150.3699951171875,147.72000122070312,150.16000366210938,58724100
2022-11-22,150.17999267578125,150.4199981689453,146.92999267578125,148.1300048828125,51804100
2022-11-23,151.07000732421875,151.8300018310547,149.33999633789062,149.4499969482422,58301400
2022-11-25,148.11000061035156,148.8800048828125,147.1199951171875,148.30999755859375,35195900
2022-11-28,144.22000122070312,146.63999938964844,143.3800048828125,145.13999938964844,69246000
2022-11-29,141.1699981689453,144.80999755859375,140.35000610351562,144.2899932861328,83763800
2022-11-30,148.02999877929688,148.72000122070312,140.5500030517578,141.39999389648438,111380900
2022-12-01,148.30999755859375,149.1300048828125,146.61000061035156,148.2100067138672,71250400
2022-12-02,147.80999755859375,148.0,145.64999389648438,145.9600067138672,65447400
2022-12-05,146.6300048828125,150.9199981689453,145.77000427246094,147.77000427246094,68826400
2022-12-06,142.91000366210938,147.3000030517578,141.9199981689453,147.07000732421875,64727200
2022-12-07,140.94000244140625,143.3699951171875,140.0,142.19000244140625,69721100
2022-12-08,142.64999389648438,143.52000427246094,141.10000610351562,142.36000061035156,62128300
2022-12-09,142.16000366210938,145.57000732421875,140.89999389648438,142.33999633789062,76097000
2022-12-12,144.49000549316406,144.5,141.05999755859375,142.6999969482422,70462700
2022-12-13,145.47000122070312,149.97000122070312,144.24000549316406,149.5,93886200
2022-12-14,143.2100067138672,146.66000366210938,141.16000366210938,145.35000610351562,82291200
2022-12-15,136.5,141.8000030517578,136.02999877929688,141.11000061035156,98931900
2022-12-16,134.50999450683594,137.64999389648438,133.72999572753906,136.69000244140625,160156900
2022-12-19,132.3699951171875,135.1999969482422,131.32000732421875,135.11000061035156,79592600
2022-12-20,132.3000030517578,133.25,129.88999938964844,131.38999938964844,77432800
2022-12-21,135.4499969482422,136.80999755859375,132.75,132.97999572753906,85928000
2022-12-22,132.22999572753906,134.55999755859375,130.3000030517578,134.35000610351562,77852100
2022-12-23,131.86000061035156,132.4199981689453,129.63999938964844,130.9199981689453,63814900
2022-12-27,130.02999877929688,131.41000366210938,128.72000122070312,131.3800048828125,69007800
2022-12-28,126.04000091552734,131.02999877929688,125.87000274658203,129.6699981689453,85438400
2022-12-29,129.61000061035156,130.47999572753906,127.7300033569336,127.98999786376953,75703700
2022-12-30,129.92999267578125,129.9499969482422,127.43000030517578,128.41000366210938,77034200
2023-01-03,125.06999969482422,130.89999389648438,124.16999816894531,130.27999877929688,112117500
2023-01-04,126.36000061035156,128.66000366210938,125.08000183105469,126.88999938964844,89113600
2023-01-05,125.0199966430664,127.7699966430664,124.76000213623047,127.12999725341797,80962700
2023-01-06,129.6199951171875,130.2899932861328,124.88999938964844,126.01000213623047,87754700
2023-01-09,130.14999389648438,133.41000366210938,129.88999938964844,130.47000122070312,70790800
2023-01-10,130.72999572753906,131.25999450683594,128.1199951171875,130.25999450683594,63896200
2023-01-11,133.49000549316406,133.50999450683594,130.4600067138672,131.25,69458900
2023-01-12,133.41000366210938,134.25999450683594,131.44000244140625,133.8800048828125,71379600
2023-01-13,134.75999450683594,134.9199981689453,131.66000366210938,132.02999877929688,57809700
2023-01-17,135.94000244140625,137.2899932861328,134.1300048828125,134.8300018310547,63646600
2023-01-18,135.2100067138672,138.61000061035156,135.02999877929688,136.82000732421875,69672800
2023-01-19,135.27000427246094,136.25,133.77000427246094,134.0800018310547,58280400
2023-01-20,137.8699951171875,138.02000427246094,134.22000122070312,135.27999877929688,80223600
2023-01-23,141.11000061035156,143.32000732421875,137.89999389648438,138.1199951171875,81760300
2023-01-24,142.52999877929688,143.16000366210938,140.3000030517578,140.30999755859375,66435100
2023-01-25,141.86000061035156,142.42999267578125,138.80999755859375,140.88999938964844,65799300
2023-01-26,143.9600067138672,144.25,141.89999389648438,143.1699981689453,54105100
2023-01-27,145.92999267578125,147.22999572753906,143.0800018310547,143.16000366210938,70555800
2023-01-30,143.0,145.5500030517578,142.85000610351562,144.9600067138672,64015300
2023-01-31,144.2899932861328,144.33999633789062,142.27999877929688,142.6999969482422,65874500
2023-02-01,145.42999267578125,146.61000061035156,141.32000732421875,143.97000122070312,77663600
2023-02-02,150.82000732421875,151.17999267578125,148.1699981689453,148.89999389648438,118339000
2023-02-03,154.5,157.3800048828125,147.8300018310547,148.02999877929688,154357300
2023-02-06,151.72999572753906,153.10000610351562,150.77999877929688,152.57000732421875,69858300
2023-02-07,154.64999389648438,155.22999572753906,150.63999938964844,150.63999938964844,83322600
2023-02-08,151.9199981689453,154.5800018310547,151.1699981689453,153.8800048828125,64120100
2023-02-09,150.8699951171875,154.3300018310547,150.4199981689453,153.77999877929688,56007100
2023-02-10,151.00999450683594,151.33999633789062,149.22000122070312,149.4600067138672,57450700
2023-02-13,153.85000610351562,154.25999450683594,150.9199981689453,150.9499969482422,62199000
2023-02-14,153.1999969482422,153.77000427246094,150.86000061035156,152.1199951171875,61707600
2023-02-15,155.3300018310547,155.5,152.8800048828125,153.11000061035156,65573800
2023-02-16,153.7100067138672,156.3300018310547,153.35000610351562,153.50999450683594,68167900
2023-02-17,152.5500030517578,153.0,150.85000610351562,152.35000610351562,59144100
2023-02-21,148.47999572753906,151.3000030517578,148.41000366210938,150.1999969482422,58867200
2023-02-22,148.91000366210938,149.9499969482422,147.16000366210938,148.8699951171875,51011300
2023-02-23,149.39999389648438,150.33999633789062,147.24000549316406,150.08999633789062,48394200
2023-02-24,146.7100067138672,147.19000244140625,145.72000122070312,147.11000061035156,55469600
2023-02-27,147.9199981689453,149.1699981689453,147.4499969482422,147.7100067138672,44998500
2023-02-28,147.41000366210938,149.0800018310547,146.8300018310547,147.0500030517578,50547000
2023-03-01,145.30999755859375,147.22999572753906,145.00999450683594,146.8300018310547,55479000
2023-03-02,145.91000366210938,146.7100067138672,143.89999389648438,144.3800048828125,52238100
2023-03-03,151.02999877929688,151.11000061035156,147.3300018310547,148.0399932861328,70732300
2023-03-06,153.8300018310547,156.3000030517578,153.4600067138672,153.7899932861328,87558000
2023-03-07,151.60000610351562,154.02999877929688,151.1300048828125,153.6999969482422,56182000
2023-03-08,152.8699951171875,153.47000122070312,151.8300018310547,152.80999755859375,47204800
2023-03-09,150.58999633789062,154.5399932861328,150.22999572753906,153.55999755859375,53833600
2023-03-10,148.5,150.94000244140625,147.61000061035156,150.2100067138672,68572400
2023-03-13,150.47000122070312,153.13999938964844,147.6999969482422,147.80999755859375,84457100
2023-03-14,152.58999633789062,153.39999389648438,150.10000610351562,151.27999877929688,73695900
2023-03-15,152.99000549316406,153.25,149.9199981689453,151.19000244140625,77167900
2023-03-16,155.85000610351562,156.4600067138672,151.63999938964844,152.16000366210938,76161100
2023-03-17,155.0,156.74000549316406,154.27999877929688,156.0800018310547,98944600
2023-03-20,157.39999389648438,157.82000732421875,154.14999389648438,155.07000732421875,73641400
2023-03-21,159.27999877929688,159.39999389648438,156.5399932861328,157.32000732421875,73938300
2023-03-22,157.8300018310547,162.13999938964844,157.80999755859375,159.3000030517578,75701800
2023-03-23,158.92999267578125,161.5500030517578,157.67999267578125,158.8300018310547,67622100
2023-03-24,160.25,160.33999633789062,157.85000610351562,158.86000061035156,59196500
2023-03-27,158.27999877929688,160.77000427246094,157.8699951171875,159.94000244140625,52390300
2023-03-28,157.64999389648438,158.49000549316406,155.97999572753906,157.97000122070312,45992200
2023-03-29,160.77000427246094,161.0500030517578,159.35000610351562,159.3699951171875,51305700
2023-03-30,162.36000061035156,162.47000122070312,161.27000427246094,161.52999877929688,49501700
2023-03-31,164.89999389648438,165.0,161.91000366210938,162.44000244140625,68749800
2023-04-03,166.1699981689453,166.2899932861328,164.22000122070312,164.27000427246094,56976200
2023-04-04,165.6300048828125,166.83999633789062,165.11000061035156,166.60000610351562,46278300
2023-04-05,163.75999450683594,165.0500030517578,161.8000030517578,164.74000549316406,51511700
2023-04-06,164.66000366210938,164.9600067138672,162.0,162.42999267578125,45390100
2023-04-10,162.02999877929688,162.02999877929688,160.0800018310547,161.4199981689453,47716900
2023-04-11,160.8000030517578,162.36000061035156,160.50999450683594,162.35000610351562,47644200
2023-04-12,160.10000610351562,162.05999755859375,159.77999877929688,161.22000122070312,50133100
2023-04-13,165.55999755859375,165.8000030517578,161.4199981689453,161.6300048828125,68445600
2023-04-14,165.2100067138672,166.32000732421875,163.82000732421875,164.58999633789062,49386500
2023-04-17,165.22999572753906,165.38999938964844,164.02999877929688,165.08999633789062,41516200
2023-04-18,166.47000122070312,167.41000366210938,165.64999389648438,166.10000610351562,49923000
2023-04-19,167.6300048828125,168.16000366210938,165.5399932861328,165.8000030517578,47720200
2023-04-20,166.64999389648438,167.8699951171875,165.55999755859375,166.08999633789062,52456400
2023-04-21,165.02000427246094,166.4499969482422,164.49000549316406,165.0500030517578,58337300
2023-04-24,165.3300018310547,165.60000610351562,163.88999938964844,165.0,41949600
2023-04-25,163.77000427246094,166.30999755859375,163.72999572753906,165.19000244140625,48714100
2023-04-26,163.75999450683594,165.27999877929688,162.8000030517578,163.05999755859375,45498800
2023-04-27,168.41000366210938,168.55999755859375,165.19000244140625,165.19000244140625,64902300
2023-04-28,169.67999267578125,169.85000610351562,167.8800048828125,168.49000549316406,55275900
2023-05-01,169.58999633789062,170.4499969482422,168.63999938964844,169.27999877929688,52472900
2023-05-02,168.5399932861328,170.35000610351562,167.5399932861328,170.08999633789062,48425700
2023-05-03,167.4499969482422,170.9199981689453,167.16000366210938,169.5,65136000
2023-05-04,165.7899932861328,167.0399932861328,164.30999755859375,164.88999938964844,81235400
2023-05-05,173.57000732421875,174.3000030517578,170.75999450683594,170.97999572753906,113453200
2023-05-08,173.5,173.85000610351562,172.11000061035156,172.47999572753906,55962800
2023-05-09,171.77000427246094,173.5399932861328,171.60000610351562,173.0500030517578,45326900
2023-05-10,173.55999755859375,174.02999877929688,171.89999389648438,173.02000427246094,53724500
2023-05-11,173.75,174.58999633789062,172.1699981689453,173.85000610351562,49514700
2023-05-12,172.57000732421875,174.05999755859375,171.0,173.6199951171875,45533100
2023-05-15,172.07000732421875,173.2100067138672,171.47000122070312,173.16000366210938,37266700
2023-05-16,172.07000732421875,173.13999938964844,171.8000030517578,171.99000549316406,42110300
2023-05-17,172.69000244140625,172.92999267578125,170.4199981689453,171.7100067138672,57951600
2023-05-18,175.0500030517578,175.24000549316406,172.5800018310547,173.0,65496700
2023-05-19,175.16000366210938,176.38999938964844,174.94000244140625,176.38999938964844,55809500
2023-05-22,174.1999969482422,174.7100067138672,173.4499969482422,173.97999572753906,43570900
2023-05-23,171.55999755859375,173.3800048828125,171.27999877929688,173.1300048828125,50747300
2023-05-24,171.83999633789062,172.4199981689453,170.52000427246094,171.08999633789062,45143500
2023-05-25,172.99000549316406,173.89999389648438,171.69000244140625,172.41000366210938,56058300
2023-05-26,175.42999267578125,175.77000427246094,173.11000061035156,173.32000732421875,54835000
2023-05-30,177.3000030517578,178.99000549316406,176.57000732421875,176.9600067138672,55964400
2023-05-31,177.25,179.35000610351562,176.75999450683594,177.3300018310547,99625300
2023-06-01,180.08999633789062,180.1199951171875,176.92999267578125,177.6999969482422,68901800
2023-06-02,180.9499969482422,181.77999877929688,179.25999450683594,181.02999877929688,61996900
2023-06-05,179.5800018310547,184.9499969482422,178.0399932861328,182.6300048828125,121946500
2023-06-06,179.2100067138672,180.1199951171875,177.42999267578125,179.97000122070312,64848400
2023-06-07,177.82000732421875,181.2100067138672,177.32000732421875,178.44000244140625,61944600
2023-06-08,180.57000732421875,180.83999633789062,177.4600067138672,177.89999389648438,50214900
2023-06-09,180.9600067138672,182.22999572753906,180.6300048828125,181.5,48900000
2023-06-12,183.7899932861328,183.88999938964844,180.97000122070312,181.27000427246094,54274900
2023-06-13,183.30999755859375,184.14999389648438,182.44000244140625,182.8000030517578,54929100
2023-06-14,183.9499969482422,184.38999938964844,182.02000427246094,183.3699951171875,57462900
2023-06-15,186.00999450683594,186.52000427246094,183.77999877929688,183.9600067138672,65433200
2023-06-16,184.9199981689453,186.99000549316406,184.27000427246094,186.72999572753906,101256200
2023-06-20,185.00999450683594,186.10000610351562,184.41000366210938,184.41000366210938,49799100
2023-06-21,183.9600067138672,185.41000366210938,182.58999633789062,184.89999389648438,49515700
2023-06-22,187.0,187.0500030517578,183.6699981689453,183.74000549316406,51245300
2023-06-23,186.67999267578125,187.55999755859375,185.00999450683594,185.5500030517578,53117000
2023-06-26,185.27000427246094,188.0500030517578,185.22999572753906,186.8300018310547,48088700
2023-06-27,188.05999755859375,188.38999938964844,185.6699981689453,185.88999938964844,50730800
2023-06-28,189.25,189.89999389648438,187.60000610351562,187.92999267578125,51216800
2023-06-29,189.58999633789062,190.07000732421875,188.94000244140625,189.0800018310547,46347300
2023-06-30,193.97000122070312,194.47999572753906,191.25999450683594,191.6300048828125,85213200
2023-07-03,192.4600067138672,193.8800048828125,191.75999450683594,193.77999877929688,31458200
2023-07-05,191.3300018310547,192.97999572753906,190.6199951171875,191.57000732421875,46920300
2023-07-06,191.80999755859375,192.02000427246094,189.1999969482422,189.83999633789062,45094300
2023-07-07,190.67999267578125,192.6699981689453,190.24000549316406,191.41000366210938,46815000
2023-07-10,188.61000061035156,189.99000549316406,187.0399932861328,189.25999450683594,59922200
2023-07-11,188.0800018310547,189.3000030517578,186.60000610351562,189.16000366210938,46638100
2023-07-12,189.77000427246094,191.6999969482422,188.47000122070312,189.67999267578125,60750200
2023-07-13,190.5399932861328,191.19000244140625,189.77999877929688,190.5,41342300
2023-07-14,190.69000244140625,191.17999267578125,189.6300048828125,190.22999572753906,41616200
2023-07-17,193.99000549316406,194.32000732421875,191.80999755859375,191.89999389648438,50520200
2023-07-18,193.72999572753906,194.3300018310547,192.4199981689453,193.35000610351562,48288200
2023-07-19,195.10000610351562,198.22999572753906,192.64999389648438,193.10000610351562,80507300
2023-07-20,193.1300048828125,196.47000122070312,192.5,195.08999633789062,59581200
2023-07-21,191.94000244140625,194.97000122070312,191.22999572753906,194.10000610351562,71951700
2023-07-24,192.75,194.91000366210938,192.25,193.41000366210938,45377800
2023-07-25,193.6199951171875,194.44000244140625,192.9199981689453,193.3300018310547,37283200
2023-07-26,194.5,195.63999938964844,193.32000732421875,193.6699981689453,47471900
2023-07-27,193.22000122070312,197.1999969482422,192.5500030517578,196.02000427246094,47460200
2023-07-28,195.8300018310547,196.6300048828125,194.13999938964844,194.6699981689453,48291400
2023-07-31,196.4499969482422,196.49000549316406,195.25999450683594,196.05999755859375,38824100
2023-08-01,195.61000061035156,196.72999572753906,195.27999877929688,196.24000549316406,35175100
2023-08-02,192.5800018310547,195.17999267578125,191.85000610351562,195.0399932861328,50389300
2023-08-03,191.1699981689453,192.3699951171875,190.69000244140625,191.57000732421875,61235200
2023-08-04,181.99000549316406,187.3800048828125,181.9199981689453,185.52000427246094,115956800
2023-08-07,178.85000610351562,183.1300048828125,177.35000610351562,182.1300048828125,97576100
2023-08-08,179.8000030517578,180.27000427246094,177.5800018310547,179.69000244140625,67823000
2023-08-09,178.19000244140625,180.92999267578125,177.00999450683594,180.8699951171875,60378500
2023-08-10,177.97000122070312,180.75,177.60000610351562,179.47999572753906,54686900
2023-08-11,177.7899932861328,178.6199951171875,176.5500030517578,177.32000732421875,52036700
2023-08-14,179.4600067138672,179.69000244140625,177.30999755859375,177.97000122070312,43675600
2023-08-15,177.4499969482422,179.47999572753906,177.0500030517578,178.8800048828125,43622600
2023-08-16,176.57000732421875,178.5399932861328,176.5,177.1300048828125,46964900
2023-08-17,174.0,177.50999450683594,173.47999572753906,177.13999938964844,66062900
2023-08-18,174.49000549316406,175.10000610351562,171.9600067138672,172.3000030517578,61172200
2023-08-21,175.83999633789062,176.1300048828125,173.74000549316406,175.07000732421875,46311900
2023-08-22,177.22999572753906,177.67999267578125,176.25,177.05999755859375,42038900
2023-08-23,181.1199951171875,181.5500030517578,178.3300018310547,178.52000427246094,52722800
2023-08-24,176.3800048828125,181.10000610351562,176.00999450683594,180.6699981689453,54945800
2023-08-25,178.61000061035156,179.14999389648438,175.82000732421875,177.3800048828125,51449600
2023-08-28,180.19000244140625,180.58999633789062,178.5500030517578,180.08999633789062,43820700
2023-08-29,184.1199951171875,184.89999389648438,179.5,179.6999969482422,53003900
2023-08-30,187.64999389648438,187.85000610351562,184.74000549316406,184.94000244140625,60813900
2023-08-31,187.8699951171875,189.1199951171875,187.47999572753906,187.83999633789062,60794500
2023-09-01,189.4600067138672,189.9199981689453,188.27999877929688,189.49000549316406,45766500
2023-09-05,189.6999969482422,189.97999572753906,187.61000061035156,188.27999877929688,45280000
2023-09-06,182.91000366210938,188.85000610351562,181.47000122070312,188.39999389648438,81755800
2023-09-07,177.55999755859375,178.2100067138672,173.5399932861328,175.17999267578125,112488800
2023-09-08,178.17999267578125,180.24000549316406,177.7899932861328,178.35000610351562,65551300
2023-09-11,179.36000061035156,180.3000030517578,177.33999633789062,180.07000732421875,58953100
2023-09-12,176.3000030517578,180.1300048828125,174.82000732421875,179.49000549316406,90370200
2023-09-13,174.2100067138672,177.3000030517578,173.97999572753906,176.50999450683594,84267900
2023-09-14,175.74000549316406,176.10000610351562,173.5800018310547,174.0,60895800
2023-09-15,175.00999450683594,176.5,173.82000732421875,176.47999572753906,109259500
2023-09-18,177.97000122070312,179.3800048828125,176.1699981689453,176.47999572753906,67257600
2023-09-19,179.07000732421875,179.6300048828125,177.1300048828125,177.52000427246094,51826900
2023-09-20,175.49000549316406,179.6999969482422,175.39999389648438,179.25999450683594,58436200
2023-09-21,173.92999267578125,176.3000030517578,173.86000061035156,174.5500030517578,63149100
2023-09-22,174.7899932861328,177.0800018310547,174.0500030517578,174.6699981689453,56725400
2023-09-25,176.0800018310547,176.97000122070312,174.14999389648438,174.1999969482422,46172700
2023-09-26,171.9600067138672,175.1999969482422,171.66000366210938,174.82000732421875,64588900
2023-09-27,170.42999267578125,173.0399932861328,169.0500030517578,172.6199951171875,66921800
2023-09-28,170.69000244140625,172.02999877929688,167.6199951171875,169.33999633789062,56294400
2023-09-29,171.2100067138672,173.07000732421875,170.33999633789062,172.02000427246094,51861100
2023-10-02,173.75,174.3000030517578,170.92999267578125,171.22000122070312,52164500
2023-10-03,172.39999389648438,173.6300048828125,170.82000732421875,172.25999450683594,49594600
2023-10-04,173.66000366210938,174.2100067138672,170.97000122070312,171.08999633789062,53020300
2023-10-05,174.91000366210938,175.4499969482422,172.67999267578125,173.7899932861328,48527900
2023-10-06,177.49000549316406,177.99000549316406,173.17999267578125,173.8000030517578,57266700
2023-10-09,178.99000549316406,179.0500030517578,175.8000030517578,176.80999755859375,42390800
2023-10-10,178.38999938964844,179.72000122070312,177.9499969482422,178.10000610351562,43698000
2023-10-11,179.8000030517578,179.85000610351562,177.60000610351562,178.1999969482422,47551100
2023-10-12,180.7100067138672,182.33999633789062,179.0399932861328,180.07000732421875,56743100
2023-10-13,178.85000610351562,181.92999267578125,178.13999938964844,181.4199981689453,51427100
2023-10-16,178.72000122070312,179.0800018310547,176.50999450683594,176.75,52517000
2023-10-17,177.14999389648438,178.4199981689453,174.8000030517578,176.64999389648438,57549400
2023-10-18,175.83999633789062,177.5800018310547,175.11000061035156,175.5800018310547,54764400
2023-10-19,175.4600067138672,177.83999633789062,175.19000244140625,176.0399932861328,59302900
2023-10-20,172.8800048828125,175.4199981689453,172.63999938964844,175.30999755859375,64244000
2023-10-23,173.0,174.00999450683594,169.92999267578125,170.91000366210938,55980100
2023-10-24,173.44000244140625,173.6699981689453,171.4499969482422,173.0500030517578,43816600
2023-10-25,171.10000610351562,173.05999755859375,170.64999389648438,171.8800048828125,57157000
2023-10-26,166.88999938964844,171.3800048828125,165.6699981689453,170.3699951171875,70625300
2023-10-27,168.22000122070312,168.9600067138672,166.8300018310547,166.91000366210938,58499100
2023-10-30,170.2899932861328,171.1699981689453,168.8699951171875,169.02000427246094,51131000
2023-10-31,170.77000427246094,170.89999389648438,167.89999389648438,169.35000610351562,44846000
2023-11-01,173.97000122070312,174.22999572753906,170.1199951171875,171.0,56934900
2023-11-02,177.57000732421875,177.77999877929688,175.4600067138672,175.52000427246094,77334800
2023-11-03,176.64999389648438,176.82000732421875,173.35000610351562,174.24000549316406,79829200
2023-11-06,179.22999572753906,179.42999267578125,176.2100067138672,176.3800048828125,63841300
2023-11-07,181.82000732421875,182.44000244140625,178.97000122070312,179.17999267578125,70530000
2023-11-08,182.88999938964844,183.4499969482422,181.58999633789062,182.35000610351562,49340300
2023-11-09,182.41000366210938,184.1199951171875,181.80999755859375,182.9600067138672,53763500
2023-11-10,186.39999389648438,186.57000732421875,183.52999877929688,183.97000122070312,66133400
2023-11-13,184.8000030517578,186.02999877929688,184.2100067138672,185.82000732421875,43627500
2023-11-14,187.44000244140625,188.11000061035156,186.3000030517578,187.6999969482422,60108400
2023-11-15,188.00999450683594,189.5,187.77999877929688,187.85000610351562,53790500
2023-11-16,189.7100067138672,190.9600067138672,188.64999389648438,189.57000732421875,54412900
2023-11-17,189.69000244140625,190.3800048828125,188.57000732421875,190.25,50922700
2023-11-20,191.4499969482422,191.91000366210938,189.8800048828125,189.88999938964844,46505100
2023-11-21,190.63999938964844,191.52000427246094,189.74000549316406,191.41000366210938,38134500
2023-11-22,191.30999755859375,192.92999267578125,190.8300018310547,191.49000549316406,39617700
2023-11-24,189.97000122070312,190.89999389648438,189.25,190.8699951171875,24048300
2023-11-27,189.7899932861328,190.6699981689453,188.89999389648438,189.9199981689453,40552600
2023-11-28,190.39999389648438,191.0800018310547,189.39999389648438,189.77999877929688,38415400
2023-11-29,189.3699951171875,192.08999633789062,188.97000122070312,190.89999389648438,43014200
2023-11-30,189.9499969482422,190.32000732421875,188.19000244140625,189.83999633789062,48794400
2023-12-01,191.24000549316406,191.55999755859375,189.22999572753906,190.3300018310547,45704800
2023-12-04,189.42999267578125,190.0500030517578,187.4499969482422,189.97999572753906,43389500
2023-12-05,193.4199981689453,194.39999389648438,190.17999267578125,190.2100067138672,66628400
2023-12-06,192.32000732421875,194.75999450683594,192.11000061035156,194.4499969482422,41089700
2023-12-07,194.27000427246094,195.0,193.58999633789062,193.6300048828125,47477700
2023-12-08,195.7100067138672,195.99000549316406,193.6699981689453,194.1999969482422,53406400
2023-12-11,193.17999267578125,193.49000549316406,191.4199981689453,193.11000061035156,60943700
2023-12-12,194.7100067138672,194.72000122070312,191.72000122070312,193.0800018310547,52696900
2023-12-13,197.9600067138672,198.0,194.85000610351562,195.08999633789062,70404200
2023-12-14,198.11000061035156,199.6199951171875,196.16000366210938,198.02000427246094,66831600
2023-12-15,197.57000732421875,198.39999389648438,197.0,197.52999877929688,128538400
2023-12-18,195.88999938964844,196.6300048828125,194.38999938964844,196.08999633789062,55751900
2023-12-19,196.94000244140625,196.9499969482422,195.88999938964844,196.16000366210938,40714100
2023-12-20,194.8300018310547,197.67999267578125,194.8300018310547,196.89999389648438,52242800
2023-12-21,194.67999267578125,197.0800018310547,193.5,196.10000610351562,46482500
2023-12-22,193.60000610351562,195.41000366210938,192.97000122070312,195.17999267578125,37149600
2023-12-26,193.0500030517578,193.88999938964844,192.8300018310547,193.61000061035156,28919300
2023-12-27,193.14999389648438,193.5,191.08999633789062,192.49000549316406,48087700
2023-12-28,193.5800018310547,194.66000366210938,193.1699981689453,194.13999938964844,34049900
2023-12-29,192.52999877929688,194.39999389648438,191.72999572753906,193.89999389648438,42672100
2024-01-02,185.63999938964844,188.44000244140625,183.88999938964844,187.14999389648438,82488700
2024-01-03,184.25,185.8800048828125,183.42999267578125,184.22000122070312,58414500
2024-01-04,181.91000366210938,183.08999633789062,180.8800048828125,182.14999389648438,71983600
2024-01-05,181.17999267578125,182.75999450683594,180.1699981689453,181.99000549316406,62379700
2024-01-08,185.55999755859375,185.60000610351562,181.5,182.08999633789062,59144500
2024-01-09,185.13999938964844,185.14999389648438,182.72999572753906,183.9199981689453,42841800
2024-01-10,186.19000244140625,186.39999389648438,183.9199981689453,184.35000610351562,46792900
2024-01-11,185.58999633789062,187.0500030517578,183.6199951171875,186.5399932861328,49128400
2024-01-12,185.9199981689453,186.74000549316406,185.19000244140625,186.05999755859375,40477800
2024-01-16,183.6300048828125,184.25999450683594,180.92999267578125,182.16000366210938,65603000
2024-01-17,182.67999267578125,182.92999267578125,180.3000030517578,181.27000427246094,47317400
2024-01-18,188.6300048828125,189.13999938964844,185.8300018310547,186.08999633789062,78005800
2024-01-19,191.55999755859375,191.9499969482422,188.82000732421875,189.3300018310547,68903000
2024-01-22,193.88999938964844,195.3300018310547,192.25999450683594,192.3000030517578,60133900
2024-01-23,195.17999267578125,195.75,193.8300018310547,195.02000427246094,42355600
2024-01-24,194.5,196.3800048828125,194.33999633789062,195.4199981689453,53631300
2024-01-25,194.1699981689453,196.27000427246094,193.11000061035156,195.22000122070312,54822100
2024-01-26,192.4199981689453,194.75999450683594,191.94000244140625,194.27000427246094,44594000
2024-01-29,191.72999572753906,192.1999969482422,189.5800018310547,192.00999450683594,47145600
2024-01-30,188.0399932861328,191.8000030517578,187.47000122070312,190.94000244140625,55859400
2024-01-31,184.39999389648438,187.10000610351562,184.35000610351562,187.0399932861328,55467800
2024-02-01,186.86000061035156,186.9499969482422,183.82000732421875,183.99000549316406,64885400
2024-02-02,185.85000610351562,187.3300018310547,179.25,179.86000061035156,102551700
2024-02-05,187.67999267578125,189.25,185.83999633789062,188.14999389648438,69668800
2024-02-06,189.3000030517578,189.30999755859375,186.77000427246094,186.86000061035156,43490800
2024-02-07,189.41000366210938,191.0500030517578,188.61000061035156,190.63999938964844,53439000
2024-02-08,188.32000732421875,189.5399932861328,187.35000610351562,189.38999938964844,40962000
2024-02-09,188.85000610351562,189.99000549316406,188.0,188.64999389648438,45155200
2024-02-12,187.14999389648438,188.6699981689453,186.7899932861328,188.4199981689453,41781900
2024-02-13,185.0399932861328,186.2100067138672,183.50999450683594,185.77000427246094,56529500
2024-02-14,184.14999389648438,185.52999877929688,182.44000244140625,185.32000732421875,54630500
2024-02-15,183.86000061035156,184.49000549316406,181.35000610351562,183.5500030517578,65434500
2024-02-16,182.30999755859375,184.85000610351562,181.6699981689453,183.4199981689453,49752500
2024-02-20,181.55999755859375,182.42999267578125,180.0,181.7899932861328,53665600
2024-02-21,182.32000732421875,182.88999938964844,180.66000366210938,181.94000244140625,41371400
2024-02-22,184.3699951171875,184.9600067138672,182.4600067138672,183.47999572753906,52292200
2024-02-23,182.52000427246094,185.0399932861328,182.22999572753906,185.00999450683594,45119700
2024-02-26,181.16000366210938,182.75999450683594,180.64999389648438,182.24000549316406,40867400
2024-02-27,182.6300048828125,183.9199981689453,179.55999755859375,181.10000610351562,54318900
2024-02-28,181.4199981689453,183.1199951171875,180.1300048828125,182.50999450683594,48953900
2024-02-29,180.75,182.57000732421875,179.52999877929688,181.27000427246094,136682600
2024-03-01,179.66000366210938,180.52999877929688,177.3800048828125,179.5500030517578,73563100
2024-03-04,175.10000610351562,176.89999389648438,173.7899932861328,176.14999389648438,81510100
2024-03-05,170.1199951171875,172.0399932861328,169.6199951171875,170.75999450683594,95132400
2024-03-06,169.1199951171875,171.24000549316406,168.67999267578125,171.05999755859375,68587700
2024-03-07,169.0,170.72999572753906,168.49000549316406,169.14999389648438,71765100
2024-03-08,170.72999572753906,173.6999969482422,168.94000244140625,169.0,76267000
2024-03-11,172.75,174.3800048828125,172.0500030517578,172.94000244140625,60139500
2024-03-12,173.22999572753906,174.02999877929688,171.00999450683594,173.14999389648438,59825400
2024-03-13,171.1300048828125,173.19000244140625,170.75999450683594,172.77000427246094,52488700
2024-03-14,173.0,174.30999755859375,172.0500030517578,172.91000366210938,72913500
2024-03-15,172.6199951171875,172.6199951171875,170.2899932861328,171.1699981689453,121752700
2024-03-18,173.72000122070312,177.7100067138672,173.52000427246094,175.57000732421875,75604200
2024-03-19,176.0800018310547,176.61000061035156,173.02999877929688,174.33999633789062,55215200
2024-03-20,178.6699981689453,178.6699981689453,175.08999633789062,175.72000122070312,53423100
2024-03-21,171.3699951171875,177.49000549316406,170.83999633789062,177.0500030517578,106181300
2024-03-22,172.27999877929688,173.0500030517578,170.05999755859375,171.75999450683594,71160100
2024-03-25,170.85000610351562,171.94000244140625,169.4499969482422,170.57000732421875,54288300
2024-03-26,169.7100067138672,171.4199981689453,169.5800018310547,170.0,57388400
2024-03-27,173.30999755859375,173.60000610351562,170.11000061035156,170.41000366210938,60273300
2024-03-28,171.47999572753906,172.22999572753906,170.50999450683594,171.75,65672700
2024-04-01,170.02999877929688,171.25,169.47999572753906,171.19000244140625,46240500
2024-04-02,168.83999633789062,169.33999633789062,168.22999572753906,169.0800018310547,49329500
2024-04-03,169.64999389648438,170.67999267578125,168.5800018310547,168.7899932861328,47691700
2024-04-04,168.82000732421875,171.9199981689453,168.82000732421875,170.2899932861328,53704400
2024-04-05,169.5800018310547,170.38999938964844,168.9499969482422,169.58999633789062,42104800
2024-04-08,168.4499969482422,169.1999969482422,168.24000549316406,169.02999877929688,37425500
2024-04-09,169.6699981689453,170.0800018310547,168.35000610351562,168.6999969482422,42373800
2024-04-10,167.77999877929688,169.08999633789062,167.11000061035156,168.8000030517578,49709300
2024-04-11,175.0399932861328,175.4600067138672,168.16000366210938,168.33999633789062,91070300
2024-04-12,176.5500030517578,178.36000061035156,174.2100067138672,174.25999450683594,101670900
2024-04-15,172.69000244140625,176.6300048828125,172.5,175.36000061035156,73531800
2024-04-16,169.3800048828125,173.75999450683594,168.27000427246094,171.75,73711200
2024-04-17,168.0,170.64999389648438,168.0,169.61000061035156,50901200
2024-04-18,167.0399932861328,168.63999938964844,166.5500030517578,168.02999877929688,43122900
2024-04-19,165.0,166.39999389648438,164.0800018310547,166.2100067138672,68149400
2024-04-22,165.83999633789062,167.25999450683594,164.77000427246094,165.52000427246094,48116400
2024-04-23,166.89999389648438,167.0500030517578,164.9199981689453,165.35000610351562,49537800
2024-04-24,169.02000427246094,169.3000030517578,166.2100067138672,166.5399932861328,48251800
2024-04-25,169.88999938964844,170.61000061035156,168.14999389648438,169.52999877929688,50558300
2024-04-26,169.3000030517578,171.33999633789062,169.17999267578125,169.8800048828125,44838400
2024-04-29,173.5,176.02999877929688,173.10000610351562,173.3699951171875,68169400
2024-04-30,170.3300018310547,174.99000549316406,170.0,173.3300018310547,65934800
2024-05-01,169.3000030517578,172.7100067138672,169.11000061035156,169.5800018310547,50383100
2024-05-02,173.02999877929688,173.4199981689453,170.88999938964844,172.50999450683594,94214900
2024-05-03,183.3800048828125,187.0,182.66000366210938,186.64999389648438,163224100
2024-05-06,181.7100067138672,184.1999969482422,180.4199981689453,182.35000610351562,78569700
2024-05-07,182.39999389648438,184.89999389648438,181.32000732421875,183.4499969482422,77305800
2024-05-08,182.74000549316406,183.07000732421875,181.4499969482422,182.85000610351562,45057100
2024-05-09,184.57000732421875,184.66000366210938,182.11000061035156,182.55999755859375,48983000
2024-05-10,183.0500030517578,185.08999633789062,182.1300048828125,184.89999389648438,50759500
2024-05-13,186.27999877929688,187.10000610351562,184.6199951171875,185.44000244140625,72044800
2024-05-14,187.42999267578125,188.3000030517578,186.2899932861328,187.50999450683594,52393600
2024-05-15,189.72000122070312,190.64999389648438,187.3699951171875,187.91000366210938,70400000
2024-05-16,189.83999633789062,191.10000610351562,189.66000366210938,190.47000122070312,52845200
2024-05-17,189.8699951171875,190.80999755859375,189.17999267578125,189.50999450683594,41282900
2024-05-20,191.0399932861328,191.9199981689453,189.00999450683594,189.3300018310547,44361300
2024-05-21,192.35000610351562,192.72999572753906,190.9199981689453,191.08999633789062,42309400
2024-05-22,190.89999389648438,192.82000732421875,190.27000427246094,192.27000427246094,34648500
2024-05-23,186.8800048828125,191.0,186.6300048828125,190.97999572753906,51005900
2024-05-24,189.97999572753906,190.5800018310547,188.0399932861328,188.82000732421875,36327000
2024-05-28,189.99000549316406,193.0,189.10000610351562,191.50999450683594,52280100
2024-05-29,190.2899932861328,192.25,189.50999450683594,189.61000061035156,53068000
2024-05-30,191.2899932861328,192.17999267578125,190.6300048828125,190.75999450683594,49889100
2024-05-31,192.25,192.57000732421875,189.91000366210938,191.44000244140625,75158300
2024-06-03,194.02999877929688,194.99000549316406,192.52000427246094,192.89999389648438,50080500
2024-06-04,194.35000610351562,195.32000732421875,193.02999877929688,194.63999938964844,47471400
2024-06-05,195.8699951171875,196.89999389648438,194.8699951171875,195.39999389648438,54156800
2024-06-06,194.47999572753906,196.5,194.1699981689453,195.69000244140625,41181800
2024-06-07,196.88999938964844,196.94000244140625,194.13999938964844,194.64999389648438,53103900
2024-06-10,193.1199951171875,197.3000030517578,192.14999389648438,196.89999389648438,97010200
2024-06-11,207.14999389648438,207.16000366210938,193.6300048828125,193.64999389648438,172373300
2024-06-12,213.07000732421875,220.1999969482422,206.89999389648438,207.3699951171875,198134300
2024-06-13,214.24000549316406,216.75,211.60000610351562,214.74000549316406,97862700
2024-06-14,212.49000549316406,215.1699981689453,211.3000030517578,213.85000610351562,70122700
2024-06-17,216.6699981689453,218.9499969482422,212.72000122070312,213.3699951171875,93728300
2024-06-18,214.2899932861328,218.6300048828125,213.0,217.58999633789062,79943300
2024-06-20,209.67999267578125,214.24000549316406,208.85000610351562,213.92999267578125,86172500
2024-06-21,207.49000549316406,211.88999938964844,207.11000061035156,210.38999938964844,241805100
2024-06-24,208.13999938964844,212.6999969482422,206.58999633789062,207.72000122070312,80727000
2024-06-25,209.07000732421875,211.3800048828125,208.61000061035156,209.14999389648438,55549700
2024-06-26,213.25,214.86000061035156,210.63999938964844,211.5,66213200
2024-06-27,214.10000610351562,215.74000549316406,212.35000610351562,214.69000244140625,49772700
2024-06-28,210.6199951171875,216.07000732421875,210.3000030517578,215.77000427246094,82542700
2024-07-01,216.75,217.50999450683594,211.9199981689453,212.08999633789062,60402900
2024-07-02,220.27000427246094,220.3800048828125,215.10000610351562,216.14999389648438,58046200
2024-07-03,221.5500030517578,221.5500030517578,219.02999877929688,220.0,37369800
2024-07-05,226.33999633789062,226.4499969482422,221.64999389648438,221.64999389648438,60412400
2024-07-08,227.82000732421875,227.85000610351562,223.25,227.08999633789062,59085900
2024-07-09,228.67999267578125,229.39999389648438,226.3699951171875,227.92999267578125,48076100
2024-07-10,232.97999572753906,233.0800018310547,229.25,229.3000030517578,62627700
2024-07-11,227.57000732421875,232.38999938964844,225.77000427246094,231.38999938964844,64710600
2024-07-12,230.5399932861328,232.63999938964844,228.67999267578125,228.9199981689453,53046500
2024-07-15,234.39999389648438,237.22999572753906,233.08999633789062,236.47999572753906,62631300
2024-07-16,234.82000732421875,236.27000427246094,232.3300018310547,235.0,43234300
2024-07-17,228.8800048828125,231.4600067138672,226.63999938964844,229.4499969482422,57345900
2024-07-18,224.17999267578125,230.44000244140625,222.27000427246094,230.27999877929688,66034600
2024-07-19,224.30999755859375,226.8000030517578,223.27999877929688,224.82000732421875,49151500
2024-07-22,223.9600067138672,227.77999877929688,223.08999633789062,227.00999450683594,48201800
2024-07-23,225.00999450683594,226.94000244140625,222.67999267578125,224.3699951171875,39960300
2024-07-24,218.5399932861328,224.8000030517578,217.1300048828125,224.0,61777600
2024-07-25,217.49000549316406,220.85000610351562,214.6199951171875,218.92999267578125,51391200
2024-07-26,217.9600067138672,219.49000549316406,216.00999450683594,218.6999969482422,41601300
2024-07-29,218.24000549316406,219.3000030517578,215.75,216.9600067138672,36311800
2024-07-30,218.8000030517578,220.3300018310547,216.1199951171875,219.19000244140625,41643800
2024-07-31,222.0800018310547,223.82000732421875,220.6300048828125,221.44000244140625,50036300
2024-08-01,218.36000061035156,224.47999572753906,217.02000427246094,224.3699951171875,62501000
2024-08-02,219.86000061035156,225.60000610351562,217.7100067138672,219.14999389648438,105568600
2024-08-05,209.27000427246094,213.5,196.0,199.08999633789062,119548600
2024-08-06,207.22999572753906,209.99000549316406,201.07000732421875,205.3000030517578,69660500
2024-08-07,209.82000732421875,213.63999938964844,206.38999938964844,206.89999389648438,63516400
2024-08-08,213.30999755859375,214.1999969482422,208.8300018310547,213.11000061035156,47161100
2024-08-09,216.24000549316406,216.77999877929688,211.97000122070312,212.10000610351562,42201600
2024-08-12,217.52999877929688,219.50999450683594,215.60000610351562,216.07000732421875,38028100
2024-08-13,221.27000427246094,221.88999938964844,219.00999450683594,219.00999450683594,44155300
2024-08-14,221.72000122070312,223.02999877929688,219.6999969482422,220.57000732421875,41960600
2024-08-15,224.72000122070312,225.35000610351562,222.75999450683594,224.60000610351562,46414000
2024-08-16,226.0500030517578,226.8300018310547,223.64999389648438,223.9199981689453,44340200
2024-08-19,225.88999938964844,225.99000549316406,223.0399932861328,225.72000122070312,40687800
2024-08-20,226.50999450683594,227.1699981689453,225.4499969482422,225.77000427246094,30299000
2024-08-21,226.39999389648438,227.97999572753906,225.0500030517578,226.52000427246094,34765500
2024-08-22,224.52999877929688,228.33999633789062,223.89999389648438,227.7899932861328,43695300
2024-08-23,226.83999633789062,228.22000122070312,224.3300018310547,225.66000366210938,38677300
2024-08-26,227.17999267578125,227.27999877929688,223.88999938964844,226.75999450683594,30602200
2024-08-27,228.02999877929688,228.85000610351562,224.88999938964844,226.0,35934600
2024-08-28,226.49000549316406,229.86000061035156,225.67999267578125,227.9199981689453,38052200
2024-08-29,229.7899932861328,232.9199981689453,228.8800048828125,230.10000610351562,51906300
2024-08-30,229.0,230.39999389648438,227.47999572753906,230.19000244140625,52990800
2024-09-03,222.77000427246094,229.0,221.1699981689453,228.5500030517578,50190600
2024-09-04,220.85000610351562,221.77999877929688,217.47999572753906,221.66000366210938,43840200
2024-09-05,222.3800048828125,225.47999572753906,221.52000427246094,221.6300048828125,36615400
2024-09-06,220.82000732421875,225.24000549316406,219.77000427246094,223.9499969482422,48423000
2024-09-09,220.91000366210938,221.27000427246094,216.7100067138672,220.82000732421875,67180000
2024-09-10,220.11000061035156,221.47999572753906,216.72999572753906,218.9199981689453,51591000
2024-09-11,222.66000366210938,223.08999633789062,217.88999938964844,221.4600067138672,44587100
2024-09-12,222.77000427246094,223.5500030517578,219.82000732421875,222.5,37455600
2024-09-13,222.5,224.0399932861328,221.91000366210938,223.5800018310547,36766600
2024-09-16,216.32000732421875,217.22000122070312,213.9199981689453,216.5399932861328,59357400
2024-09-17,216.7899932861328,216.89999389648438,214.5,215.75,45519300
2024-09-18,220.69000244140625,222.7100067138672,217.5399932861328,217.5500030517578,59894900
2024-09-19,228.8699951171875,229.82000732421875,224.6300048828125,224.99000549316406,66781300
2024-09-20,228.1999969482422,233.08999633789062,227.6199951171875,229.97000122070312,318679900
2024-09-23,226.47000122070312,229.4499969482422,225.80999755859375,227.33999633789062,54146000
2024-09-24,227.3699951171875,229.35000610351562,225.72999572753906,228.64999389648438,43556100
2024-09-25,226.3699951171875,227.2899932861328,224.02000427246094,224.92999267578125,42308700
2024-09-26,227.52000427246094,228.5,225.41000366210938,227.3000030517578,36636700
2024-09-27,227.7899932861328,229.52000427246094,227.3000030517578,228.4600067138672,34026000
2024-09-30,233.0,233.0,229.64999389648438,230.0399932861328,54541900
2024-10-01,226.2100067138672,229.64999389648438,223.74000549316406,229.52000427246094,63285000
2024-10-02,226.77999877929688,227.3699951171875,223.02000427246094,225.88999938964844,32880600
2024-10-03,225.6699981689453,226.80999755859375,223.32000732421875,225.13999938964844,34044200
2024-10-04,226.8000030517578,228.0,224.1300048828125,227.89999389648438,37245100
2024-10-07,221.69000244140625,225.69000244140625,221.3300018310547,224.5,39505400
2024-10-08,225.77000427246094,225.97999572753906,223.25,224.3000030517578,31855700
2024-10-09,229.5399932861328,229.75,224.8300018310547,225.22999572753906,33591100
2024-10-10,229.0399932861328,229.5,227.1699981689453,227.77999877929688,28183500
2024-10-11,227.5500030517578,229.41000366210938,227.33999633789062,229.3000030517578,31759200
2024-10-14,231.3000030517578,231.72999572753906,228.60000610351562,228.6999969482422,39882100
2024-10-15,233.85000610351562,237.49000549316406,232.3699951171875,233.61000061035156,64751400
2024-10-16,231.77999877929688,232.1199951171875,229.83999633789062,231.60000610351562,34082200
2024-10-17,232.14999389648438,233.85000610351562,230.52000427246094,233.42999267578125,32993800
2024-10-18,235.0,236.17999267578125,234.00999450683594,236.17999267578125,46431500
2024-10-21,236.47999572753906,236.85000610351562,234.4499969482422,234.4499969482422,36254500
2024-10-22,235.86000061035156,236.22000122070312,232.60000610351562,233.88999938964844,38846600
2024-10-23,230.75999450683594,235.13999938964844,227.75999450683594,234.0800018310547,52287000
2024-10-24,230.57000732421875,230.82000732421875,228.41000366210938,229.97999572753906,31109500
2024-10-25,231.41000366210938,233.22000122070312,229.57000732421875,229.74000549316406,38802300
2024-10-28,233.39999389648438,234.72999572753906,232.5500030517578,233.32000732421875,36087100
2024-10-29,233.6699981689453,234.3300018310547,232.32000732421875,233.10000610351562,35417200
2024-10-30,230.10000610351562,233.47000122070312,229.5500030517578,232.61000061035156,47070900
2024-10-31,225.91000366210938,229.8300018310547,225.3699951171875,229.33999633789062,64370100
2024-11-01,222.91000366210938,225.35000610351562,220.27000427246094,220.97000122070312,65276700
2024-11-04,222.00999450683594,222.7899932861328,219.7100067138672,220.99000549316406,44944500
2024-11-05,223.4499969482422,223.9499969482422,221.13999938964844,221.8000030517578,28111300
2024-11-06,222.72000122070312,226.07000732421875,221.19000244140625,222.61000061035156,54561100
2024-11-07,227.47999572753906,227.8800048828125,224.57000732421875,224.6300048828125,42137700
2024-11-08,226.9600067138672,228.66000366210938,226.41000366210938,227.1699981689453,38328800
2024-11-11,224.22999572753906,225.6999969482422,221.5,225.0,42005600
2024-11-12,224.22999572753906,225.58999633789062,223.36000061035156,224.5500030517578,40398300
2024-11-13,225.1199951171875,226.64999389648438,222.75999450683594,224.00999450683594,48566200
2024-11-14,228.22000122070312,228.8699951171875,225.0,225.02000427246094,44923900
2024-11-15,225.0,226.9199981689453,224.27000427246094,226.39999389648438,47923700
2024-11-18,228.02000427246094,229.74000549316406,225.1699981689453,225.25,44633700
2024-11-19,228.27999877929688,230.16000366210938,226.66000366210938,226.97999572753906,36211800
2024-11-20,229.0,229.92999267578125,225.88999938964844,228.05999755859375,35169600
2024-11-21,228.52000427246094,230.16000366210938,225.7100067138672,228.8800048828125,42108300
2024-11-22,229.8699951171875,230.72000122070312,228.05999755859375,228.05999755859375,38168300
2024-11-25,232.8699951171875,233.25,229.74000549316406,231.4600067138672,90152800
2024-11-26,235.05999755859375,235.57000732421875,233.3300018310547,233.3300018310547,45986200
2024-11-27,234.92999267578125,235.69000244140625,233.80999755859375,234.47000122070312,33498400
2024-11-29,237.3300018310547,237.80999755859375,233.97000122070312,234.80999755859375,28481400
2024-12-02,239.58999633789062,240.7899932861328,237.16000366210938,237.27000427246094,48137100
2024-12-03,242.64999389648438,242.75999450683594,238.89999389648438,239.80999755859375,38861000
2024-12-04,243.00999450683594,244.11000061035156,241.25,242.8699951171875,44383900
2024-12-05,243.0399932861328,244.5399932861328,242.1300048828125,243.99000549316406,40033900
2024-12-06,242.83999633789062,244.6300048828125,242.0800018310547,242.91000366210938,36870600
2024-12-09,246.75,247.24000549316406,241.75,241.8300018310547,44649200
2024-12-10,247.77000427246094,248.2100067138672,245.33999633789062,246.88999938964844,36914800
2024-12-11,246.49000549316406,250.8000030517578,246.25999450683594,247.9600067138672,45205800
2024-12-12,247.9600067138672,248.74000549316406,245.67999267578125,246.88999938964844,32777500
2024-12-13,248.1300048828125,249.2899932861328,246.24000549316406,247.82000732421875,33155300
2024-12-16,251.0399932861328,251.3800048828125,247.64999389648438,247.99000549316406,51694800
2024-12-17,253.47999572753906,253.8300018310547,249.77999877929688,250.0800018310547,51356400
2024-12-18,248.0500030517578,254.27999877929688,247.74000549316406,252.16000366210938,56774100
2024-12-19,249.7899932861328,252.0,247.08999633789062,247.5,60882300
2024-12-20,254.49000549316406,255.0,245.69000244140625,248.0399932861328,147495300
2024-12-23,255.27000427246094,255.64999389648438,253.4499969482422,254.77000427246094,40858800
2024-12-24,258.20001220703125,258.2099914550781,255.2899932861328,255.49000549316406,23234700
2024-12-26,259.0199890136719,260.1000061035156,257.6300048828125,258.19000244140625,27237100
2024-12-27,255.58999633789062,258.70001220703125,253.05999755859375,257.8299865722656,42355300
2024-12-30,252.1999969482422,253.5,250.75,252.22999572753906,35557500
2024-12-31,250.4199981689453,253.27999877929688,249.42999267578125,252.44000244140625,39480700
2025-01-02,243.85000610351562,249.10000610351562,241.82000732421875,248.92999267578125,55740700
2025-01-03,243.36000061035156,244.17999267578125,241.88999938964844,243.36000061035156,40244100
2025-01-06,245.0,247.3300018310547,243.1999969482422,244.30999755859375,45045600
2025-01-07,242.2100067138672,245.5500030517578,241.35000610351562,242.97999572753906,40856000
2025-01-08,242.6999969482422,243.7100067138672,240.0500030517578,241.9199981689453,37628900
2025-01-10,236.85000610351562,240.16000366210938,233.0,240.00999450683594,61710900
2025-01-13,234.39999389648438,234.6699981689453,229.72000122070312,233.52999877929688,49630700
2025-01-14,233.27999877929688,236.1199951171875,232.47000122070312,234.75,39435300
2025-01-15,237.8699951171875,238.9600067138672,234.42999267578125,234.63999938964844,39832000
2025-01-16,228.25999450683594,238.00999450683594,228.02999877929688,237.35000610351562,71759100
2025-01-17,229.97999572753906,232.2899932861328,228.47999572753906,232.1199951171875,68488300
2025-01-21,222.63999938964844,224.4199981689453,219.3800048828125,224.0,98070400
2025-01-22,223.8300018310547,224.1199951171875,219.7899932861328,219.7899932861328,64126500
2025-01-23,223.66000366210938,227.02999877929688,222.3000030517578,224.74000549316406,60234800
2025-01-24,222.77999877929688,225.6300048828125,221.41000366210938,224.77999877929688,54697900
2025-01-27,229.86000061035156,232.14999389648438,223.97999572753906,224.02000427246094,94863400
2025-01-28,238.25999450683594,240.19000244140625,230.80999755859375,230.85000610351562,75707600
2025-01-29,239.36000061035156,239.86000061035156,234.00999450683594,234.1199951171875,45486100
2025-01-30,237.58999633789062,240.7899932861328,237.2100067138672,238.6699981689453,55658300
2025-01-31,236.0,247.19000244140625,233.44000244140625,247.19000244140625,100959800
2025-02-03,228.00999450683594,231.8300018310547,225.6999969482422,229.99000549316406,73063300
2025-02-04,232.8000030517578,233.1300048828125,226.64999389648438,227.25,45067300
2025-02-05,232.47000122070312,232.6699981689453,228.27000427246094,228.52999877929688,39620300
2025-02-06,233.22000122070312,233.8000030517578,230.42999267578125,231.2899932861328,29925300
2025-02-07,227.6300048828125,234.0,227.25999450683594,232.60000610351562,39707200
2025-02-10,227.64999389648438,230.58999633789062,227.1999969482422,229.57000732421875,33115600
2025-02-11,232.6199951171875,235.22999572753906,228.1300048828125,228.1999969482422,53718400
2025-02-12,236.8699951171875,236.9600067138672,230.67999267578125,231.1999969482422,45243300
2025-02-13,241.52999877929688,242.33999633789062,235.57000732421875,236.91000366210938,53614100
2025-02-14,244.60000610351562,245.5500030517578,240.99000549316406,241.25,40896200
2025-02-18,244.47000122070312,245.17999267578125,241.83999633789062,244.14999389648438,48822500
2025-02-19,244.8699951171875,246.00999450683594,243.16000366210938,244.66000366210938,32204200
2025-02-20,245.8300018310547,246.77999877929688,244.2899932861328,244.94000244140625,32316900
2025-02-21,245.5500030517578,248.69000244140625,245.22000122070312,245.9499969482422,53197400
2025-02-24,247.10000610351562,248.86000061035156,244.4199981689453,244.92999267578125,51326400
2025-02-25,247.0399932861328,250.0,244.91000366210938,248.0,48013300
2025-02-26,240.36000061035156,244.97999572753906,239.1300048828125,244.3300018310547,44433600
2025-02-27,237.3000030517578,242.4600067138672,237.05999755859375,239.41000366210938,41153600
2025-02-28,241.83999633789062,242.08999633789062,230.1999969482422,236.9499969482422,56833400
2025-03-03,238.02999877929688,244.02999877929688,236.11000061035156,241.7899932861328,47184000
2025-03-04,235.92999267578125,240.07000732421875,234.67999267578125,237.7100067138672,53798100
2025-03-05,235.74000549316406,236.5500030517578,229.22999572753906,235.4199981689453,47227600
2025-03-06,235.3300018310547,237.86000061035156,233.16000366210938,234.44000244140625,45170400
2025-03-07,239.07000732421875,241.3699951171875,234.75999450683594,235.11000061035156,46273600
2025-03-10,227.47999572753906,236.16000366210938,224.22000122070312,235.5399932861328,72071200
2025-03-11,220.83999633789062,225.83999633789062,217.4499969482422,223.80999755859375,76137400
2025-03-12,216.97999572753906,221.75,214.91000366210938,220.13999938964844,62547500
2025-03-13,209.67999267578125,216.83999633789062,208.4199981689453,215.9499969482422,61368300
2025-03-14,213.49000549316406,213.9499969482422,209.5800018310547,211.25,60107600
2025-03-17,214.0,215.22000122070312,209.97000122070312,213.30999755859375,48073400
2025-03-18,212.69000244140625,215.14999389648438,211.49000549316406,214.16000366210938,42432400
2025-03-19,215.24000549316406,218.75999450683594,213.75,214.22000122070312,54385400
2025-03-20,214.10000610351562,217.49000549316406,212.22000122070312,213.99000549316406,48862900
2025-03-21,218.27000427246094,218.83999633789062,211.27999877929688,211.55999755859375,94127800
2025-03-24,220.72999572753906,221.47999572753906,218.5800018310547,221.0,44299500
2025-03-25,223.75,224.10000610351562,220.0800018310547,220.77000427246094,34493600
2025-03-26,221.52999877929688,225.02000427246094,220.47000122070312,223.50999450683594,34466100
2025-03-27,223.85000610351562,224.99000549316406,220.55999755859375,221.38999938964844,37094800
2025-03-28,217.89999389648438,223.80999755859375,217.67999267578125,221.6699981689453,39818600
2025-03-31,222.1300048828125,225.6199951171875,216.22999572753906,217.00999450683594,65299300
2025-04-01,223.19000244140625,223.67999267578125,218.89999389648438,219.80999755859375,36412700
2025-04-02,223.88999938964844,225.19000244140625,221.02000427246094,221.32000732421875,35905900
2025-04-03,203.19000244140625,207.49000549316406,201.25,205.5399932861328,103419000
2025-04-04,188.3800048828125,199.8800048828125,187.33999633789062,193.88999938964844,125910900
2025-04-07,181.4600067138672,194.14999389648438,174.6199951171875,177.1999969482422,160466300
2025-04-08,172.4199981689453,190.33999633789062,169.2100067138672,186.6999969482422,120859500
2025-04-09,198.85000610351562,200.61000061035156,171.88999938964844,171.9499969482422,184395900
2025-04-10,190.4199981689453,194.77999877929688,183.0,189.07000732421875,121880000
2025-04-11,198.14999389648438,199.5399932861328,186.05999755859375,186.10000610351562,87435900
2025-04-14,202.52000427246094,212.94000244140625,201.16000366210938,211.44000244140625,101352900
2025-04-15,202.13999938964844,203.50999450683594,199.8000030517578,201.86000061035156,51343900
2025-04-16,194.27000427246094,200.6999969482422,192.3699951171875,198.36000061035156,59732400
2025-04-17,196.97999572753906,198.8300018310547,194.4199981689453,197.1999969482422,52164700
2025-04-21,193.16000366210938,193.8000030517578,189.80999755859375,193.27000427246094,46742500
2025-04-22,199.74000549316406,201.58999633789062,195.97000122070312,196.1199951171875,52976400
2025-04-23,204.60000610351562,208.0,202.8000030517578,206.0,52929200
2025-04-24,208.3699951171875,208.8300018310547,202.94000244140625,204.88999938964844,47311000
2025-04-25,209.27999877929688,209.75,206.1999969482422,206.3699951171875,38222300
2025-04-28,210.13999938964844,211.5,207.4600067138672,210.0,38743100
2025-04-29,211.2100067138672,212.24000549316406,208.3699951171875,208.69000244140625,36827600
2025-04-30,212.5,213.5800018310547,206.6699981689453,209.3000030517578,52286500
2025-05-01,213.32000732421875,214.55999755859375,208.89999389648438,209.0800018310547,57365700
2025-05-02,205.35000610351562,206.99000549316406,202.16000366210938,206.08999633789062,101010600
2025-05-05,198.88999938964844,204.10000610351562,198.2100067138672,203.10000610351562,69018500
2025-05-06,198.50999450683594,200.64999389648438,197.02000427246094,198.2100067138672,51216500
2025-05-07,196.25,199.44000244140625,193.25,199.1699981689453,68536700
2025-05-08,197.49000549316406,200.0500030517578,194.67999267578125,197.72000122070312,50478900
2025-05-09,198.52999877929688,200.5399932861328,197.5399932861328,199.0,36453900
2025-05-12,210.7899932861328,211.27000427246094,206.75,210.97000122070312,63775800
2025-05-13,212.92999267578125,213.39999389648438,209.0,210.42999267578125,51909300
2025-05-14,212.3300018310547,213.94000244140625,210.5800018310547,212.42999267578125,49325800
2025-05-15,211.4499969482422,212.9600067138672,209.5399932861328,210.9499969482422,45029500
2025-05-16,211.25999450683594,212.57000732421875,209.77000427246094,212.36000061035156,54737900
2025-05-19,208.77999877929688,209.47999572753906,204.25999450683594,207.91000366210938,46140500
2025-05-20,206.86000061035156,208.47000122070312,205.02999877929688,207.6699981689453,42496600
2025-05-21,202.08999633789062,207.0399932861328,200.7100067138672,205.1699981689453,59211800
2025-05-22,201.36000061035156,202.75,199.6999969482422,200.7100067138672,46742400
2025-05-23,195.27000427246094,197.6999969482422,193.4600067138672,193.6699981689453,78432900
2025-05-27,200.2100067138672,200.74000549316406,197.42999267578125,198.3000030517578,56288500
2025-05-28,200.4199981689453,202.72999572753906,199.89999389648438,200.58999633789062,45339700
2025-05-29,199.9499969482422,203.80999755859375,198.50999450683594,203.5800018310547,51396800
2025-05-30,200.85000610351562,201.9600067138672,196.77999877929688,199.3699951171875,70819900
2025-06-02,201.6999969482422,202.1300048828125,200.1199951171875,200.27999877929688,35423300
2025-06-03,203.27000427246094,203.77000427246094,200.9600067138672,201.35000610351562,46381600
2025-06-04,202.82000732421875,206.24000549316406,202.10000610351562,202.91000366210938,43604000
2025-06-05,200.6300048828125,204.75,200.14999389648438,203.5,55126100
2025-06-06,203.9199981689453,205.6999969482422,202.0500030517578,203.0,46607700
2025-06-09,201.4499969482422,206.0,200.02000427246094,204.38999938964844,72862600
2025-06-10,202.6699981689453,204.35000610351562,200.57000732421875,200.60000610351562,54672600
2025-06-11,198.77999877929688,204.5,198.41000366210938,203.5,60989900
2025-06-12,199.1999969482422,199.67999267578125,197.36000061035156,199.0800018310547,43904600
2025-06-13,196.4499969482422,200.3699951171875,195.6999969482422,199.72999572753906,51447300
2025-06-16,198.4199981689453,198.69000244140625,196.55999755859375,197.3000030517578,43020700
2025-06-17,195.63999938964844,198.38999938964844,195.2100067138672,197.1999969482422,38856200
2025-06-18,196.5800018310547,197.57000732421875,195.07000732421875,195.94000244140625,45394700
2025-06-20,201.0,201.6999969482422,196.86000061035156,198.24000549316406,96813500
2025-06-23,201.5,202.3000030517578,198.9600067138672,201.6300048828125,55814300
2025-06-24,200.3000030517578,203.44000244140625,200.1999969482422,202.58999633789062,54064000
2025-06-25,201.55999755859375,203.6699981689453,200.6199951171875,201.4499969482422,39525700
2025-06-26,201.0,202.63999938964844,199.4600067138672,201.42999267578125,50799100
2025-06-27,201.0800018310547,203.22000122070312,200.0,201.88999938964844,73188600
2025-06-30,205.1699981689453,207.38999938964844,199.25999450683594,202.00999450683594,91912800
2025-07-01,207.82000732421875,210.19000244140625,206.13999938964844,206.6699981689453,78788900
2025-07-02,212.44000244140625,213.33999633789062,208.13999938964844,208.91000366210938,67941800
2025-07-03,213.5500030517578,214.64999389648438,211.80999755859375,212.14999389648438,34955800
2025-07-07,209.9499969482422,216.22999572753906,208.8000030517578,212.67999267578125,50229000
2025-07-08,210.00999450683594,211.42999267578125,208.4499969482422,210.10000610351562,42848900
2025-07-09,211.13999938964844,211.3300018310547,207.22000122070312,209.52999877929688,48749400
2025-07-10,212.41000366210938,213.47999572753906,210.02999877929688,210.50999450683594,44443600
2025-07-11,211.16000366210938,212.1300048828125,209.86000061035156,210.57000732421875,39765800
2025-07-14,208.6199951171875,210.91000366210938,207.5399932861328,209.92999267578125,38840100
2025-07-15,209.11000061035156,211.88999938964844,208.9199981689453,209.22000122070312,42296300
2025-07-16,210.16000366210938,212.39999389648438,208.63999938964844,210.3000030517578,47490500
2025-07-17,210.02000427246094,211.8000030517578,209.58999633789062,210.57000732421875,48068100
2025-07-18,211.17999267578125,211.7899932861328,209.6999969482422,210.8699951171875,48974600
2025-07-21,212.47999572753906,215.77999877929688,211.6300048828125,212.10000610351562,51377400
2025-07-22,214.39999389648438,214.9499969482422,212.22999572753906,213.13999938964844,46404100
2025-07-23,214.14999389648438,215.14999389648438,212.41000366210938,215.0,46989300
2025-07-24,213.75999450683594,215.69000244140625,213.52999877929688,213.89999389648438,46022600
2025-07-25,213.8800048828125,215.24000549316406,213.39999389648438,214.6999969482422,40268800
2025-07-28,214.0500030517578,214.85000610351562,213.05999755859375,214.02999877929688,37858000
2025-07-29,211.27000427246094,214.80999755859375,210.82000732421875,214.17999267578125,51411700
2025-07-30,209.0500030517578,212.38999938964844,207.72000122070312,211.89999389648438,45512500
2025-07-31,207.57000732421875,209.83999633789062,207.16000366210938,208.49000549316406,80698400
2025-08-01,202.3800048828125,213.5800018310547,201.5,210.8699951171875,104434500
2025-08-04,203.35000610351562,207.8800048828125,201.67999267578125,204.50999450683594,75109300
2025-08-05,202.9199981689453,205.33999633789062,202.16000366210938,203.39999389648438,44155100
2025-08-06,213.25,215.3800048828125,205.58999633789062,205.6300048828125,108483100
2025-08-07,220.02999877929688,220.85000610351562,216.5800018310547,218.8800048828125,90224800
2025-08-08,229.35000610351562,231.0,219.25,220.8300018310547,113854000
2025-08-11,227.17999267578125,229.55999755859375,224.75999450683594,227.9199981689453,61806100
2025-08-12,229.64999389648438,230.8000030517578,227.07000732421875,228.00999450683594,55626200
2025-08-13,233.3300018310547,235.0,230.42999267578125,231.07000732421875,69878500
2025-08-14,232.77999877929688,235.1199951171875,230.85000610351562,234.05999755859375,51916300
2025-08-15,231.58999633789062,234.27999877929688,229.33999633789062,234.0,56038700
2025-08-18,230.88999938964844,233.1199951171875,230.11000061035156,231.6999969482422,37476200
2025-08-19,230.55999755859375,232.8699951171875,229.35000610351562,231.27999877929688,39402600
2025-08-20,226.00999450683594,230.47000122070312,225.77000427246094,229.97999572753906,42263900
2025-08-21,224.89999389648438,226.52000427246094,223.77999877929688,226.27000427246094,30621200
2025-08-22,227.75999450683594,229.08999633789062,225.41000366210938,226.1699981689453,42477800
2025-08-25,227.16000366210938,229.3000030517578,226.22999572753906,226.47999572753906,30983100
2025-08-26,229.30999755859375,229.49000549316406,224.69000244140625,226.8699951171875,54575100
2025-08-27,230.49000549316406,230.89999389648438,228.25999450683594,228.61000061035156,31259500
2025-08-28,232.55999755859375,233.41000366210938,229.33999633789062,230.82000732421875,38074700
2025-08-29,232.13999938964844,233.3800048828125,231.3699951171875,232.50999450683594,39418400
2025-09-02,229.72000122070312,230.85000610351562,226.97000122070312,229.25,44075600
2025-09-03,238.47000122070312,238.85000610351562,234.36000061035156,237.2100067138672,66427800
2025-09-04,239.77999877929688,239.89999389648438,236.74000549316406,238.4499969482422,47549400
2025-09-05,239.69000244140625,241.32000732421875,238.49000549316406,240.0,54870400
2025-09-08,237.8800048828125,240.14999389648438,236.33999633789062,239.3000030517578,48999500
2025-09-09,234.35000610351562,238.77999877929688,233.36000061035156,237.0,66313900
2025-09-10,226.7899932861328,232.4199981689453,225.9499969482422,232.19000244140625,83440800
2025-09-11,230.02999877929688,230.4499969482422,226.64999389648438,226.8800048828125,50208600
2025-09-12,234.07000732421875,234.50999450683594,229.02000427246094,229.22000122070312,55824200
2025-09-15,236.6999969482422,238.19000244140625,235.02999877929688,237.0,42699500
2025-09-16,238.14999389648438,241.22000122070312,236.32000732421875,237.17999267578125,63421100
2025-09-17,238.99000549316406,240.10000610351562,237.72999572753906,238.97000122070312,46508000
2025-09-18,237.8800048828125,241.1999969482422,236.64999389648438,239.97000122070312,44249600
2025-09-19,245.5,246.3000030517578,240.2100067138672,241.22999572753906,163741300
2025-09-22,256.0799865722656,256.6400146484375,248.1199951171875,248.3000030517578,105517400
2025-09-23,254.42999267578125,257.3399963378906,253.5800018310547,255.8800048828125,60275200
2025-09-24,252.30999755859375,255.74000549316406,251.0399932861328,255.22000122070312,42303700
2025-09-25,256.8699951171875,257.1700134277344,251.7100067138672,253.2100067138672,55202100
2025-09-26,255.4600067138672,257.6000061035156,253.77999877929688,254.10000610351562,46076300
2025-09-29,254.42999267578125,255.0,253.00999450683594,254.55999755859375,40127700
2025-09-30,254.6300048828125,255.9199981689453,253.11000061035156,254.86000061035156,37704300
2025-10-01,255.4499969482422,258.7900085449219,254.92999267578125,255.0399932861328,48713900
2025-10-02,257.1300048828125,258.17999267578125,254.14999389648438,256.5799865722656,42630200
2025-10-03,258.0199890136719,259.239990234375,253.9499969482422,254.6699981689453,49155600
2025-10-06,256.69000244140625,259.07000732421875,255.0500030517578,257.989990234375,44664100
2025-10-07,256.4800109863281,257.3999938964844,255.42999267578125,256.80999755859375,31955800
2025-10-08,258.05999755859375,258.5199890136719,256.1099853515625,256.5199890136719,36496900
2025-10-09,254.0399932861328,258.0,253.13999938964844,257.80999755859375,38322000
2025-10-10,245.27000427246094,256.3800048828125,244.0,254.94000244140625,61999100
2025-10-13,247.66000366210938,249.69000244140625,245.55999755859375,249.3800048828125,38142900
2025-10-14,247.77000427246094,248.85000610351562,244.6999969482422,246.60000610351562,35478000
2025-10-15,249.33999633789062,251.82000732421875,247.47000122070312,249.49000549316406,33893600
2025-10-16,247.4499969482422,249.0399932861328,245.1300048828125,248.25,39777000
2025-10-17,252.2899932861328,253.3800048828125,247.27000427246094,248.02000427246094,49147000
2025-10-20,262.239990234375,264.3800048828125,255.6300048828125,255.88999938964844,90483000
2025-10-21,262.7699890136719,265.2900085449219,261.8299865722656,261.8800048828125,46695900
2025-10-22,258.45001220703125,262.8500061035156,255.42999267578125,262.6499938964844,45015300
2025-10-23,259.5799865722656,260.6199951171875,258.010009765625,259.94000244140625,32754900
2025-10-24,262.82000732421875,264.1300048828125,259.17999267578125,261.19000244140625,38253700
2025-10-27,268.80999755859375,269.1199951171875,264.6499938964844,264.8800048828125,44888200
2025-10-28,269.0,269.8900146484375,268.1499938964844,268.989990234375,41534800
2025-10-29,269.70001220703125,271.4100036621094,267.1099853515625,269.2799987792969,51086700
2025-10-30,271.3999938964844,274.1400146484375,268.4800109863281,271.989990234375,69886500
2025-10-31,270.3699951171875,277.32000732421875,269.1600036621094,276.989990234375,86167100
2025-11-03,269.04998779296875,270.8500061035156,266.25,270.4200134277344,50194600
2025-11-04,270.0400085449219,271.489990234375,267.6199951171875,268.3299865722656,49274800
2025-11-05,270.1400146484375,271.70001220703125,266.92999267578125,268.6099853515625,43683100
2025-11-06,269.7699890136719,273.3999938964844,267.8900146484375,267.8900146484375,51204000
2025-11-07,268.4700012207031,272.2900085449219,266.7699890136719,269.79998779296875,48227400
2025-11-10,269.42999267578125,273.7300109863281,267.4599914550781,268.9599914550781,41312400
2025-11-11,275.25,275.9100036621094,269.79998779296875,269.80999755859375,46208300
2025-11-12,273.4700012207031,275.7300109863281,271.70001220703125,275.0,48398000
2025-11-13,272.95001220703125,276.70001220703125,272.0899963378906,274.1099853515625,49602800
2025-11-14,272.4100036621094,275.9599914550781,269.6000061035156,271.04998779296875,47431300
2025-11-17,267.4599914550781,270.489990234375,265.7300109863281,268.82000732421875,45018300
2025-11-18,267.44000244140625,270.7099914550781,265.32000732421875,269.989990234375,45677300
2025-11-19,268.55999755859375,272.2099914550781,265.5,265.5299987792969,40424500
2025-11-20,266.25,275.42999267578125,265.9200134277344,270.8299865722656,45823600
2025-11-21,271.489990234375,273.3299865722656,265.6700134277344,265.95001220703125,59030800
2025-11-24,275.9200134277344,277.0,270.8999938964844,270.8999938964844,65585800
2025-11-25,276.9700012207031,280.3800048828125,275.25,275.2699890136719,46914200
2025-11-26,277.54998779296875,279.5299987792969,276.6300048828125,276.9599914550781,33431400
2025-11-28,278.8500061035156,279.0,275.989990234375,277.260009765625,20135600
2025-12-01,283.1000061035156,283.4200134277344,276.1400146484375,278.010009765625,46587700
2025-12-02,286.19000244140625,287.3999938964844,282.6300048828125,283.0,53669500
2025-12-03,284.1499938964844,288.6199951171875,283.29998779296875,286.20001220703125,43538700
2025-12-04,280.70001220703125,284.7300109863281,278.5899963378906,284.1000061035156,43989100
2025-12-05,278.7799987792969,281.1400146484375,278.04998779296875,280.5400085449219,47265800
2025-12-08,277.8900146484375,279.6700134277344,276.1499938964844,278.1300048828125,38211800
2025-12-09,277.17999267578125,280.0299987792969,276.9200134277344,278.1600036621094,32193300
2025-12-10,278.7799987792969,279.75,276.44000244140625,277.75,33038300
2025-12-11,278.0299987792969,279.5899963378906,273.80999755859375,279.1000061035156,33248000
2025-12-12,278.2799987792969,279.2200012207031,276.82000732421875,277.8999938964844,39532900
2025-12-15,274.1099853515625,280.1499938964844,272.8399963378906,280.1499938964844,50409100
2025-12-16,274.6099853515625,275.5,271.7900085449219,272.82000732421875,37648600
2025-12-17,271.8399963378906,276.1600036621094,271.6400146484375,275.010009765625,50138700
2025-12-18,272.19000244140625,273.6300048828125,266.95001220703125,273.6099853515625,51630700
2025-12-19,273.6700134277344,274.6000061035156,269.8999938964844,272.1499938964844,144632000
2025-12-22,270.9700012207031,273.8800048828125,270.510009765625,272.8599853515625,36571800
2025-12-23,272.3599853515625,272.5,269.55999755859375,270.8399963378906,29642000
2025-12-24,273.80999755859375,275.42999267578125,272.20001220703125,272.3399963378906,17910600
2025-12-26,273.3999938964844,275.3699951171875,272.8599853515625,274.1600036621094,21521800
2025-12-29,273.760009765625,274.3599853515625,272.3500061035156,272.69000244140625,23715200
2025-12-30,273.0799865722656,274.0799865722656,272.2799987792969,272.80999755859375,22139600
2025-12-31,271.8599853515625,273.67999267578125,271.75,273.05999755859375,27293600
