Loan_ID,Gender,Married,Dependents,Education,Employment_Status,Applicant_Income,Coapplicant_Income,Loan_Amount,Loan_Term,Credit_History,Property_Area,Age,Loan_Status,Total_Income,Loan_to_Income_Ratio
LN03437,Female,Yes,3,Graduate,Salaried,34473.91166923328,13914.72157435152,240732.45836615388,180,1,Semiurban,40.08402835772523,Approved,48388.6332435848,4.974979498890256
LN04823,Female,Yes,1,Graduate,Self-Employed,59718.02068186657,18720.81478667386,122547.2784420567,180,1,Semiurban,47.24364357910529,Approved,78438.83546854043,1.5623291410440037
LN04186,Female,Yes,1,Not Graduate,Salaried,106981.51573401516,2229.1543766888117,140550.9377743688,60,1,Rural,24.29206965825301,Approved,109210.67011070397,1.2869707477474135
LN00380,Male,Yes,2,Graduate,Salaried,43205.56315638448,35578.11177097762,146135.73812668523,120,1,Semiurban,38.74224365810564,Approved,78783.6749273621,1.8548987244047854
LN04698,Female,Yes,0,Graduate,Salaried,62526.28398966401,20212.157911887247,203408.0517437992,180,1,Semiurban,41.16472074982296,Approved,82738.44190155125,2.458446727650857
LN00686,Male,Yes,0,Graduate,Salaried,55193.4920368373,9840.9468686766,26978.20889518973,240,1,Rural,38.59001637414981,Approved,65034.438905513896,0.41482957874650633
LN03978,Female,Yes,3,Graduate,Self-Employed,71362.06410257293,4873.144366315071,64638.70027147238,120,1,Urban,36.39973062520085,Approved,76235.208468888,0.8478851382409714
LN04744,Female,No,0,Graduate,Salaried,92086.78216617192,31781.7992212487,81487.17053960571,120,0,Semiurban,30.352822100318612,Rejected,123868.58138742062,0.6578518105793135
LN01422,Male,No,2,Not Graduate,Self-Employed,52700.945409142296,3658.288547222095,118807.98756563698,180,1,Urban,34.940674987596864,Approved,56359.23395636439,2.1080483041629514
LN00381,Female,No,2,Graduate,Unemployed,48012.14709111956,615.8883320544082,268723.31416419963,240,1,Semiurban,29.123910461496703,Rejected,48628.03542317396,5.52609851139777
LN03806,Male,No,1,Not Graduate,Salaried,60694.27497505124,16573.465676730775,100456.96229916424,240,0,Urban,51.040872092653046,Rejected,77267.74065178202,1.3001151768095267
LN01917,Female,Yes,0,Not Graduate,Salaried,47583.04803497768,10427.81460680804,77767.93734657929,60,1,Semiurban,51.22812328044755,Approved,58010.862641785716,1.3405754337216558
LN05809,Female,Yes,0,Graduate,Salaried,55386.76666720584,23695.72518653421,167720.32837371694,180,1,Semiurban,22.56819239804351,Approved,79082.49185374005,2.120827561730213
LN05675,Male,No,1,Graduate,Salaried,60402.129337381964,6998.2470133589595,119701.8508026245,240,0,Urban,33.77286810385638,Rejected,67400.37635074093,1.7759819348739974
LN00687,nan,Yes,1,Graduate,Unemployed,52503.58384900805,5746.077423570439,142991.1035087328,60,1,Rural,31.31821010466118,Approved,58249.66127257849,2.4547971676540383
LN01774,Female,Yes,2,Graduate,Self-Employed,45150.588286039034,23157.544866520693,141854.39033118825,180,1,Urban,37.32221441279998,Approved,68308.13315255972,2.0766837532270124
LN00346,Male,Yes,1,Graduate,Unemployed,31038.313170053516,10677.0482089267,160392.6619068823,240,1,Urban,34.2407973339632,Approved,41715.36137898022,3.844930419030288
LN05235,Female,Yes,0,Graduate,Salaried,101364.52083011648,16814.610634806388,120417.70923287772,300,0,Urban,28.3256241842979,Rejected,118179.13146492287,1.0189422425110586
LN05085,nan,No,0,Graduate,Self-Employed,106493.46611705636,14669.31998638232,,300,1,Urban,25.84414387165525,Approved,121162.78610343869,
LN04250,Male,No,0,Not Graduate,Salaried,81506.86803913795,9418.667403425494,150560.40765979496,180,1,Semiurban,35.52977797588484,Approved,90925.53544256344,1.6558649550642695
LN03283,Male,No,0,Graduate,Salaried,77529.11291005871,22020.303236673262,185813.12482342645,120,0,Semiurban,37.74645984881338,Rejected,99549.41614673198,1.8665415832227996
LN02365,Female,Yes,1,Graduate,Salaried,90674.55419832998,18516.62354974059,209806.68585455537,240,0,Urban,31.95981284506396,Rejected,109191.17774807056,1.9214618816423812
LN01916,Male,Yes,2,Graduate,Self-Employed,44244.32496183522,12253.562506337026,20000.0,240,1,Semiurban,41.81754458172553,Approved,56497.887468172245,0.3539955367581997
LN02968,Male,No,0,Graduate,Self-Employed,23587.933989029654,20336.95248006193,165581.71494037125,300,1,Rural,33.11308543408386,Approved,43924.88646909158,3.769656070867374
LN02309,Female,Yes,2,Graduate,Salaried,77753.10851747672,12349.350031114203,150632.72320743272,180,0,Rural,21.0,Rejected,90102.45854859092,1.6717937072294062
LN01881,Female,Yes,0,Graduate,Self-Employed,92311.65647096463,12612.473979365655,105969.67701091754,180,1,Rural,50.054788479158255,Approved,104924.1304503303,1.0099647865185997
LN00849,Male,Yes,1,Graduate,Salaried,49380.060899963646,5064.06996068552,93995.74337372326,120,1,Semiurban,24.346239927080003,Approved,54444.130860649166,1.7264623732226938
LN03965,Male,Yes,2,Graduate,Salaried,67262.31255489046,20011.292760645763,210933.26053944608,120,0,Urban,38.75574657596248,Rejected,87273.60531553623,2.416919293947127
LN02001,Male,Yes,2,Graduate,Salaried,57109.62658568964,9963.497396244036,139458.264067271,180,1,Rural,39.44971750004319,Approved,67073.12398193368,2.0791973861965105
LN01714,Male,No,1,Graduate,Self-Employed,49293.436280921545,27991.498205476673,134201.80243236508,360,0,Semiurban,35.54941273413164,Rejected,77284.93448639821,1.7364548902604553
LN04944,Male,Yes,2,Graduate,Salaried,94962.74138241672,24177.721505515,203779.7454099165,300,1,Rural,35.96824824181808,Approved,119140.46288793172,1.7104159281435718
LN03949,Female,Yes,3,Graduate,Salaried,34419.385275604276,28006.254010559587,242940.13177902577,180,1,Semiurban,44.26405800190551,Approved,62425.63928616386,3.891672308958981
LN00804,Male,No,1,Not Graduate,Salaried,51310.07545135369,6360.201509239218,101982.34739289431,180,1,Semiurban,32.36194262608577,Approved,57670.276960592906,1.7683693016175492
LN04861,Male,Yes,2,Graduate,Salaried,43477.76016570916,1630.2204185944574,194931.39333652423,180,1,Rural,33.61469889396104,Approved,45107.980584303616,4.321439151376135
LN00421,Male,No,1,Graduate,Salaried,95106.81684886408,6781.851715786541,72962.10958423188,300,0,Urban,36.38322233429945,Rejected,101888.66856465062,0.7160964080901283
LN00915,Male,No,2,Not Graduate,Salaried,65580.43051540678,2140.0029348350636,167651.96242075006,300,1,Rural,33.00429883770696,Approved,67720.43345024185,2.4756481002729216
LN02272,Female,No,2,Graduate,Salaried,46485.838416767765,9678.56109826898,80849.10956277631,60,1,Urban,36.522043207967,Approved,56164.39951503674,1.4395081272280104
LN04417,Male,No,1,Graduate,Salaried,21008.76564491266,17174.058527270034,139911.28118504208,60,1,Semiurban,57.507875413249806,Approved,38182.82417218269,3.6642465354087546
LN05229,Male,Yes,0,Graduate,Self-Employed,79158.64110431368,15094.263605637732,205650.03495693405,180,0,Semiurban,21.0,Rejected,94252.90470995141,2.1818959913202662
LN02070,Male,No,2,Graduate,Unemployed,79307.94969182342,24475.119085755672,144432.27988072444,300,0,Semiurban,41.34536906805108,Rejected,103783.06877757909,1.3916747845475836
LN05862,Female,Yes,1,Not Graduate,Salaried,53303.94025110996,21232.358966388172,112586.26726111522,360,0,Urban,35.73687938145732,Rejected,74536.29921749813,1.5104890964949396
LN03961,Female,Yes,0,Graduate,Salaried,97808.81370311564,7156.790296997443,179068.6529669462,60,0,Urban,36.11349731129279,Rejected,104965.60400011308,1.7059745873205596
LN02585,Male,Yes,2,Not Graduate,Self-Employed,47486.45425007575,20568.747223681457,165785.9711148262,360,0,Urban,41.919433181014725,Rejected,68055.20147375722,2.436051433610919
LN00845,Female,No,1,Graduate,Salaried,69849.02528016298,19371.267797310516,151830.18282815395,60,0,Urban,50.548453653314,Rejected,89220.2930774735,1.70174494603278
LN04907,Male,Yes,0,Graduate,Salaried,36930.151480304325,18366.01427562167,154736.92379164533,360,1,Rural,23.50747286035635,Approved,55296.16575592599,2.7983300772542705
LN02322,Male,No,1,Graduate,Unemployed,69155.45732303771,33076.308056706854,238164.9400149785,60,0,Urban,26.1541689961432,Rejected,102231.76537974457,2.3296569234650693
LN05361,nan,Yes,0,Graduate,Self-Employed,62282.0298445304,9105.76588513109,197551.06680890772,60,0,Urban,33.591075250384904,Rejected,71387.79572966149,2.7672946725657988
LN02548,Male,No,1,Graduate,Salaried,80427.66590858797,10649.22758423684,178302.87294160336,180,0,Rural,43.495865991653154,Rejected,91076.8934928248,1.957717990849681
LN05031,Male,No,1,Graduate,Self-Employed,85086.76721514679,20735.58836877425,169727.2017158337,300,1,Urban,37.18071045417997,Approved,105822.35558392103,1.603887957126732
LN02362,Male,Yes,0,Graduate,Salaried,29552.816275642177,1763.5042915782103,110532.38170487114,60,0,Rural,25.67452727128211,Rejected,31316.320567220388,3.529545607620592
LN04566,Male,No,1,Not Graduate,Salaried,77049.372868659,27891.31835437445,111366.33046697716,300,1,Semiurban,37.203279596845704,Approved,104940.69122303346,1.0612311503674692
LN04291,Male,Yes,0,Graduate,Salaried,51393.81360090715,1080.167132029239,98698.237622238,120,0,Semiurban,25.49112928269077,Rejected,52473.98073293639,1.8808986138207728
LN02780,Female,Yes,3,Graduate,Self-Employed,77490.34148265046,7653.289063231406,202801.5185782857,120,0,Urban,38.522090985288386,Rejected,85143.63054588187,2.381875394296239
LN01873,Male,Yes,0,Graduate,Salaried,75593.2106453868,5980.073505568025,139632.16156529976,360,0,Urban,44.55666918444399,Rejected,81573.28415095483,1.711738874052251
LN05450,Female,Yes,1,Graduate,Salaried,51163.02145518352,9184.19236772782,148091.52065167858,120,1,Rural,44.20884562246498,Approved,60347.21382291134,2.4539910174851247
LN04838,Male,Yes,0,Graduate,Salaried,87017.04661398011,9508.735190104226,156404.94421794932,240,0,Semiurban,42.09156718023568,Rejected,96525.78180408434,1.6203437184834206
LN04180,Male,No,2,Graduate,Salaried,65566.9726928934,806.1564420395935,149826.1395149032,300,1,Urban,36.17524464472043,Approved,66373.12913493298,2.2573312644385766
LN02605,Male,No,2,Graduate,Salaried,56309.49284688301,26377.76780668662,254987.62739979947,180,1,Urban,39.048665332092355,Approved,82687.26065356962,3.083759522136154
LN04600,Male,No,3,Not Graduate,Salaried,55680.78959299535,26888.062411931565,173667.05916925718,240,0,Semiurban,49.556193669210494,Rejected,82568.85200492691,2.103299912161724
LN01445,Male,No,2,Graduate,Salaried,46972.86212416342,30027.34326305588,217221.69540415023,60,1,Semiurban,48.15244258070658,Approved,77000.20538721929,2.8210534544912433
LN04797,Male,Yes,0,Graduate,Unemployed,21012.564893551535,10171.222807088652,125001.87513956822,300,1,Semiurban,21.0,Approved,31183.787700640187,4.008553301464466
LN03372,Male,No,2,Graduate,Salaried,89018.55096558423,9100.846037500669,158551.97463185736,240,0,Semiurban,24.96443946126582,Rejected,98119.3970030849,1.6159085713385748
LN04523,Male,No,1,Graduate,Self-Employed,101501.30078697082,14378.639335306914,139316.1414705892,180,1,Urban,33.29425705324955,Approved,115879.94012227774,1.2022455424431644
LN04429,Male,Yes,0,Graduate,Self-Employed,50343.448183861634,2497.8397410519883,85409.6273166442,360,0,Urban,32.44629464884645,Rejected,52841.287924913624,1.6163426492936643
LN04007,Male,Yes,0,Graduate,Salaried,47402.30895272379,7183.279276531124,190239.3721763699,120,1,Rural,31.010840670451792,Approved,54585.588229254914,3.485157499400399
LN00522,Male,Yes,0,Not Graduate,Self-Employed,46747.52482108307,11313.806342143003,102500.21482401525,240,1,Urban,33.783230007519855,Approved,58061.331163226074,1.7653783123893505
LN02923,Male,Yes,1,Not Graduate,nan,58716.23645783005,13761.076367647993,191048.3569656498,120,0,Semiurban,28.376107215985375,Rejected,72477.31282547805,2.635974617680504
LN03619,Male,Yes,0,Graduate,Salaried,77892.94375147745,8521.277103534787,132058.68145282252,360,0,Rural,54.24788324663787,Rejected,86414.22085501223,1.5282054289929157
LN02961,Male,Yes,1,Graduate,Salaried,47828.20553520599,13604.579570720964,143641.86018529342,360,0,Urban,35.552486034929956,Rejected,61432.78510592695,2.3381954755529235
LN03675,Female,nan,1,Not Graduate,Salaried,61457.48196031031,29846.41861876508,122993.04802681948,240,1,Urban,32.206095901111304,Approved,91303.90057907539,1.3470733150146104
LN01569,Male,Yes,0,Not Graduate,Salaried,49418.9464530741,9162.778664373987,45646.53771452418,120,0,Urban,21.0,Rejected,58581.72511744809,0.7791941535181717
LN04945,Male,Yes,1,Graduate,Salaried,80801.23639805152,27101.66095365319,165714.46577393534,240,0,Urban,49.01421910671207,Rejected,107902.89735170471,1.5357740138691214
LN01403,Female,No,2,Graduate,Self-Employed,74379.06621330134,13159.131329840806,111405.48124070228,360,0,Rural,38.998834029566105,Rejected,87538.19754314215,1.2726499330283496
LN04022,Male,No,0,Graduate,Salaried,22963.145368506823,28610.067047697736,191207.61817278192,240,1,Semiurban,37.15945830686178,Approved,51573.21241620456,3.7074987035848004
LN02176,Male,Yes,2,Graduate,Salaried,27846.779457638822,31000.978468204783,224597.15295808204,120,0,Urban,41.71644823876057,Rejected,58847.7579258436,3.816579609389806
LN00103,Male,Yes,1,Graduate,Salaried,43954.45461556762,18499.237152493926,205614.6224945864,360,1,Rural,22.614906681421807,Approved,62453.691768061544,3.2922733096098016
LN02856,Male,Yes,0,Graduate,Self-Employed,45641.62218504796,17078.605010670806,141658.01661530396,300,1,Urban,41.62368248605548,Approved,62720.22719571877,2.2585698896347974
LN05162,Male,Yes,1,Graduate,Salaried,58160.864347914685,0.0,159968.99603270038,300,1,Semiurban,32.40800752731792,Approved,58160.864347914685,2.7504576801984193
LN04697,Male,No,0,Not Graduate,Salaried,85451.40325857139,36487.06293937052,149222.64231782127,120,0,Urban,31.795271054014886,Rejected,121938.4661979419,1.2237536437073855
LN00736,Male,No,1,Graduate,Salaried,65120.59468627752,23117.055716132654,111514.64503810724,60,0,Rural,32.3503353574818,Rejected,88237.65040241017,1.2637988945709875
LN04313,Male,Yes,3,Graduate,Self-Employed,67668.70062807288,23109.137726156965,154891.32459261338,300,0,Semiurban,51.995893620141075,Rejected,90777.83835422984,1.7062680429578234
LN01759,Female,No,0,Graduate,Salaried,86298.28907168095,2018.960963128422,144940.1186341234,360,1,Rural,36.025636197016425,Approved,88317.25003480937,1.6411303406412303
LN04745,Female,No,2,Graduate,Salaried,54298.11485915972,14270.305681187216,149669.1877923256,300,0,Urban,27.313880848148266,Rejected,68568.42054034694,2.1827714071998705
LN01606,Female,No,0,Graduate,Self-Employed,62453.40631989591,6023.4061472494595,184972.5045303271,120,0,Urban,30.107926367263964,Rejected,68476.81246714537,2.7012429151703787
LN03098,Male,Yes,0,Graduate,Salaried,57409.65506273119,16072.292884191527,184193.0556965996,240,1,Urban,29.503258081486308,Approved,73481.94794692271,2.506643615785001
LN02008,Female,Yes,0,Graduate,Salaried,73184.91336864811,11871.635269484776,109521.65989552138,300,1,Semiurban,45.82577994850917,Approved,85056.54863813288,1.2876334820670141
LN04998,Female,Yes,2,Not Graduate,Salaried,76160.72378804143,22911.400043558835,,120,0,Urban,32.563029400592015,Rejected,99072.12383160027,
LN05970,Female,nan,1,Not Graduate,Self-Employed,79514.267553385,17626.419878716904,155781.03952107168,240,0,Semiurban,35.5148531955192,Rejected,97140.6874321019,1.6036641662635693
LN00341,Male,Yes,0,Graduate,Salaried,64873.744229838245,13863.333109185643,133618.32813450196,60,1,Urban,31.342052867951743,Approved,78737.07733902389,1.697019150954409
LN00623,Male,Yes,2,Graduate,Salaried,86908.40092309956,14608.378845572406,147771.6550287259,180,1,Semiurban,38.104426630414785,Approved,101516.77976867196,1.4556377316681608
LN02876,Female,Yes,1,Not Graduate,Self-Employed,41269.87250420808,12241.042785598262,194792.54400514028,60,1,Semiurban,61.15925389909553,Rejected,53510.91528980634,3.6402394343317774
LN02246,Male,No,1,Graduate,Self-Employed,42024.31903353744,15199.954862064193,226033.2086490593,120,0,Urban,42.684272080107235,Rejected,57224.27389560163,3.9499532848844523
LN02095,Female,Yes,2,Graduate,Salaried,58484.7142692908,41366.691419455885,118595.10824601084,300,1,Rural,29.745842221322743,Approved,99851.40568874669,1.1877159608117223
LN02698,Male,Yes,3,Graduate,Salaried,72441.39980612097,13961.87515597033,204853.76532063136,60,1,Rural,48.46793972385846,Approved,86403.2749620913,2.3709027859245984
LN03565,Female,Yes,1,Graduate,Salaried,61033.2195370216,16033.819962120951,164300.79038173123,120,1,Urban,37.69715813889509,Approved,77067.03949914256,2.1319203572567393
LN01434,Male,Yes,0,Graduate,Salaried,56657.56572427177,10490.059829706905,86673.0585527514,180,0,Rural,35.72177701582396,Rejected,67147.62555397868,1.2907836701251127
LN03824,Female,Yes,1,Graduate,Salaried,46597.695990915345,13238.658022892216,237488.3252940415,240,1,Semiurban,43.59569718737672,Approved,59836.35401380756,3.968963838258591
LN00314,Female,No,0,Graduate,Self-Employed,86109.57614308658,26013.301648895504,130630.91274926426,240,0,Urban,48.94877202050203,Rejected,112122.87779198209,1.1650692108672016
LN00375,Male,No,3,Graduate,Self-Employed,44653.048742239014,25984.848760518187,153086.73382301483,300,0,Rural,33.88659131261445,Rejected,70637.8975027572,2.167203997217491
LN00365,Female,Yes,0,Graduate,Salaried,51975.59056228327,32873.464144298254,65656.15243134735,120,0,Rural,27.888173352272297,Rejected,84849.05470658152,0.7737994566750851
LN03205,Male,No,2,Graduate,Salaried,46460.09723082937,0.0,180321.23641955815,360,0,Rural,38.98384358820721,Rejected,46460.09723082937,3.8812066088381534
LN03228,Male,Yes,0,Graduate,Salaried,75586.98007810664,0.0,132999.01046882715,360,1,Rural,23.63241209804149,Approved,75586.98007810664,1.7595492018783483
LN03450,Female,Yes,0,Graduate,Salaried,,13264.555824386123,241897.10149961375,60,0,Urban,41.10686203686394,Rejected,13264.555824386123,18.236351424214284
LN00728,Male,Yes,1,Graduate,Self-Employed,49204.806393812774,4551.636860969287,152479.5913830793,120,0,Urban,38.48536053758917,Rejected,53756.44325478206,2.836489584334898
LN00297,Male,No,0,Graduate,Salaried,66145.99041753219,3659.798140650418,118187.15825069818,360,0,Urban,24.462578294374392,Rejected,69805.7885581826,1.6930853542638526
LN05370,Male,No,1,Graduate,Self-Employed,35155.069329015416,7351.507716918969,128335.79131860728,120,1,Urban,33.2689043896831,Approved,42506.577045934384,3.0191984449823437
LN01377,Female,Yes,3,Graduate,Salaried,80798.09374792152,21091.355190535138,125670.71651496734,60,1,Semiurban,36.17529887207575,Approved,101889.44893845666,1.233402651837631
LN02130,Male,Yes,1,Graduate,Self-Employed,68769.51477619454,12269.932519774156,184684.89775065728,360,1,Urban,53.19171051751721,Approved,81039.4472959687,2.2789506087838833
LN01213,Male,Yes,0,Graduate,Salaried,77898.48753888882,10930.256336266288,74792.57345260105,180,1,Rural,43.390040202212795,Approved,88828.74387515511,0.8419861656235815
LN03650,Female,nan,2,Graduate,Self-Employed,68161.05693673511,26234.27287095762,151317.06443737177,300,1,Urban,31.05739412305319,Approved,94395.32980769273,1.60301430956005
LN05530,Female,No,1,Graduate,Salaried,85841.20668653045,2818.2393319268103,177712.72380132606,180,1,Urban,26.657244993039065,Approved,88659.44601845727,2.0044420733728647
LN04340,Male,No,0,Graduate,Self-Employed,78823.63732839939,10492.597226972484,142590.5354798179,300,1,Urban,39.35536128879955,Approved,89316.23455537188,1.5964682813785487
LN02251,Male,No,2,Graduate,Self-Employed,90223.09860494696,4438.884308129134,157238.27455588203,120,1,Semiurban,32.40340782748802,Approved,94661.98291307609,1.6610498715230482
LN04320,Male,Yes,0,Graduate,Salaried,59602.52729263377,17520.037612019285,196442.5623025112,60,0,Rural,44.31987287415101,Rejected,77122.56490465306,2.547147680388664
LN01950,Male,Yes,3,Graduate,Salaried,24539.35063586237,844.7593308629348,118505.68812136423,180,1,Semiurban,25.579060460635432,Approved,25384.109966725307,4.668498847377635
LN02932,Female,Yes,0,Not Graduate,Self-Employed,42215.183435433515,15223.505549663656,145729.0583583467,60,1,Urban,33.01308203835604,Approved,57438.68898509717,2.537123686721976
LN00599,Male,Yes,0,Not Graduate,Salaried,67546.00986089704,32409.41486596991,172116.81299880985,240,1,Semiurban,25.53614511751148,Approved,99955.42472686696,1.7219356875239877
LN01792,Female,No,2,Graduate,Salaried,56797.34408866719,5749.153795213648,195317.1617698576,120,0,Semiurban,46.96111472673478,Rejected,62546.49788388084,3.122751367030475
LN04987,Male,Yes,1,Not Graduate,Salaried,61387.39605316139,13212.931154365042,181809.0244342018,60,1,Urban,57.58741522327842,Approved,74600.32720752644,2.4371076004591448
LN05742,Male,Yes,1,Graduate,Salaried,60408.34334425836,13913.833450616576,102819.91420403346,60,1,Semiurban,30.223059420840183,Approved,74322.17679487493,1.3834351823118782
LN04330,Male,Yes,0,Not Graduate,Salaried,73627.24653150611,7251.978218644709,196641.94461811183,360,1,Rural,42.49139480276773,Approved,80879.22475015082,2.431303529745383
LN00985,Female,nan,3,Graduate,Salaried,36832.70621614915,9449.832984558909,54868.68817842791,180,1,Semiurban,35.80070372719194,Approved,46282.53920070806,1.185515944587338
LN02733,nan,Yes,2,Not Graduate,Salaried,42403.712929958914,0.0,214074.76996267063,60,1,Semiurban,33.31344674458003,Rejected,42403.712929958914,5.048491161994999
LN02137,Male,Yes,1,Not Graduate,Salaried,90980.40302990374,21041.07455439044,106735.03624325743,120,0,Semiurban,44.48475054302778,Rejected,112021.47758429419,0.9528086804866611
LN00356,Male,Yes,0,Graduate,Unemployed,59629.7372801522,36458.249250764886,125189.70621292463,180,0,Urban,24.737033996722275,Rejected,96087.98653091709,1.3028653292952894
LN02695,nan,No,1,Graduate,Salaried,88627.33563662367,24057.176004973655,50685.46940647895,300,1,Semiurban,25.415845425019253,Approved,112684.51164159732,0.44979978763797107
LN02285,Female,No,2,nan,Salaried,69241.21786503794,24443.8522283539,49238.90472838117,60,0,Semiurban,36.82883467503764,Rejected,93685.07009339184,0.5255789922481392
LN05628,Male,No,1,Graduate,Salaried,43782.12127599501,40083.06273056564,185189.79418754092,180,0,Semiurban,46.35672787016448,Rejected,83865.18400656065,2.208184437692926
LN03983,Male,Yes,1,Graduate,Salaried,37530.119335208045,17438.909416204508,132172.87856786072,60,1,Urban,33.99673473360534,Approved,54969.02875141255,2.40449725181772
LN00630,Male,No,1,Not Graduate,Unemployed,26150.707405703615,0.0,246463.49983106417,360,0,Urban,40.056753863706504,Rejected,26150.707405703615,9.424735476842553
LN01427,Female,No,1,Not Graduate,Self-Employed,37935.83268556633,3290.751061925462,97137.42689899485,240,0,Urban,48.47898928592605,Rejected,41226.58374749179,2.356184240099803
LN01271,Male,No,0,Not Graduate,Salaried,72182.76241814354,17361.42409879101,140917.74305468833,180,0,Urban,21.0,Rejected,89544.18651693454,1.5737229689170056
LN01935,Male,Yes,0,Not Graduate,Salaried,29940.593432096935,23495.845310466175,130070.39805431204,300,0,Semiurban,38.89019407893655,Rejected,53436.438742563114,2.434114269495818
LN02487,Male,No,0,Graduate,nan,59091.775641355234,5153.663129820447,226356.61920775656,120,1,Semiurban,25.801588049033576,Approved,64245.43877117568,3.5233103475870973
LN01688,Female,No,3,Not Graduate,Salaried,65665.75743092284,12661.02199546406,116545.16199311434,120,1,Semiurban,44.7862762142489,Approved,78326.7794263869,1.487935069545989
LN01635,Female,Yes,1,Graduate,Self-Employed,51927.030735160064,10822.169874863812,168787.3440859829,120,1,Rural,40.464495889974216,Approved,62749.20061002388,2.6898724198092805
LN01025,Male,No,0,Graduate,Salaried,68726.47339348064,18994.69372602185,203089.23834791605,180,0,Semiurban,43.135493892278745,Rejected,87721.1671195025,2.315167992136353
LN03723,Male,Yes,2,Graduate,Self-Employed,24272.49069290627,15239.80019015593,127663.65671385857,180,0,Semiurban,35.40505919785728,Rejected,39512.290883062204,3.2309859504649565
LN05747,nan,Yes,1,Graduate,Self-Employed,64045.608152424385,0.0,20000.0,300,0,Semiurban,41.11240625303285,Rejected,64045.608152424385,0.3122774625295352
LN05793,Female,Yes,0,nan,Salaried,62789.95592294918,15187.905113079409,132253.9323150383,180,1,Rural,52.53510065987358,Approved,77977.86103602858,1.6960446280250265
LN05813,Male,Yes,1,Graduate,Salaried,43163.56736263695,30677.91509795664,174970.73039695347,180,1,Urban,23.73659250105226,Approved,73841.4824605936,2.3695452009692346
LN00568,Male,No,2,Graduate,Salaried,22584.161579482883,17183.889875441742,66401.37641037241,180,1,Rural,37.04727576443712,Approved,39768.05145492463,1.6697166187696046
LN04408,Female,Yes,1,Graduate,Self-Employed,70818.1703712198,26549.975605416177,162828.86979246538,180,1,Urban,36.830098319817225,Approved,97368.14597663598,1.6723012249975169
LN03145,Male,Yes,0,Not Graduate,Salaried,69400.88374736405,0.0,100984.31270247014,180,1,Urban,30.81808734202165,Approved,69400.88374736405,1.4550868411139748
LN05516,nan,No,1,Not Graduate,Salaried,70091.63628954781,11901.550986359269,153583.20698754257,240,1,Urban,34.5771494234041,Approved,81993.18727590708,1.8731215615601704
LN05611,Female,No,2,Graduate,Salaried,95330.23600655267,41024.79874874313,109376.5083853833,60,0,Semiurban,45.222887984201066,Rejected,136355.0347552958,0.8021449928979267
LN02096,Female,Yes,0,Graduate,Salaried,73409.61234482424,26535.02849781544,184338.77445238325,180,1,Semiurban,27.388691632026976,Approved,99944.64084263968,1.844408793690299
LN02874,Male,Yes,0,Graduate,Self-Employed,59378.82134258196,19633.01510234231,180705.2902644842,360,1,Rural,25.27262703857523,Approved,79011.83644492427,2.287066070036811
LN01549,Male,Yes,3,Graduate,Salaried,84538.66447768615,31797.473822215292,188207.9149965947,360,1,Rural,27.271746745346167,Approved,116336.13829990145,1.6177940728221176
LN04796,Female,Yes,0,Graduate,Self-Employed,69723.69583123877,0.0,79578.83078969957,300,1,Semiurban,33.44243106382633,Approved,69723.69583123877,1.1413455618060528
LN00041,Male,No,1,Graduate,Salaried,63427.36562379941,27184.802148716863,144929.6085139068,300,0,Rural,25.30533737616407,Rejected,90612.16777251627,1.5994497436343824
LN05295,Male,Yes,1,Graduate,Salaried,56617.54628714368,2701.1688471345933,187903.2853086984,180,1,Urban,23.067959874583057,Approved,59318.715134278274,3.167689739795383
LN00282,Female,Yes,1,Not Graduate,Salaried,91720.33632290704,24198.7151595443,182805.8100930135,300,0,Urban,22.274630043308814,Rejected,115919.05148245134,1.5770126459384286
LN00577,Male,Yes,1,Graduate,Salaried,75417.30387773934,4921.320867778699,147561.18677496916,120,0,Semiurban,34.34552843523049,Rejected,80338.62474551804,1.8367402633837262
LN01746,Female,No,1,Graduate,Self-Employed,79503.95259564859,29190.35611367264,31121.508503644873,180,1,Urban,33.56713447138045,Approved,108694.30870932122,0.2863214171302421
LN04487,Male,Yes,1,Graduate,Self-Employed,48441.58446334579,24622.105785810974,145110.25014578985,360,1,Urban,21.0,Approved,73063.69024915676,1.9860788532709595
LN00729,Male,No,0,Graduate,Salaried,44433.905491953745,32839.22595201769,170393.95254487454,360,1,Urban,38.337511782215955,Approved,77273.13144397143,2.205086675805579
LN02652,Male,Yes,0,Graduate,Salaried,70215.8417705519,20628.544804571306,30091.845237455113,60,0,Rural,32.12455114696218,Rejected,90844.38657512321,0.33124606122548744
LN04651,Male,Yes,3,Graduate,Salaried,72532.27274526142,17349.281250881155,208012.40659148095,360,0,Urban,33.98369508938003,Rejected,89881.55399614258,2.314294728375615
LN00138,Male,nan,3,Not Graduate,Salaried,76270.3443473934,15438.287994604285,104420.3311706927,300,1,Semiurban,41.35102813804252,Approved,91708.63234199768,1.138609621625267
LN04781,Male,No,0,Not Graduate,Salaried,65831.27353363945,0.0,157299.795715632,300,0,Urban,38.40150298559335,Rejected,65831.27353363945,2.3894387465442635
LN02521,Female,No,1,Graduate,Salaried,,17019.990107573212,,180,1,Semiurban,41.00158321320396,Approved,17019.990107573212,
LN05404,Female,Yes,0,Graduate,Salaried,42969.20040441363,18800.67440573832,134861.2727437231,60,1,Urban,44.591865220556215,Approved,61769.874810151945,2.1832855118812464
LN04078,Male,Yes,1,Graduate,Salaried,52233.061233976834,18589.17583740659,146476.3213061272,240,0,Urban,25.08001741034323,Rejected,70822.23707138342,2.0682250005530074
LN00898,Female,Yes,0,Not Graduate,Salaried,84130.17933016713,14587.086382153386,87566.82876186863,360,1,Rural,31.791262395989428,Approved,98717.26571232051,0.887046740304313
LN02445,Male,Yes,1,Graduate,Self-Employed,65269.74430662119,6488.19517552515,102762.3573995555,120,0,Semiurban,49.01650931753133,Rejected,71757.93948214635,1.4320695123237641
LN05900,Female,Yes,2,Not Graduate,Self-Employed,58595.59276964767,21325.827996421973,119192.5935553686,120,1,Semiurban,38.80119950293414,Approved,79921.42076606964,1.491372305608103
LN04972,Male,No,3,Not Graduate,Salaried,39831.025349053,33307.43824831262,166191.9633163725,120,1,Urban,36.626702858096166,Approved,73138.46359736563,2.272292240527166
LN02909,Male,Yes,3,Graduate,Salaried,85142.98433725146,21844.86133552996,108739.35622271418,360,0,Semiurban,49.158117127272114,Rejected,106987.84567278142,1.0163711171013734
LN00017,Female,Yes,2,Graduate,Self-Employed,66284.94665190548,16943.334633382332,113627.30376384407,240,0,Semiurban,38.56143994692213,Rejected,83228.28128528781,1.3652487112446219
LN03156,Female,Yes,3,Graduate,Self-Employed,35251.46723554855,18128.222367668463,132923.97924973475,120,1,Urban,42.084874128307725,Approved,53379.68960321702,2.490160213328102
LN01326,Female,Yes,2,Graduate,Self-Employed,41213.29212362491,26782.528475480023,32076.792889626755,120,1,Urban,24.09121601644319,Approved,67995.82059910493,0.4717465368753708
LN04105,Male,Yes,1,Not Graduate,Salaried,64862.469170257864,9537.359908225351,261060.16971359804,360,0,Urban,29.752301169343053,Rejected,74399.82907848322,3.5088813099047544
LN01103,Male,No,0,Graduate,Self-Employed,57208.207436896526,12022.0384377604,78676.80442881274,60,1,Urban,46.81374172484517,Approved,69230.24587465693,1.136451321742509
LN04971,Female,Yes,0,Graduate,Salaried,58379.08070556512,13179.595689143442,140525.02118039355,240,1,Semiurban,22.130759615187777,Approved,71558.67639470856,1.9637733432250117
LN05816,Male,No,0,Graduate,Salaried,43704.87994352904,23898.569517854947,126027.02945247709,180,0,Semiurban,40.00471614956063,Rejected,67603.44946138399,1.8642100433716098
LN03834,Male,No,0,Graduate,Self-Employed,40597.51479240713,36655.214522065566,129138.25823808428,360,1,Urban,34.60371897746918,Approved,77252.7293144727,1.6716336029035446
LN01961,Female,Yes,1,Graduate,Self-Employed,65711.08149715314,31370.824079927424,168006.54756387812,180,0,Urban,41.84380784964752,Rejected,97081.90557708056,1.7305649962802307
LN03687,Male,Yes,0,Graduate,Salaried,65295.5062195596,0.0,164687.36758369993,60,1,Urban,21.0,Approved,65295.5062195596,2.5221853251268156
LN05695,Female,Yes,0,Graduate,Self-Employed,70479.21024153469,4863.941576455312,114125.06989577891,360,1,Urban,36.49128595940678,Approved,75343.15181799,1.5147371345902307
LN01380,Male,Yes,1,Graduate,Salaried,73558.51742678539,24316.65966868095,191347.30304714,300,1,Semiurban,30.428528379990333,Approved,97875.17709546634,1.9550136073879287
LN02097,Female,Yes,1,Not Graduate,Salaried,38562.85533919689,26625.736681878403,195970.42143768235,360,1,Urban,35.04864985641037,Approved,65188.592021075296,3.0062073034853345
LN02620,Male,No,0,Not Graduate,Salaried,74090.13079649446,7099.829031847919,241448.73781271765,180,1,Rural,40.49057944569725,Approved,81189.95982834237,2.973874335240538
LN01778,Male,Yes,2,Graduate,Salaried,51413.9555096548,12722.290208763654,118163.47204459716,360,1,Urban,21.088672585904213,Approved,64136.24571841845,1.842382115151828
LN03379,Male,No,2,Graduate,Self-Employed,45434.55595186774,16571.457837025344,93525.7211202298,300,0,Semiurban,34.43288025229297,Rejected,62006.013788893084,1.508333069734967
LN03134,Female,Yes,0,Graduate,Salaried,60826.51264541237,0.0,167936.8071998308,120,1,Rural,31.198186156575385,Approved,60826.51264541237,2.7609146060833205
LN02034,Male,No,0,Graduate,Self-Employed,81204.1981499776,11733.862193387877,123908.4729255926,60,1,Semiurban,37.35259308916674,Approved,92938.06034336548,1.333237130921444
LN03460,Male,No,1,Graduate,Salaried,93914.4575562173,18812.44655162099,72586.91658845823,120,1,Urban,38.56105944735759,Approved,112726.90410783829,0.6439183011627746
LN00452,Female,Yes,2,Graduate,Salaried,40285.47907328913,4015.907820374474,177456.33377791825,120,1,Urban,21.0,Approved,44301.3868936636,4.005660910884479
LN01794,Male,No,1,Graduate,Self-Employed,64263.932564753784,15738.634344108805,109938.98200935584,300,1,Semiurban,30.42054337892682,Approved,80002.56690886259,1.3741931822587174
LN05102,Male,Yes,2,Not Graduate,Salaried,64966.50285031764,5341.732291040358,56297.22486343898,300,0,Urban,38.900776026464875,Rejected,70308.235141358,0.8007202108010644
LN00233,Male,Yes,0,Graduate,Salaried,46967.99304788366,0.0,146376.11402029824,300,1,Rural,34.72402960060788,Approved,46967.99304788366,3.1165077432852715
LN02962,Male,No,2,Not Graduate,Salaried,49420.445838719694,17567.83257324723,164363.39645603963,240,0,Semiurban,37.57309174562643,Rejected,66988.27841196692,2.4536142792807976
LN05163,Female,Yes,1,Graduate,Salaried,60320.505645903206,38596.14259100104,107718.5756005298,300,0,Urban,42.08455864439064,Rejected,98916.64823690424,1.088983275520467
LN04393,Female,Yes,2,Graduate,Salaried,49345.49003566193,11407.146956935834,150558.4004753164,60,1,Urban,28.82394188587396,Approved,60752.63699259776,2.4782200070370735
LN03829,Female,No,0,Graduate,Self-Employed,69618.16185497791,8468.626100700592,134587.16851233068,360,1,Rural,33.86227066296864,Approved,78086.7879556785,1.723558773972383
LN05672,Female,Yes,0,Graduate,nan,47177.714795507105,1748.4284480223814,168991.67275185426,240,1,Rural,36.63571481517202,Approved,48926.143243529485,3.454015819532301
LN03031,Female,No,2,Graduate,Salaried,46835.03175332303,12604.441410629004,66815.50109018086,180,1,Urban,45.85369671698202,Approved,59439.47316395204,1.1240930905609392
LN03025,nan,Yes,0,Not Graduate,Self-Employed,52229.58449633981,21946.691241185847,87584.8599065341,60,0,Rural,31.93874870305235,Rejected,74176.27573752566,1.1807664787115357
LN04808,Male,Yes,1,Not Graduate,Salaried,88546.10728578432,8598.534949063003,199214.82225985228,360,1,Urban,22.27864781947845,Approved,97144.64223484733,2.05070313376882
LN01748,Male,Yes,0,Graduate,Self-Employed,63791.63233197487,22298.193622676303,261016.0929002441,180,1,Semiurban,43.317640677445695,Approved,86089.82595465117,3.0319040607392727
LN01455,Female,No,3,Graduate,Salaried,24784.74481688365,4499.452101768138,157560.81106687736,180,0,Semiurban,42.6447511213632,Rejected,29284.19691865179,5.38040402830795
LN01989,Female,Yes,0,Graduate,Salaried,68638.45089347882,20805.676870356147,83529.7448337459,180,0,Rural,26.399925091951932,Rejected,89444.12776383496,0.9338762300225547
LN04696,Male,Yes,0,Graduate,Salaried,70203.14937830367,28779.74333925414,148889.98882823376,360,0,Urban,39.26025768004338,Rejected,98982.89271755781,1.5041992079690283
LN01002,Female,No,0,Graduate,Self-Employed,61192.60739840348,22147.45649888945,69449.86160574162,240,0,Urban,32.683803655473994,Rejected,83340.06389729293,0.8333310338150282
LN02697,Male,No,0,Not Graduate,Self-Employed,33755.61613137188,999.2876559826128,111351.32829166896,360,0,Semiurban,27.631560604791872,Rejected,34754.90378735449,3.2039026484712627
LN00489,Female,Yes,2,Graduate,Salaried,77632.79513898901,28209.9578954071,196807.67970641053,300,0,Urban,42.45441182428154,Rejected,105842.75303439611,1.8594346241395783
LN02612,Female,Yes,2,Graduate,Salaried,55970.16932104964,17187.182661414878,199904.20863018275,240,1,Semiurban,37.05515062945377,Approved,73157.35198246452,2.7325238436473054
LN04236,Male,Yes,0,Not Graduate,Salaried,88701.74798444471,26615.03048481976,152435.83396969037,120,1,Urban,45.96464170390165,Approved,115316.77846926446,1.3218877252135455
LN02916,Male,Yes,0,Not Graduate,Salaried,56488.72109001569,32629.79652537399,199819.4212821505,360,0,Urban,30.849178615711917,Rejected,89118.51761538969,2.242176223627446
LN00886,Male,Yes,0,Not Graduate,Unemployed,71678.56370651929,237.37455998220685,168445.86014541233,240,0,Urban,27.5323410104623,Rejected,71915.9382665015,2.3422604808574756
LN04997,Male,Yes,1,Graduate,Salaried,122258.20402087682,26792.631585792293,256505.2133160479,180,0,Semiurban,46.2076742218328,Rejected,149050.8356066691,1.7209243562574894
LN00315,Male,Yes,1,Graduate,Self-Employed,60420.076832655184,22163.400805404108,187660.67232080785,360,1,Rural,28.89392716921799,Approved,82583.4776380593,2.272375512487777
LN02482,Female,No,1,Graduate,Salaried,99850.30706336236,34126.881343567955,91065.44341018726,120,1,Urban,35.54114495541794,Approved,133977.1884069303,0.6797085719816216
LN03803,Female,No,3,Graduate,Salaried,63189.250136082585,4844.18620349455,112017.4119583311,180,0,Urban,23.339063553471902,Rejected,68033.43633957714,1.6465052771877573
LN00963,Male,No,0,Graduate,Self-Employed,74180.07515177024,11578.51348872761,229932.3796795555,240,1,Urban,21.0,Approved,85758.58864049785,2.6811586259125346
LN02551,Male,Yes,2,Graduate,Self-Employed,22401.512297219106,7576.719871234282,157025.44521428028,120,1,Urban,31.046213473182767,Rejected,29978.23216845339,5.237982157584358
LN02842,Female,nan,1,Not Graduate,Self-Employed,89538.6885223655,14297.763794253744,219171.20392779875,360,1,Urban,43.51689899589973,Approved,103836.45231661924,2.1107347086502872
LN02651,Female,No,0,Graduate,Salaried,90385.67847283537,20614.726298261332,92249.57513000489,180,1,Rural,52.38807170636518,Approved,111000.4047710967,0.8310742228394619
LN01522,Male,Yes,0,Graduate,Salaried,55470.31802300336,16764.84183662953,213893.8260520986,360,1,Semiurban,32.782669335656465,Approved,72235.1598596329,2.9610763853466415
LN00861,Female,No,1,Graduate,Salaried,29685.11770005536,33463.959205992476,124832.16309752634,60,1,Rural,32.586088754536426,Approved,63149.076906047834,1.9767852392086362
LN03217,Female,Yes,2,Graduate,Salaried,49511.03727474697,17690.52693015707,125638.9529165889,120,1,Urban,45.14419806842819,Approved,67201.56420490403,1.8695837575075431
LN03623,Female,Yes,2,Graduate,Salaried,60938.69804120739,23918.776345702747,151478.11434360506,180,1,Semiurban,39.815914649713974,Approved,84857.47438691014,1.7850886493856295
LN03337,Male,Yes,2,Graduate,Salaried,57020.61380465406,12877.556901600694,169311.30320522908,60,1,Urban,46.16740953823485,Approved,69898.17070625475,2.42225656972849
LN04533,Male,No,0,Graduate,Salaried,42430.5239731588,23155.942445961628,253957.8349233402,240,0,Semiurban,31.406527966649183,Rejected,65586.46641912044,3.8721072926914664
LN00797,Male,Yes,0,Graduate,Salaried,73630.01394745249,30723.98210270327,118318.00670447112,120,1,Urban,43.048422150550095,Approved,104353.99605015577,1.1338138565158906
LN03599,Male,No,1,Graduate,Unemployed,55450.47480093184,11758.231389593588,74522.41887650226,300,1,Urban,36.72790002554602,Approved,67208.70619052544,1.1088209117616945
LN00806,Male,Yes,2,Graduate,Salaried,64442.67543267426,5896.756580717161,139482.1198111544,240,0,Semiurban,50.02696833558895,Rejected,70339.43201339142,1.982986154687735
LN04472,Male,Yes,0,Not Graduate,Salaried,85899.71169633912,10029.693093340911,181261.4235436551,240,0,Urban,38.034029692754345,Rejected,95929.40478968003,1.8895293256646475
LN00323,Male,Yes,0,Graduate,Salaried,101847.7455137092,28060.72203871629,129328.05988117449,300,0,Semiurban,36.04991273186569,Rejected,129908.46755242549,0.9955321798325674
LN01433,Male,No,0,Not Graduate,Salaried,48338.45122862123,5756.426663696244,170304.25549372146,120,0,Semiurban,35.57156078870003,Rejected,54094.87789231747,3.1482510383466082
LN01814,Male,No,0,Graduate,Salaried,54629.387041883354,16175.886298872025,135645.88984424953,60,1,Rural,21.22176869169153,Approved,70805.27334075538,1.9157597089053537
LN00045,Male,Yes,0,Graduate,Self-Employed,45603.115832105825,10835.615667519744,162574.68349709958,240,0,Urban,42.08663263495282,Rejected,56438.731499625566,2.8805516916725558
LN04717,Male,Yes,0,Graduate,Salaried,83685.13290392346,22489.361138059267,182186.7000596055,360,0,Semiurban,47.411121647656216,Rejected,106174.49404198272,1.7159177606965248
LN05471,Male,Yes,2,Graduate,Salaried,67634.68337925019,13754.515203135765,159422.00402103784,180,1,Rural,43.64267709790053,Approved,81389.19858238596,1.9587611967903016
LN00598,Female,No,3,Graduate,Salaried,51114.13479847777,0.0,189183.02371133535,360,1,Semiurban,33.98969123877459,Approved,51114.13479847777,3.7011880267015576
LN05999,Female,Yes,1,Not Graduate,Salaried,36594.38587206451,5536.861772522036,201570.7953217004,240,1,Rural,38.562251852147874,Approved,42131.24764458655,4.784353813163192
LN04683,Female,Yes,3,Graduate,Salaried,46010.09559664714,22791.306255883523,80095.89800406084,360,1,Semiurban,35.19753753061066,Approved,68801.40185253066,1.1641608433464607
LN00248,Female,Yes,2,Graduate,Salaried,95309.08480562194,0.0,172643.71633974457,240,1,Semiurban,48.30699116551017,Approved,95309.08480562194,1.8114088147194225
LN01411,Male,Yes,0,Not Graduate,Salaried,71124.6001880132,15974.34110297303,170910.75391330986,240,1,Urban,32.56155986154121,Approved,87098.94129098623,1.96225983209508
LN03280,Female,No,0,Graduate,Self-Employed,42765.93859487484,26435.66044928613,164161.24793053593,240,0,Semiurban,33.41802892863001,Rejected,69201.59904416098,2.372217552744359
LN02599,Female,Yes,1,Graduate,Salaried,50161.9510498759,18454.141816438536,172485.6303748254,120,0,Urban,30.039992944109365,Rejected,68616.09286631443,2.5137780828016725
LN00978,Male,Yes,1,Not Graduate,Salaried,28321.943530285535,30602.555295309307,176239.62877506608,60,0,Urban,53.39683517493314,Rejected,58924.49882559484,2.9909398007219616
LN01670,Female,Yes,0,Graduate,Self-Employed,55221.358016606115,22497.45475438348,239155.72599962528,180,1,Semiurban,27.46547190296165,Approved,77718.81277098959,3.0771922199112116
LN02737,Male,Yes,1,Not Graduate,Salaried,66846.75668979243,12607.268528481489,109808.76758786272,60,0,Urban,32.84199720373619,Rejected,79454.02521827392,1.38204159306214
LN01308,Male,Yes,0,Not Graduate,Salaried,81717.91131663157,4498.134626383306,224736.5503634652,300,0,Urban,30.602226173032207,Rejected,86216.04594301488,2.606667330951439
LN00505,Male,Yes,2,Graduate,Salaried,50257.49232470608,12419.544843888383,208509.6167035281,60,1,Rural,41.29366927063378,Approved,62677.03716859446,3.3267305878333038
LN01305,Male,Yes,0,Graduate,Salaried,42030.64036417926,0.0,123261.3871971098,300,1,Urban,21.0,Approved,42030.64036417926,2.9326554658481885
LN04947,Male,Yes,1,Graduate,Salaried,33307.78786179535,22932.624959550307,132782.70475331458,300,1,Semiurban,21.24060821996592,Approved,56240.41282134566,2.3609838209245475
LN01238,Male,No,0,Graduate,Salaried,71379.66158370551,5668.939228128907,185275.6693030123,180,0,Urban,24.76383343963788,Rejected,77048.60081183442,2.404659751777797
LN03530,Male,Yes,1,Not Graduate,Unemployed,89948.63366359253,23092.586281232987,217917.85832153025,240,0,Urban,21.0,Rejected,113041.21994482551,1.9277734124586956
LN05676,Male,Yes,3,Graduate,Salaried,63592.445452638465,15167.008672675503,143692.92250613408,60,0,Urban,33.31681068118283,Rejected,78759.45412531396,1.8244530018898386
LN04479,Male,Yes,0,Graduate,Salaried,81077.83104591767,18932.951381664807,198186.89385865536,120,1,Semiurban,21.0,Approved,100010.78242758248,1.9816552680423425
LN03022,Male,Yes,3,Not Graduate,Salaried,51771.46785767995,4643.959439546057,215574.04094801476,60,1,Urban,38.09388240753808,Approved,56415.42729722601,3.821189544701272
LN05849,Female,Yes,1,Not Graduate,Salaried,48692.14059429197,12865.673029120757,75519.51938244986,360,1,Rural,35.68058099986367,Approved,61557.81362341272,1.2268063944643899
LN04877,Male,Yes,1,Graduate,Salaried,68644.33381518508,24837.36043903564,105780.98923188978,240,0,Urban,21.0,Rejected,93481.69425422073,1.1315690208204987
LN05734,Female,Yes,0,Graduate,Self-Employed,48518.34845825461,7271.662691110362,167206.68524140326,240,0,Semiurban,50.49617050635982,Rejected,55790.01114936497,2.997072088653033
LN02897,Female,No,1,Not Graduate,Self-Employed,94493.93299522216,18044.922016801447,117414.79258908832,300,0,Rural,36.6294522315102,Rejected,112538.8550120236,1.0433267032665632
LN00307,Male,Yes,0,Graduate,Self-Employed,48168.5722232834,23569.75536982786,202086.64263272984,300,0,Urban,29.04828054496629,Rejected,71738.32759311126,2.8169968469147224
LN04662,Female,Yes,1,Graduate,Salaried,48688.472642520195,24496.41498616534,162222.7224802775,360,0,Rural,33.76229520382999,Rejected,73184.88762868554,2.216615038111949
LN02113,Female,Yes,1,Not Graduate,Salaried,39956.250884370544,2310.174227455016,125502.79895130188,60,1,Semiurban,21.0,Approved,42266.42511182556,2.969326093211227
LN05170,Male,No,1,Not Graduate,Salaried,66197.89558761269,23944.588431051292,108343.34331598268,60,0,Rural,23.042116580837902,Rejected,90142.48401866398,1.201912111647048
LN00071,Male,Yes,2,Graduate,nan,90760.7313293194,0.0,190477.094412647,120,0,Rural,24.133363199512324,Rejected,90760.7313293194,2.098672979193097
LN05744,Male,Yes,1,Graduate,Salaried,24618.993925212024,23730.660663320996,212653.18634644564,360,1,Rural,31.238464363492948,Approved,48349.65458853302,4.39823589550276
LN03817,Male,Yes,0,Graduate,Unemployed,57525.42107450328,15018.035063564144,66996.59252971518,300,1,Urban,44.465146194394606,Approved,72543.45613806743,0.9235373677565728
LN01684,Male,Yes,2,Graduate,Salaried,36419.20417680395,24943.515198154237,184809.4857913123,120,1,Urban,44.718423551248655,Approved,61362.719374958186,3.011755145042221
LN02274,Male,Yes,2,Graduate,Salaried,38255.081222743946,3761.2159487440586,225404.14250720103,300,0,Semiurban,46.99854344976577,Rejected,42016.297171488004,5.36468365089913
LN02047,Male,No,2,Graduate,Salaried,59813.99357722771,7932.932316269943,147691.90280150142,60,1,Urban,30.546312097560143,Approved,67746.92589349765,2.18005320320633
LN00990,Male,Yes,0,Not Graduate,Salaried,64167.65615895105,20880.76675167832,137885.59509108058,360,1,Semiurban,29.49056056045284,Approved,85048.42291062936,1.6212598702267955
LN03291,Female,No,0,Not Graduate,nan,15000.0,18364.997888209007,194342.1329744293,180,0,Semiurban,30.38665235596534,Rejected,33364.99788820901,5.8247308639305695
LN05097,Male,Yes,2,Graduate,Salaried,37564.97794288224,16860.684324705468,162486.27435267984,300,1,Semiurban,31.28920947433211,Approved,54425.6622675877,2.9854716981449734
LN00095,Male,nan,1,Graduate,Salaried,30729.701037357627,22382.37230816162,161409.36444804777,300,1,Urban,34.64202587822999,Approved,53112.073345519246,3.039033392614957
LN05268,Female,Yes,2,Not Graduate,Salaried,33282.751916627734,25945.624546137955,189696.7560455255,300,1,Urban,30.490685252425635,Approved,59228.37646276569,3.2028018894757246
LN04560,nan,Yes,1,Graduate,Salaried,38596.16874211337,10615.726327847266,192786.76604304207,300,0,Rural,23.6663839234645,Rejected,49211.895069960636,3.9174830753616066
LN03402,Male,No,0,nan,Salaried,63909.63463106582,0.0,83208.65774247391,300,0,Urban,28.415680176940477,Rejected,63909.63463106582,1.3019736104394348
LN03257,Female,Yes,1,Graduate,Salaried,45755.584727018984,4041.291892012827,203392.83386472,120,0,Urban,42.04127783495976,Rejected,49796.87661903181,4.084449621625175
LN05841,Male,Yes,2,Graduate,Salaried,36068.841427666266,5244.67064385368,130112.9857877234,300,0,Rural,29.27687343249631,Rejected,41313.512071519945,3.14940510413344
LN03211,Female,Yes,1,Graduate,Self-Employed,36439.18265247239,5757.315974049285,126450.50948679984,240,0,Urban,32.11725026468744,Rejected,42196.49862652167,2.9967062102949504
LN02581,Female,Yes,3,Not Graduate,Salaried,67783.18391335857,8818.249578998311,20000.0,300,0,Semiurban,21.88674254199656,Rejected,76601.43349235688,0.2610917196738303
LN04059,Male,Yes,0,Not Graduate,Self-Employed,55259.760599747446,603.9186920117263,103147.11617669332,120,1,Semiurban,42.553567216032526,Approved,55863.679291759174,1.8464074956106453
LN03364,Male,No,0,Graduate,Self-Employed,45819.58084739019,26109.11144734433,77630.19539705297,120,1,Rural,42.70300009009035,Approved,71928.69229473453,1.0792660469754685
LN05623,Male,Yes,2,Not Graduate,Salaried,69533.02081601115,5288.101308620084,224307.9618509266,300,1,Rural,41.85717574664692,Approved,74821.12212463123,2.9979229859355994
LN05445,Female,No,0,Graduate,Unemployed,55562.23457415462,20930.540502830212,211117.26282339875,60,1,Urban,49.25560409754961,Approved,76492.77507698484,2.7599634424417654
LN03631,Female,Yes,1,Not Graduate,Salaried,47314.28304621194,14026.888492984088,123620.13287104743,120,1,Urban,44.92951570218136,Approved,61341.171539196024,2.015288097196777
LN01259,Male,Yes,2,Graduate,Salaried,58884.61844684588,39523.69912868723,176982.73871725352,360,0,Rural,50.69943531282255,Rejected,98408.31757553312,1.7984530482538812
LN01233,Male,No,0,Graduate,Self-Employed,111594.18675308635,22267.940464018036,226756.08699063255,60,1,Semiurban,29.522050720362493,Approved,133862.1272171044,1.6939525144618988
LN02442,Male,Yes,0,Graduate,Salaried,34154.746097887626,12634.626166314649,206220.70749854445,120,0,Urban,28.425082965318097,Rejected,46789.37226420228,4.407426249151034
LN00554,Female,No,2,Graduate,Salaried,66752.05324150404,12194.979465883824,128263.25159379044,180,0,Urban,36.21481527530776,Rejected,78947.03270738786,1.6246747622445799
LN05541,Male,Yes,0,Graduate,Salaried,93398.45562809278,26106.77684054092,116531.68804406232,240,0,Semiurban,46.35100213187393,Rejected,119505.2324686337,0.9751178725554813
LN01237,Male,Yes,2,Not Graduate,Salaried,48928.23516584011,17775.525134935317,196052.65640239627,120,0,Rural,37.522461828515574,Rejected,66703.76030077542,2.939154487218874
LN01381,Male,No,0,Graduate,Salaried,50241.77183708595,18953.73681185666,211305.22926670345,360,0,Urban,41.198690416941126,Rejected,69195.5086489426,3.053741975346148
LN03927,Female,Yes,0,Graduate,nan,69249.67248133708,12654.209703808125,154101.49646940577,180,1,Urban,35.90403542301811,Approved,81903.88218514521,1.8814919678783546
LN05504,Male,Yes,3,Graduate,Self-Employed,50327.657208891265,33628.69121400177,123827.37850827716,180,1,Urban,39.480082891789195,Approved,83956.34842289303,1.4749019083649448
LN04079,Female,Yes,1,Graduate,Self-Employed,53887.61777863374,4602.067754717653,124428.12356087302,120,1,Urban,45.47346030511444,Approved,58489.685533351396,2.127351556539364
LN00868,Female,No,0,Graduate,Salaried,73170.8854534566,9734.44866863298,174726.12460243862,360,0,Semiurban,28.290112461969308,Rejected,82905.33412208958,2.1075377893674516
LN05040,Male,No,0,Graduate,Salaried,69981.91632275499,9939.107088081117,136319.67217329156,120,1,Rural,21.0,Approved,79921.0234108361,1.7056797617885437
LN03090,Male,No,1,Graduate,Self-Employed,23640.415492256907,21972.38046390313,109289.7661307312,240,1,Semiurban,41.2956001556571,Approved,45612.79595616004,2.3960330394079152
LN00768,Female,Yes,1,Not Graduate,Salaried,47460.65884424465,31505.72963232848,137829.676260244,120,0,Semiurban,48.65994794596138,Rejected,78966.38847657313,1.745422057653476
LN02464,Male,Yes,3,Graduate,Salaried,77383.12128778547,24886.087934991745,241123.1671496895,300,0,Semiurban,31.83035781492667,Rejected,102269.20922277722,2.35772984833041
LN04955,Male,No,0,Not Graduate,Self-Employed,32214.02539578019,13486.025080585909,178704.06410532675,180,0,Rural,42.68303183795966,Rejected,45700.0504763661,3.910369074925727
LN01248,Male,No,0,Not Graduate,Unemployed,64675.71823581495,0.0,214687.657793298,60,0,Semiurban,31.302420616329716,Rejected,64675.71823581495,3.31944760181128
LN00304,nan,Yes,1,Graduate,Salaried,59581.96812071704,0.0,108067.11812397077,300,0,Semiurban,41.32996827855147,Rejected,59581.96812071704,1.813755428572275
LN01894,Male,Yes,3,Not Graduate,Salaried,58232.740815893296,0.0,173213.18716178965,180,1,Rural,43.01405286154687,Approved,58232.740815893296,2.9744982759684064
LN03367,Male,Yes,1,Not Graduate,Self-Employed,63555.002125360625,28355.704555367563,103019.52414510753,240,1,Rural,40.302773545566026,Approved,91910.70668072818,1.1208653253311198
LN01489,Female,Yes,1,Graduate,Self-Employed,85251.68206854364,23085.710068901168,120150.64844772342,300,0,Urban,34.47003021744339,Rejected,108337.39213744481,1.109041357533246
LN00195,Male,Yes,1,Graduate,Self-Employed,67706.34759457674,13505.443068350112,175326.71956929588,180,1,Urban,32.868020550727,Approved,81211.79066292685,2.1588825728150387
LN04435,Female,No,1,Graduate,Salaried,73917.27678187571,16794.141710488413,159016.06245886494,60,1,Urban,37.966838099369625,Approved,90711.41849236413,1.7529883789905736
LN01044,Male,Yes,2,Graduate,Salaried,56547.45400118361,22979.752545819058,82943.49836721446,180,0,Rural,42.46341177100993,Rejected,79527.20654700266,1.0429575231992172
LN04685,Male,No,2,Graduate,Salaried,73307.3787006566,6498.022541853443,93509.24848677184,120,0,Rural,29.37660573508505,Rejected,79805.40124251004,1.1717157865370416
LN05485,Male,Yes,1,Graduate,Salaried,74903.01728569635,14766.060397560535,116181.77484821972,300,1,Urban,21.0,Approved,89669.07768325688,1.2956726872848534
LN04491,Female,Yes,1,Graduate,Self-Employed,40848.62089969576,15849.729626358272,193009.2605390922,360,0,Rural,29.19887287995694,Rejected,56698.350526054026,3.4041424265138116
LN00105,Male,Yes,2,Graduate,Unemployed,68081.01713629077,25628.536930332164,91624.95880596428,300,0,Semiurban,37.00583737575304,Rejected,93709.55406662294,0.9777547200878087
LN02632,Female,Yes,0,Graduate,Self-Employed,63945.84531262413,30154.13815348209,139574.67845231248,180,1,Semiurban,27.76936844153219,Approved,94099.98346610622,1.4832593302482964
LN04164,Male,No,2,Not Graduate,Self-Employed,51344.522328232226,0.0,126065.39055304044,240,1,Semiurban,37.1749455635283,Rejected,51344.522328232226,2.455284124509662
LN01826,Male,Yes,1,Not Graduate,Salaried,38192.01845114308,14411.671458684776,207658.48492274224,300,1,Semiurban,36.04481567819572,Approved,52603.68990982785,3.9476030156573825
LN03235,Female,Yes,2,Graduate,Salaried,63789.596424421616,1875.3269655145016,159701.05022528998,60,1,Urban,38.44864787822139,Approved,65664.92338993611,2.4320602534924447
LN04968,Male,No,3,Graduate,Salaried,54110.88484823932,21102.35005693996,114302.35439202232,120,0,Semiurban,26.48092079574448,Rejected,75213.23490517928,1.5197106537981298
LN05560,Female,No,0,Graduate,Salaried,39089.410286518934,16711.87143745663,232816.12539017788,360,1,Rural,27.186927461652864,Approved,55801.28172397557,4.172236160126518
LN03695,Female,Yes,1,Graduate,Salaried,53698.26537611783,7030.133311861226,139662.27982853644,120,1,Semiurban,40.91203956312876,Approved,60728.398687979054,2.2997853203098213
LN00104,Female,Yes,1,Graduate,Salaried,56774.285766679815,6046.456263407999,173186.15287785573,300,1,Urban,33.76317924643005,Approved,62820.742030087815,2.756830742223782
LN04770,Male,No,2,Graduate,Self-Employed,60303.658850808664,27374.645917335387,105701.87160000554,180,0,Rural,33.46974275236591,Rejected,87678.30476814405,1.2055647275517347
LN02398,Female,Yes,2,Graduate,Salaried,64145.34658797888,21763.57047674908,163081.2631790385,360,1,Urban,31.88341937170209,Approved,85908.91706472795,1.898304259337423
LN05983,Male,Yes,2,Graduate,Salaried,67858.27021096433,11990.647070298668,120853.52522003662,120,0,Rural,55.86477158316429,Rejected,79848.917281263,1.5135274132063352
LN03412,Male,No,0,Graduate,Salaried,99831.06604409468,20586.952829218193,128307.6238323714,60,0,Urban,24.98273415494033,Rejected,120418.01887331287,1.06551847499965
LN05101,Female,Yes,3,Not Graduate,Salaried,70033.70090337576,5086.656077657497,148554.92382510696,360,0,Urban,29.663518299201577,Rejected,75120.35698103326,1.9775588108908324
LN00818,Female,Yes,2,Graduate,Salaried,61645.67978550848,14976.31083867192,93582.43312446112,120,0,Semiurban,37.31572993840317,Rejected,76621.9906241804,1.221352151805468
LN02226,Male,Yes,3,Graduate,Self-Employed,88392.06009027275,10673.624836664718,240220.5413349213,300,1,Urban,30.344932598302673,Approved,99065.68492693747,2.424861257579633
LN04798,Female,Yes,0,Not Graduate,Salaried,18992.85085431599,15437.10396991984,185552.30512726516,180,0,Semiurban,40.97835895275738,Rejected,34429.95482423583,5.389269491479314
LN05601,Male,No,2,Graduate,Salaried,57928.26293188439,19862.873047408943,139265.27263065815,240,0,Rural,37.481931614177206,Rejected,77791.13597929334,1.7902460335291692
LN01330,Female,Yes,1,Graduate,Self-Employed,90615.01664687396,44430.48335268621,108579.83891258744,360,0,Rural,28.74444918557529,Rejected,135045.49999956018,0.8040241171526712
LN01008,Female,Yes,1,Graduate,Self-Employed,80991.05430638671,28465.716626102963,182479.06658230865,240,1,Semiurban,31.801910340767343,Approved,109456.77093248967,1.6671336549372298
LN02055,Female,Yes,0,Graduate,Salaried,43614.84280557005,19664.445968402615,197185.08171999207,240,0,Urban,37.01611267554798,Rejected,63279.288773972665,3.116107742998149
LN02799,Male,Yes,0,Graduate,Unemployed,66022.14678383485,26877.13384138455,132077.69053466624,120,1,Urban,38.22010511116461,Approved,92899.2806252194,1.4217299600790565
LN05648,Male,No,1,Graduate,Self-Employed,,17079.200673839576,212308.24989389724,120,0,Urban,45.66032179615496,Rejected,17079.200673839576,12.430807152415067
LN04012,Male,Yes,2,Not Graduate,Salaried,40300.137483659695,1842.025917818588,87935.03636295216,120,1,Semiurban,36.35961579240646,Approved,42142.16340147828,2.086628432556159
LN01228,Female,Yes,0,Not Graduate,Salaried,79277.58233589819,16606.499403531165,120685.7475223924,180,0,Semiurban,35.23089777670297,Rejected,95884.08173942936,1.2586630161444632
LN02456,Male,No,0,Graduate,Salaried,48398.935172599144,25073.043574732623,173543.44296876903,360,0,Rural,47.66847794373411,Rejected,73471.97874733177,2.362035784629953
LN03511,Male,Yes,0,Not Graduate,Salaried,42464.5243757631,4801.986663054064,234293.50761107617,300,0,Semiurban,29.77023912586787,Rejected,47266.51103881717,4.956860628419663
LN00635,Male,Yes,3,Graduate,Self-Employed,26902.866562684612,11063.884179669902,219347.99451366405,180,0,Urban,53.26980285428042,Rejected,37966.75074235452,5.777370731621927
LN00870,Male,No,2,Graduate,Salaried,56461.05545011901,19090.64938334057,159868.630271983,120,1,Semiurban,39.59037763972001,Approved,75551.70483345957,2.1160161855299657
LN00283,Female,Yes,0,Graduate,Salaried,35243.690023463016,25189.23240089898,,240,1,Urban,31.488535398144503,Approved,60432.922424362,
LN04002,Male,No,3,Graduate,Salaried,60360.33744088893,9026.18938954857,104383.7242966821,360,1,Urban,34.05227682349524,Approved,69386.5268304375,1.5043803035677024
LN03154,Female,Yes,3,Graduate,Salaried,39229.12358312056,12049.43810194358,95265.39779863144,120,0,Semiurban,30.94339576252379,Rejected,51278.561685064145,1.857801675166316
LN01601,Male,nan,2,Graduate,Salaried,87497.5283829637,9909.061946884303,152781.50618828944,240,1,Urban,40.45809447585289,Approved,97406.59032984801,1.5684924980016783
LN05073,Female,No,1,Graduate,Self-Employed,28892.525323175152,15732.19450312465,130703.3436742218,120,1,Urban,21.714463668847607,Approved,44624.7198262998,2.9289448579840975
LN05052,Female,No,2,Graduate,Salaried,66833.20463905252,18871.483160609067,271304.2806926526,240,1,Urban,34.59798528953245,Approved,85704.6877996616,3.165571075024952
LN03690,Male,Yes,0,Graduate,Salaried,70667.18489410898,19847.346479689237,189186.56983764388,180,0,Semiurban,34.89443850430157,Rejected,90514.53137379822,2.0901237289331958
LN03830,Female,No,0,Graduate,Unemployed,55949.5154587034,4811.948024092864,148403.30549745946,300,0,Semiurban,32.599770282035855,Rejected,60761.46348279626,2.4423918877378212
LN01109,Male,Yes,0,Graduate,Salaried,98280.62707733572,18537.706308913897,100607.09631838796,60,0,Urban,35.248584335028234,Rejected,116818.33338624962,0.8612269444534821
LN04379,Male,No,0,Graduate,Salaried,44470.017190139995,13533.682259563975,116532.19518748524,300,1,Urban,25.207852212358596,Approved,58003.69944970397,2.0090476347725432
LN03239,Male,Yes,2,Graduate,nan,78758.3107502131,2873.428673766862,283533.7687431532,300,1,Urban,44.54234705481512,Approved,81631.73942397996,3.473327540780822
LN03237,Male,No,0,Graduate,Self-Employed,34901.54663995415,0.0,158035.22756392308,60,1,Urban,36.1458354354846,Approved,34901.54663995415,4.528029350510488
LN03515,Male,No,1,Graduate,Salaried,69508.61365053247,1532.1433788456543,244190.5515592401,180,0,Urban,36.07284852178925,Rejected,71040.75702937812,3.4373303687946035
LN02528,Male,Yes,1,Graduate,Salaried,101130.87129659083,25103.79313283263,217177.32533110256,120,0,Urban,45.46977881750812,Rejected,126234.66442942346,1.7204254181110787
LN04827,Female,Yes,2,Graduate,Salaried,,17808.911266011713,200857.38371896563,300,0,Semiurban,23.588009459121,Rejected,17808.911266011713,11.278476304292768
LN00131,Male,Yes,0,Graduate,Self-Employed,61371.25949612055,9525.92477233127,165662.08468468083,120,0,Rural,37.11005124435127,Rejected,70897.18426845182,2.3366525256828563
LN01226,Male,Yes,0,Graduate,Unemployed,60876.229439582195,14426.025362132064,155757.6157220238,120,0,Urban,30.038489413026507,Rejected,75302.25480171425,2.068432295050984
LN05077,Male,Yes,1,Graduate,Salaried,80743.17797316486,4418.535687055884,189878.28113429772,180,0,Rural,29.38281168403639,Rejected,85161.71366022075,2.2296202480362997
LN01416,Female,Yes,2,Graduate,Salaried,61140.26249794169,22820.273875741277,48077.67375589136,240,1,Rural,39.01923987119455,Approved,83960.53637368296,0.5726222798519554
LN02924,Male,Yes,1,Not Graduate,Salaried,61835.049688967454,3814.7651578836776,148212.11778132428,360,0,Semiurban,23.297419554590743,Rejected,65649.81484685114,2.257616691335318
LN02450,Male,No,2,Not Graduate,Salaried,41676.16169037515,0.0,141593.01769754165,240,1,Urban,21.0,Approved,41676.16169037515,3.397458210030932
LN01246,Female,No,0,Not Graduate,Self-Employed,60681.66936518452,13823.45068397836,281265.2790134456,300,1,Semiurban,31.51989706230325,Approved,74505.12004916288,3.775113426135682
LN01493,Female,Yes,0,Graduate,Salaried,63691.02606394074,15017.830411046089,145995.85008754538,240,1,Urban,23.599905804386275,Approved,78708.85647498682,1.854884654993583
LN02518,Female,No,0,Graduate,Salaried,55404.00738849613,8657.252831826863,216755.2308634312,120,0,Urban,45.55247454995629,Rejected,64061.26022032299,3.3835617675636533
LN03007,Male,Yes,2,Graduate,Salaried,29053.92022123269,24800.04236133894,126867.76290593507,180,1,Semiurban,54.46709607703451,Approved,53853.96258257163,2.355773963919832
LN03642,Female,Yes,3,Graduate,Self-Employed,40200.84414895972,17644.81684951374,122717.23028187078,300,1,Rural,39.2326783640907,Approved,57845.66099847345,2.121459555715152
LN04204,Male,Yes,2,Graduate,Salaried,62210.7063494788,14993.915176777104,153928.6610480563,180,1,Urban,40.099073231682496,Approved,77204.62152625591,1.9937752171443248
LN03669,Male,Yes,0,Not Graduate,Self-Employed,66773.7463584338,17687.757891486413,226365.4112097299,180,1,Semiurban,23.003089842495896,Approved,84461.50424992021,2.6801015826087866
LN00437,Male,nan,3,Graduate,Self-Employed,32397.970835702177,12188.359575354429,139364.00415345404,60,0,Urban,32.12337413419617,Rejected,44586.33041105661,3.125711465119683
LN03592,Male,Yes,0,Graduate,Self-Employed,106072.77504209576,27523.46362298008,116742.9850357794,120,1,Urban,35.49227893376525,Approved,133596.23866507586,0.8738493403878881
LN03605,Female,nan,2,Graduate,Salaried,44182.01236664894,30246.38596482756,143632.1165939444,60,0,Semiurban,21.0,Rejected,74428.39833147649,1.9298025997316268
LN02348,Male,Yes,1,Not Graduate,Salaried,73869.57823827988,20838.830222840013,202852.17095826828,120,0,Urban,36.68338399536869,Rejected,94708.40846111989,2.1418602028514084
LN01053,Male,Yes,3,Graduate,Unemployed,65213.47531647814,18246.582355025184,258347.96336234827,300,0,Urban,34.56602372791131,Rejected,83460.05767150332,3.0954683062789066
LN05227,Male,Yes,1,Not Graduate,Salaried,68316.73672572122,30018.791337963183,162181.0010744912,180,0,Rural,46.731326935493264,Rejected,98335.5280636844,1.6492615056631312
LN03693,Male,No,3,Not Graduate,Salaried,81147.3661075645,12721.07441234166,177792.92296587033,240,1,Urban,30.91235205547836,Approved,93868.44051990617,1.8940649485720042
LN04459,Male,Yes,0,Graduate,Self-Employed,73241.03669516946,31776.254421561345,230477.08285191847,120,0,Urban,38.26930026814092,Rejected,105017.2911167308,2.194658426256056
LN02171,Female,Yes,2,Graduate,Salaried,58480.979527149546,27638.559390963885,222944.26943162343,60,1,Semiurban,28.445965364152347,Approved,86119.53891811342,2.588776858682552
LN03476,Female,Yes,0,Not Graduate,Salaried,79556.31099372401,17716.835845000307,150831.0490681207,360,0,Urban,30.453146921681306,Rejected,97273.14683872432,1.5505928816942007
LN00670,Female,Yes,1,Graduate,Self-Employed,84921.70384995258,17408.767572004075,144332.26029463502,300,1,Rural,27.087003255873867,Approved,102330.47142195665,1.4104524125515385
LN04922,Female,nan,0,Graduate,Salaried,71747.83399612024,31923.130191048756,194050.6673582601,360,1,Semiurban,37.48830783088357,Approved,103670.964187169,1.8717937937561606
LN05645,Male,No,0,Not Graduate,Self-Employed,25141.0493902667,22177.387066589792,144351.4762025466,60,0,Rural,31.859253176739916,Rejected,47318.43645685649,3.0506391802307724
LN01145,Female,Yes,1,Not Graduate,Self-Employed,60311.58095162935,19757.51991831532,171536.99669909253,300,0,Urban,24.926398209677632,Rejected,80069.10086994467,2.1423619702901138
LN04490,Male,Yes,2,Not Graduate,Salaried,67908.41970776077,4918.934932395719,219829.89231115888,180,1,Rural,41.03756107428738,Approved,72827.35464015648,3.018507172165584
LN01240,Male,Yes,0,Graduate,Salaried,52417.44518025026,21882.053064528827,63488.89369272572,360,0,Urban,30.02378767177404,Rejected,74299.49824477908,0.8544996291033095
LN04152,Male,Yes,0,Graduate,Self-Employed,61722.21736517956,10430.081661747685,125490.4546885656,180,1,Urban,25.49156752831195,Approved,72152.29902692724,1.739244021063453
LN02283,Female,Yes,0,Not Graduate,Self-Employed,40376.68937720636,0.0,130195.80169603656,180,0,Urban,35.01327062386449,Rejected,40376.68937720636,3.2245288978431033
LN00529,Female,Yes,2,Graduate,Self-Employed,41913.667497911825,6975.699601351632,151025.08646838344,240,0,Urban,32.340570677531225,Rejected,48889.36709926346,3.089119279489685
LN05272,Male,Yes,2,Not Graduate,Salaried,36005.49469819573,7815.160148388835,162818.04918692328,240,0,Urban,44.09109221681787,Rejected,43820.65484658457,3.7155549079982197
LN03836,Female,No,0,Graduate,Salaried,84753.07515023997,25247.74112281728,153543.24985275682,60,1,Rural,30.765708021273237,Approved,110000.81627305725,1.3958373678938283
LN01928,Female,Yes,1,Graduate,Self-Employed,82019.19269997142,18137.23182896907,216094.0496079901,120,0,Urban,30.981883804252284,Rejected,100156.4245289405,2.157565534356202
LN04360,Female,No,1,Not Graduate,Salaried,66148.07139439377,15873.574252602635,102077.5309372596,180,0,Rural,27.028334121272575,Rejected,82021.6456469964,1.2445194208438517
LN01375,Male,Yes,1,Graduate,Salaried,55813.526456962674,34723.444790822,170632.06807214828,180,0,Urban,37.32635737229459,Rejected,90536.97124778468,1.8846672880756814
LN05588,Female,Yes,3,Not Graduate,Salaried,83722.90948084598,11924.226104362562,155751.27831714036,360,0,Urban,36.52155830586498,Rejected,95647.13558520854,1.6283945918943619
LN01523,Male,nan,2,Graduate,Salaried,40811.21526553041,19512.260161360988,131361.21027676234,60,1,Rural,38.60108507333458,Approved,60323.4754268914,2.177613430710978
LN04021,Male,Yes,2,Graduate,Self-Employed,31526.34726232154,21040.974263555672,273765.69004680513,360,1,Urban,32.71764716876914,Approved,52567.32152587721,5.207906396981612
LN03984,Male,Yes,1,Graduate,Self-Employed,64857.6402630055,3070.266289808633,115315.1753767798,60,0,Semiurban,36.21133601650077,Rejected,67927.90655281414,1.6976112061855158
LN05979,Female,Yes,3,Graduate,Self-Employed,69726.19986700443,37369.71077061629,203542.87989562412,240,1,Urban,37.437346837206,Approved,107095.91063762072,1.9005663118580687
LN04255,Male,Yes,1,Not Graduate,Salaried,80708.8683283389,1482.9246797535343,137292.27345628064,180,0,Rural,41.98813224257226,Rejected,82191.79300809243,1.6703890793909697
LN05009,Male,No,0,Graduate,Salaried,57169.40725324305,14214.092040311803,201300.70628536487,120,1,Urban,49.99213155534271,Approved,71383.49929355485,2.8199893291521523
LN05336,Male,Yes,1,Not Graduate,Salaried,49749.317787069,17295.726410742533,216120.2162405865,300,0,Urban,35.66494421267447,Rejected,67045.04419781153,3.22350770032964
LN02039,Male,Yes,3,Graduate,Salaried,24618.48190221764,37540.381089211194,176792.8471244319,300,0,Urban,42.73404177784873,Rejected,62158.86299142883,2.844209797544239
LN05262,Female,Yes,2,Graduate,Self-Employed,65448.4279330722,14520.14205149419,154334.7285742767,180,1,Semiurban,36.659214461908846,Approved,79968.56998456639,1.9299423336451142
LN01575,Male,Yes,1,Not Graduate,Salaried,59287.17035405033,1007.7174077536874,142765.71196288284,120,0,Urban,21.0,Rejected,60294.88776180401,2.367791321328621
LN00311,Female,No,3,Graduate,Salaried,81975.5370397438,27121.292042334862,172051.79174253813,180,0,Semiurban,32.85614062338895,Rejected,109096.82908207865,1.5770558428705157
LN00766,Male,Yes,1,Graduate,Salaried,59300.23019006076,36355.867300773665,150719.09981221327,120,0,Rural,53.196094208363995,Rejected,95656.09749083442,1.5756350485305433
LN00471,Male,No,0,Graduate,Self-Employed,15000.0,11853.091712119076,97669.0445953249,120,1,Semiurban,30.368820043753708,Approved,26853.091712119076,3.6371619939482
LN01942,Male,No,1,Not Graduate,Self-Employed,65382.53882490215,560.7445292624307,20000.0,180,0,Semiurban,21.0,Rejected,65943.28335416458,0.30329093400741197
LN02057,Male,Yes,1,Graduate,Salaried,77487.78361425456,12118.439694888824,113704.09570031108,120,1,Urban,24.7699861324148,Approved,89606.22330914339,1.2689307896397946
LN02195,Female,Yes,0,Not Graduate,Self-Employed,46760.35644406782,24982.1765597173,138732.59331434962,360,0,Urban,37.855163018326515,Rejected,71742.53300378512,1.9337565528531049
LN02519,Male,No,1,Graduate,Salaried,42971.87131479372,26288.474875493892,196930.55393127463,240,1,Semiurban,21.0,Approved,69260.34619028762,2.843337707123535
LN01701,Female,Yes,0,Graduate,Salaried,69783.74260295327,3867.051658853688,75553.88719647117,240,0,Urban,40.59178285969425,Rejected,73650.79426180695,1.0258394081657733
LN05687,Male,No,3,Graduate,Salaried,50046.54953141921,0.0,103779.5715885001,360,1,Rural,46.157458111828134,Approved,50046.54953141921,2.0736608729308563
LN01138,Male,No,3,Graduate,Salaried,71948.00139699716,9720.059782343864,180495.4561327322,360,1,Semiurban,36.53937224538746,Approved,81668.06117934102,2.210110703330751
LN04009,Male,Yes,1,Not Graduate,Salaried,72666.53652142477,23185.946183432137,155523.43779430678,60,1,Semiurban,30.82742734453215,Approved,95852.48270485691,1.6225290509499375
LN03818,Male,No,3,Graduate,Salaried,52046.40612770792,4106.573622878937,191297.61044629727,120,1,Semiurban,30.456424775237792,Approved,56152.97975058686,3.406722337727732
LN04577,Male,Yes,3,Graduate,Salaried,96410.8781588363,10206.460573439155,272696.9336462695,240,0,Urban,34.362756848120654,Rejected,106617.33873227546,2.5577165673871582
LN00837,Male,Yes,0,Graduate,Salaried,40032.91918522418,0.0,120034.86056881372,60,1,Urban,21.0,Approved,40032.91918522418,2.998403888895457
LN03589,Male,Yes,0,Graduate,Salaried,52075.4064379648,22985.013379072203,76342.7061676735,120,0,Urban,35.70256213440972,Rejected,75060.41981703701,1.0170833890053124
LN03816,Male,Yes,1,Graduate,Self-Employed,52343.65620774063,16143.087530592478,248055.21456457337,240,0,Rural,42.99280415439706,Rejected,68486.74373833311,3.6219449345163266
LN01491,Male,Yes,0,Graduate,Self-Employed,111163.98571336504,7257.961816470995,187972.1086911291,180,0,Semiurban,27.88113964217896,Rejected,118421.94752983603,1.5873080337896834
LN02074,Male,Yes,0,Not Graduate,Salaried,47646.962091313,0.0,263128.4404167659,180,0,Urban,37.82891724497241,Rejected,47646.962091313,5.522459961088255
LN00463,Male,No,0,Graduate,Self-Employed,64279.59821468444,20991.033318635946,141906.76173211346,300,0,Urban,35.34424321367963,Rejected,85270.63153332038,1.6641926907350502
LN01773,Male,Yes,1,Not Graduate,Salaried,63892.14910474485,19441.451710872578,178170.49754110663,180,1,Urban,45.54872072957904,Approved,83333.60081561742,2.138039107842271
LN03997,Female,No,0,Graduate,Self-Employed,53594.04390926716,7946.832760841517,135860.33949453375,180,0,Urban,39.41635273186621,Rejected,61540.87667010867,2.2076438758390835
LN02970,Male,No,0,Not Graduate,Unemployed,21754.900491604465,11089.753331344236,171901.18026640484,300,1,Urban,31.965684311828618,Rejected,32844.653822948705,5.233764410885547
LN00679,Male,Yes,1,Not Graduate,Salaried,85431.10189988317,9502.106403619666,160076.4802891251,120,0,Urban,21.5747409400855,Rejected,94933.20830350283,1.6862011002236255
LN02107,Female,Yes,0,Graduate,Self-Employed,72767.83851216765,23187.65970848816,173378.74562410786,180,1,Urban,41.66375976086359,Approved,95955.49822065582,1.8068661915069455
LN05492,Male,Yes,1,Graduate,Salaried,52424.803267938136,17265.42750930996,169106.56379454018,300,1,Urban,39.56006183024192,Approved,69690.2307772481,2.426546187442799
LN00631,Male,No,3,Graduate,Salaried,90591.00638921229,19572.13063692514,144861.62692562002,180,1,Rural,38.68007733168838,Approved,110163.13702613742,1.314973691165403
LN00509,Male,Yes,1,Graduate,Self-Employed,43380.997671779245,29246.27732077243,,360,1,Urban,42.481375333435,Approved,72627.27499255168,
LN02699,Female,Yes,1,Graduate,Self-Employed,86578.6663907082,3195.395147679179,77730.0081609621,120,0,Urban,38.26551172721787,Rejected,89774.06153838738,0.865840386732695
LN02891,Female,Yes,1,Graduate,Salaried,17388.67040385599,20308.67162067149,60190.11223327243,180,1,Urban,45.06233830034556,Approved,37697.342024527476,1.596667271504453
LN02510,nan,Yes,0,Graduate,Salaried,69637.32123436983,15030.601167385728,110468.80043635238,180,0,Urban,21.0,Rejected,84667.92240175555,1.3047302603242081
LN03423,Male,No,1,Graduate,Self-Employed,68364.11511775944,16148.45090277753,109076.2456934916,180,0,Urban,25.618763216680485,Rejected,84512.56602053698,1.2906512111700112
LN05094,Male,Yes,0,Not Graduate,nan,57697.80612153521,9027.210641537524,157391.10451516224,360,1,Urban,31.91174429991886,Approved,66725.01676307274,2.3588020228458952
LN05281,Female,Yes,2,Graduate,Salaried,73181.0868782684,11634.550787908893,177927.9076640786,120,1,Semiurban,40.40176876803765,Approved,84815.6376661773,2.097819606855736
LN02457,Female,Yes,1,Graduate,Self-Employed,,15233.852146585075,199391.72106539967,120,0,Rural,29.67708368395085,Rejected,15233.852146585075,13.088726288452044
LN01581,Female,No,0,Graduate,Salaried,82972.7469885743,21672.45147429242,103507.60258036749,300,1,Urban,40.449184493319024,Approved,104645.19846286673,0.9891290197810374
LN00603,Female,Yes,2,Graduate,Salaried,87112.75717609902,19217.16933003097,132656.80060376946,240,1,Semiurban,60.34591990050089,Approved,106329.92650613,1.2475960904207124
LN05948,Male,Yes,0,Not Graduate,Salaried,26664.731864216046,6750.3931340875915,115148.42653175692,300,1,Rural,40.32452801389272,Approved,33415.12499830364,3.445997180546312
LN00301,Female,Yes,0,Not Graduate,Salaried,48796.37919606061,590.1836547508137,146138.9144200787,240,0,Semiurban,30.586873787459584,Rejected,49386.562850811424,2.959082511199251
LN04509,Male,Yes,0,Graduate,nan,58609.35427515461,3689.313700650287,156821.345903364,60,0,Urban,33.544213829421054,Rejected,62298.6679758049,2.5172503842982508
LN03431,Male,No,0,Graduate,Salaried,86924.51512405496,6699.2950487076305,179325.7578809,240,1,Rural,36.79551562564762,Approved,93623.81017276259,1.9153862414912715
LN03129,Male,Yes,1,Graduate,Salaried,51770.1371087564,24944.14528207584,71906.07141377847,300,0,Urban,24.393446894989175,Rejected,76714.28239083223,0.9373231316620075
LN02588,Male,No,0,Graduate,Unemployed,43999.22871204707,8003.991912976361,102759.27548791398,360,1,Urban,28.191286716772055,Approved,52003.22062502343,1.976017528392602
LN03473,Female,No,1,Graduate,Self-Employed,38787.89867206798,9923.058716102893,216148.66541727717,240,1,Urban,40.88691895578123,Approved,48710.95738817088,4.4373725544915565
LN00666,Male,Yes,2,Graduate,Self-Employed,54900.455651582895,2464.939876282384,156837.32513242317,240,1,Urban,21.713696809292372,Approved,57365.39552786528,2.7340058181284452
LN02919,Female,No,2,Graduate,Self-Employed,85917.43563726029,23259.235830306538,99455.92517051994,300,0,Rural,31.296538659629935,Rejected,109176.67146756683,0.9109631557146837
LN01441,Female,Yes,1,Graduate,Salaried,83469.4771497065,42922.088679099616,146845.1223522827,180,1,Semiurban,29.515356944168698,Approved,126391.56582880611,1.1618269098048866
LN05984,Male,No,2,Graduate,Salaried,91808.07137147278,21427.171526314836,204728.66456102836,240,1,Urban,51.50245857111824,Approved,113235.24289778761,1.8079942191304148
LN01509,Male,Yes,1,Graduate,Salaried,89550.60162110523,10010.127440208882,233389.89665022577,120,1,Urban,40.43394807132023,Approved,99560.72906131411,2.3441963397685996
LN05115,Male,Yes,1,Graduate,Self-Employed,70387.17491275776,19892.11824664301,119756.28004954084,120,1,Semiurban,30.06013383021024,Approved,90279.29315940078,1.3265088356207475
LN05828,Male,Yes,1,Graduate,Salaried,63211.7886634352,6819.978152582537,194381.14816901984,360,0,Urban,32.772442233930384,Rejected,70031.76681601774,2.7756139393096215
LN05011,Male,Yes,0,Graduate,Salaried,74670.95627011731,13707.02542964492,143267.79540876023,360,1,Urban,36.501745660832114,Approved,88377.98169976223,1.6210801904876007
LN03670,Male,Yes,0,Graduate,Salaried,80589.14963196714,16871.07100125092,125893.78578392652,360,1,Semiurban,39.341641025923835,Approved,97460.22063321806,1.2917453394417746
LN01095,Female,Yes,3,Not Graduate,Self-Employed,58385.668397828355,0.0,181855.95202056135,240,0,Semiurban,28.181472719826612,Rejected,58385.668397828355,3.1147361503413986
LN03434,Male,No,2,Graduate,nan,105448.69440893763,30425.47211374117,90221.23358882772,240,1,Rural,27.774120434631964,Approved,135874.1665226788,0.6640057922546215
LN01105,Female,nan,1,Graduate,Self-Employed,39201.881457489384,11123.701673367535,43567.543774074016,300,1,Urban,42.68369490544703,Approved,50325.58313085692,0.8657136403325799
LN04888,Female,Yes,2,Graduate,Salaried,64549.91751464107,28158.21840016223,134221.6153732739,240,1,Urban,27.291449199846245,Approved,92708.13591480331,1.4477867993874944
LN02435,Male,No,0,Graduate,Salaried,52609.46142333283,16504.74498773901,256607.32300718507,60,1,Urban,32.983535773823576,Approved,69114.20641107185,3.7128014099005484
LN04793,Female,Yes,1,Graduate,Self-Employed,65285.36543291273,19414.197598929502,244490.69519469215,240,1,Urban,48.178840225903514,Approved,84699.56303184223,2.8865638315368582
LN04865,Male,Yes,0,Not Graduate,Salaried,26306.648455472263,29717.088983618905,179757.8661942364,180,0,Urban,33.773874992206714,Rejected,56023.73743909117,3.208601825068679
LN01957,Male,No,0,Graduate,Salaried,122754.97067319987,36591.21154603292,191233.4312345715,360,1,Urban,34.13781852192371,Approved,159346.18221923278,1.2001130404961153
LN02971,Male,Yes,0,Graduate,Salaried,58627.31907829063,29794.81761860873,136859.15883514704,360,0,Urban,32.339113691529754,Rejected,88422.13669689937,1.5477929390496867
LN01383,Male,No,2,Graduate,Salaried,47885.70153993323,7040.11089991246,196419.43395680856,240,1,Rural,30.860003619261523,Approved,54925.81243984569,3.576086091979532
LN04274,Female,Yes,1,Not Graduate,Self-Employed,19564.027200761055,7393.993355748609,172369.31482367136,300,0,Semiurban,37.50163085279772,Rejected,26958.020556509662,6.393990035816953
LN00922,Male,No,0,Graduate,Salaried,62659.39348293752,19323.5271420034,124016.27608981825,240,0,Urban,21.0,Rejected,81982.92062494092,1.512708685473324
LN04653,Male,Yes,0,nan,Self-Employed,72468.14276559831,0.0,74102.44340783742,240,1,Semiurban,34.54170914082494,Approved,72468.14276559831,1.0225519873956936
LN02811,Female,Yes,2,Not Graduate,Salaried,47288.84317191193,18307.83806538236,184180.91559681663,60,0,Urban,29.88142005535066,Rejected,65596.6812372943,2.807777956487569
LN05642,Male,Yes,1,Graduate,Self-Employed,15000.0,30095.239926988543,173316.0824591646,180,0,Rural,28.300058383678437,Rejected,45095.23992698854,3.8433343017970865
LN01666,Male,Yes,1,Graduate,Salaried,40013.95535410178,4703.037603669396,237818.8993813996,240,1,Semiurban,31.50252599896671,Approved,44716.992957771174,5.318311533290838
LN02716,Male,Yes,1,Graduate,Salaried,72510.16033662071,21443.105001082004,139365.51328474405,60,1,Rural,36.527938474688035,Approved,93953.26533770272,1.4833493310084855
LN02324,Male,Yes,1,Graduate,Salaried,59888.07962341907,15657.886486489626,20000.0,180,1,Urban,35.37676214351848,Approved,75545.9661099087,0.2647394828587251
LN01279,Male,Yes,0,Graduate,Salaried,53817.67071594997,22699.687313352224,151083.27058517816,240,0,Rural,27.80238808810121,Rejected,76517.3580293022,1.9744966956036443
LN03033,Male,Yes,0,Graduate,Salaried,40354.119314906406,3202.2325062549135,237200.5117037866,300,1,Urban,21.0,Approved,43556.35182116132,5.445830557107072
LN00116,Male,No,1,Graduate,Salaried,59305.764605895136,23223.50470895754,158484.65789856418,240,1,Urban,35.476565435900206,Approved,82529.26931485267,1.9203448572159105
LN05232,Male,Yes,0,Graduate,Self-Employed,38879.38400066664,16926.191475869364,94105.28306398964,60,0,Semiurban,38.31006936234086,Rejected,55805.575476536,1.6863061129717607
LN04552,Female,Yes,3,Graduate,Self-Employed,77456.48702011269,2022.716243187675,73744.71794928197,180,1,Semiurban,47.63981012179501,Approved,79479.20326330037,0.9278492350379876
LN04675,Male,Yes,1,Graduate,Self-Employed,40746.979761620474,9897.088404369368,133832.31652806423,120,1,Rural,30.089372688634757,Approved,50644.06816598984,2.642605963040301
LN00569,Female,Yes,0,nan,Salaried,52969.730319173825,27888.63425206302,126365.3861138214,360,1,Semiurban,42.14242056632071,Approved,80858.36457123685,1.5627991832866286
LN03189,Female,No,3,Not Graduate,Unemployed,96592.40403432176,31102.92980482871,149852.72943337023,120,0,Urban,24.520512320340497,Rejected,127695.33383915047,1.173517660575836
LN03165,Male,No,0,Graduate,Unemployed,24963.423864965614,14361.221671686531,111632.62570309178,300,0,Urban,28.802504165496615,Rejected,39324.64553665215,2.83874461370658
LN03041,Male,Yes,0,Graduate,Salaried,63139.45921936869,17956.655514819995,84354.35116208805,360,1,Urban,42.59586273394001,Approved,81096.11473418868,1.0401774664369432
LN03761,Female,Yes,0,Not Graduate,Self-Employed,59778.15992102796,6425.575704527833,135053.13014900847,120,0,Semiurban,35.485631921045254,Rejected,66203.7356255558,2.0399623808671548
LN03157,Female,Yes,1,Graduate,Salaried,62188.1694366594,20737.671099019008,194653.87172828455,120,0,Semiurban,33.25511404958432,Rejected,82925.8405356784,2.347324675527838
LN02828,Male,Yes,1,Not Graduate,Salaried,79028.98554116173,20163.96667786579,205060.97903638543,60,0,Rural,45.63485555798951,Rejected,99192.95221902752,2.067293839421083
LN02852,Male,No,1,Graduate,Salaried,37902.74413874959,0.0,186784.03818798668,300,1,Rural,37.60952126642686,Approved,37902.74413874959,4.927981929335544
LN01833,Male,Yes,1,Graduate,Self-Employed,65742.48330403649,12297.32395636111,201359.739412143,240,0,Urban,29.46892881598478,Rejected,78039.8072603976,2.5802183075652705
LN02016,Female,Yes,0,Not Graduate,Self-Employed,54709.703173787784,7670.739618914649,196154.3646225065,360,1,Urban,39.82931026662962,Approved,62380.44279270244,3.144484967417602
LN03533,Male,Yes,2,Graduate,Self-Employed,35218.94594946715,9030.279720988843,76219.362680853,240,0,Semiurban,40.06321887783903,Rejected,44249.22567045599,1.7225016150224433
LN01646,Male,No,1,Graduate,Salaried,56257.11469990903,0.0,151103.38504684318,120,1,Semiurban,25.392316782955717,Approved,56257.11469990903,2.6859426732577796
LN05415,Male,No,2,Graduate,Salaried,72891.90864830354,8577.675215560106,125675.36922272574,240,1,Rural,41.911293950807305,Approved,81469.58386386363,1.5426047766824285
LN00659,Male,No,2,Graduate,Salaried,57112.79176152115,17990.85734021106,180819.71452651796,180,1,Urban,42.26740170910426,Approved,75103.64910173221,2.407602249546986
LN03038,Male,No,3,Graduate,Self-Employed,40745.34869430776,22740.227740710525,93424.73493239188,120,0,Urban,27.880406529453243,Rejected,63485.57643501829,1.4715899292183054
LN00279,Male,Yes,1,Not Graduate,Salaried,52293.7280627648,15567.416832968194,89783.50864105197,300,1,Semiurban,22.287795875864184,Approved,67861.144895733,1.323047360592017
LN01363,Male,Yes,1,Graduate,Salaried,,9447.195030946708,106651.3271783724,240,0,Urban,35.830041944176884,Rejected,9447.195030946708,11.289205613836558
LN03781,Male,Yes,0,Graduate,Salaried,53466.07573627272,25714.759302545597,145913.1661984253,300,0,Urban,24.35535060492576,Rejected,79180.83503881832,1.8427838772714573
LN01200,Female,Yes,0,Graduate,Salaried,62504.49005295814,16396.516742158965,158348.38116670816,240,0,Urban,34.040188921418995,Rejected,78901.00679511711,2.006924722492993
LN04066,Male,No,2,Graduate,Self-Employed,63786.56614584748,12236.647049557829,196199.1339560075,120,0,Rural,21.0,Rejected,76023.2131954053,2.5807792871331228
LN00327,Male,Yes,0,Graduate,Self-Employed,75833.25387925871,21190.329465885326,28493.88121363219,300,0,Urban,26.538790783712244,Rejected,97023.58334514404,0.29367995111322887
LN03459,Male,Yes,1,Graduate,Salaried,36566.913053648765,12985.800999230263,176873.1043362601,300,0,Urban,37.601736832325024,Rejected,49552.714052879026,3.5693928721545722
LN04138,Male,Yes,1,Not Graduate,Salaried,77826.07373739511,25179.570524293595,174635.77097307006,360,1,Semiurban,21.14086923745512,Approved,103005.6442616887,1.695400016424372
LN03339,Male,Yes,2,Not Graduate,Salaried,95927.21645853927,15212.226508342585,139015.647748808,300,0,Semiurban,39.14960795449509,Rejected,111139.44296688186,1.2508218867916487
LN01520,nan,Yes,3,Not Graduate,Salaried,84420.67391050706,24853.997114500497,128240.33339011036,120,1,Urban,33.101946990211154,Approved,109274.67102500756,1.1735595466653248
LN04756,Male,No,0,Graduate,Salaried,30054.847096427107,13549.663084715776,204386.33756694265,180,0,Rural,31.507771266306,Rejected,43604.51018114288,4.687275163002086
LN04441,Male,Yes,1,Graduate,Unemployed,64463.06109495394,9583.792366908125,216772.6530850871,60,0,Urban,40.536613413510075,Rejected,74046.85346186206,2.9275066116987154
LN05220,Male,Yes,0,Graduate,Salaried,95695.5007837019,5769.276036844225,215288.82891437603,300,1,Semiurban,36.64300445310952,Approved,101464.77682054612,2.1218085296254365
LN02421,Male,Yes,2,Graduate,Salaried,83391.79984855547,24437.15505756044,104888.08986426168,300,1,Semiurban,35.43173672753899,Approved,107828.95490611592,0.9727265738185557
LN00082,Male,No,0,Graduate,Self-Employed,89557.88089483032,27212.94945685148,109639.216125778,300,0,Urban,32.737776080618076,Rejected,116770.8303516818,0.9389264064970222
LN04928,Male,No,0,Graduate,Salaried,34188.77156107563,4543.050291220878,123815.72336615527,180,1,Semiurban,32.46038222494394,Approved,38731.8218522965,3.1967441097484532
LN03933,Male,Yes,0,Graduate,Self-Employed,75216.93308622956,7776.525953849706,184417.35185190095,300,0,Rural,30.622908256874684,Rejected,82993.45904007927,2.22207091962322
LN05174,Female,No,0,Not Graduate,Salaried,70993.66372580519,21611.529286613462,109847.87994678775,240,1,Urban,31.79955681654664,Approved,92605.19301241866,1.1861956805387446
LN03202,Female,Yes,0,Graduate,Unemployed,64445.79711601708,10093.877659733473,85491.62927742716,240,0,Semiurban,44.755596039604505,Rejected,74539.67477575055,1.1469278546576047
LN05146,Male,Yes,0,Graduate,Self-Employed,57514.28445675127,8062.333925032495,186623.82646190497,300,1,Urban,32.04175445068363,Approved,65576.61838178377,2.8458897556350107
LN00483,Male,Yes,1,Not Graduate,Self-Employed,64069.27271734446,11674.20620150125,202852.95056782887,120,0,Urban,21.0,Rejected,75743.4789188457,2.678157294374778
LN00715,Male,Yes,0,Graduate,Salaried,82066.03764033043,19608.248654038653,154563.59490837867,300,0,Semiurban,33.198534657958625,Rejected,101674.28629436909,1.5201837213873681
LN04741,Male,Yes,1,Graduate,Salaried,69916.10042055142,16434.289370373244,125606.54559631024,360,1,Urban,39.85826559047788,Approved,86350.38979092466,1.4546146913804825
LN01274,Male,No,0,Graduate,Salaried,84261.95399958367,29364.295195588667,,180,0,Semiurban,34.36351909656571,Rejected,113626.24919517234,
LN02000,Male,Yes,3,Graduate,Unemployed,46496.43450051237,14669.747362804394,138787.95222259068,360,0,Urban,26.942816596623416,Rejected,61166.181863316764,2.269030827079074
LN04594,Male,Yes,3,Graduate,Salaried,59837.735967764995,18360.754125053463,130486.62345341907,60,0,Urban,48.01812555800589,Rejected,78198.49009281845,1.6686591173120697
LN03126,Female,nan,3,Graduate,Unemployed,21812.87824985414,20709.45694603873,172577.37456197533,180,0,Semiurban,40.12712744252951,Rejected,42522.33519589287,4.05851122161899
LN00828,Male,Yes,0,Graduate,Salaried,,13271.543251858891,172958.0657989279,360,0,Urban,42.86743248160976,Rejected,13271.543251858891,13.032249717808995
LN04550,Male,Yes,1,Graduate,Self-Employed,87863.62515869812,8106.709319199281,213702.9821633398,360,0,Semiurban,26.39556143209879,Rejected,95970.3344778974,2.226760835272039
LN05199,Male,No,3,Not Graduate,Self-Employed,78513.44419005443,14576.681043397872,151458.7213384048,240,0,Rural,38.755545565045345,Rejected,93090.1252334523,1.6270116831250918
LN02957,Female,Yes,1,Graduate,Salaried,55268.89425562108,11425.849518293002,124912.11194151398,120,0,Semiurban,32.35889263323816,Rejected,66694.74377391409,1.8728928979013502
LN04308,Male,Yes,0,Graduate,Salaried,56061.56384006221,13453.096688654454,286424.9872648304,120,0,Urban,38.735909421068456,Rejected,69514.66052871666,4.120353679156753
LN03584,Female,Yes,1,Not Graduate,Self-Employed,61425.07499821785,26494.873640103684,82750.66656957954,360,1,Urban,40.98247606669097,Approved,87919.94863832154,0.9412046736968989
LN02879,Male,Yes,0,Graduate,Salaried,56253.41963187251,8515.307999808625,126190.04198005064,180,0,Rural,21.0,Rejected,64768.72763168113,1.94831744569158
LN02149,Male,Yes,1,Not Graduate,Salaried,27136.223776916653,9412.004279376592,159430.61709875058,360,0,Semiurban,44.70408788616432,Rejected,36548.22805629324,4.362198267264511
LN01285,Female,Yes,0,Not Graduate,Self-Employed,33375.34092884444,4435.029293747399,153868.7141380417,240,1,Rural,24.111499487725723,Rejected,37810.37022259184,4.069484462389753
LN01598,Male,Yes,1,Not Graduate,Salaried,60415.87415350816,24942.988266876233,218337.33683471987,360,0,Urban,41.738536328621606,Rejected,85358.8624203844,2.5578754290260917
LN03722,Male,No,0,Graduate,Salaried,27239.418851279665,16030.782215308482,97516.29421216024,300,1,Rural,31.116744129679645,Approved,43270.201066588146,2.253659373158291
LN05029,Female,Yes,2,Graduate,Self-Employed,60290.17998525308,17448.973017127293,173554.02020484433,360,0,Urban,31.96417970520795,Rejected,77739.15300238038,2.2325175088996674
LN04062,Male,No,0,Not Graduate,Salaried,40981.78540625536,23855.770816950448,234253.2172666592,60,1,Semiurban,33.790187071651665,Approved,64837.55622320581,3.6129248372692113
LN05401,Male,No,2,Graduate,Salaried,52053.53494897277,7836.057062992539,140620.1499954194,300,0,Rural,41.61957248668301,Rejected,59889.5920119653,2.3479897803832928
LN02947,Female,No,0,Not Graduate,Unemployed,15000.0,16848.27033621654,133420.31105342277,120,0,Rural,27.186075654582908,Rejected,31848.27033621654,4.189248258851366
LN01527,Male,Yes,0,Graduate,Self-Employed,90864.87056544378,10966.202540313174,181255.52731244735,240,1,Urban,48.913831514726915,Approved,101831.07310575695,1.7799628520481554
LN03522,Female,Yes,1,Graduate,Salaried,40686.70392953584,24537.602558113536,35916.89637897113,120,0,Urban,34.234820811762596,Rejected,65224.30648764937,0.5506673556701168
LN03171,Male,Yes,0,Graduate,Salaried,72164.92383369937,15445.696108892716,238532.09362313367,60,0,Urban,40.848298935970035,Rejected,87610.6199425921,2.7226390337088664
LN02050,Female,Yes,1,Graduate,Salaried,76501.9652933527,4195.926707214983,164313.66683887213,180,1,Urban,48.58146589278957,Approved,80697.89200056768,2.036158104820337
LN02116,Female,Yes,0,Not Graduate,Salaried,55428.00169319963,4858.357818730317,177182.70641403034,300,1,Urban,34.98075795722578,Approved,60286.35951192994,2.9390181767231778
LN01993,Male,No,3,Graduate,Salaried,74166.07694402128,24080.226625361913,79707.01570672673,180,1,Urban,32.48393022228271,Approved,98246.30356938319,0.8112978586561915
LN01184,Female,No,1,Not Graduate,Salaried,40207.43726859325,15430.309733212816,128393.94784352902,120,0,Urban,30.36245186140421,Rejected,55637.74700180606,2.307676977634648
LN04782,Female,No,0,Graduate,Self-Employed,26186.56744787096,7588.373313651708,219954.8739631707,360,1,Urban,41.772086496057454,Rejected,33774.94076152267,6.512368904396401
LN01223,Male,Yes,2,Graduate,Salaried,68275.98194902997,46176.81129208047,141818.31645712542,300,1,Rural,46.6197651701863,Approved,114452.79324111044,1.2390987798643391
LN03518,Female,No,0,Graduate,Salaried,85590.37339520318,12993.147816246705,184787.28962363215,300,1,Urban,36.47198509639469,Approved,98583.52121144989,1.8744237105031527
LN00398,Male,Yes,3,Not Graduate,Unemployed,57709.20309494764,23800.659629573423,83624.62547312847,360,1,Urban,36.624136536129825,Approved,81509.86272452107,1.025944869466345
LN01937,Male,Yes,0,Graduate,Self-Employed,69353.86343530867,39187.777793134635,110771.65036987384,60,1,Urban,29.84117537200263,Approved,108541.6412284433,1.0205451946017392
LN03084,Male,No,1,Graduate,Self-Employed,56283.08495614505,28755.969643042084,29231.83689607351,240,0,Urban,33.46260616104637,Rejected,85039.05459918713,0.34374602391632103
LN00455,Female,No,3,Graduate,Self-Employed,44142.543354753114,4957.094365057468,124870.67430471577,120,1,Urban,42.910998310006235,Approved,49099.637719810584,2.5432096875601444
LN03748,Male,No,0,Graduate,Salaried,88577.15415627134,8179.25201976217,199479.96647952351,60,0,Semiurban,23.919692571561733,Rejected,96756.4061760335,2.061671928126394
LN05643,Female,Yes,1,Graduate,Salaried,87183.7898832805,0.0,221112.92542881635,240,0,Rural,41.39339189116541,Rejected,87183.7898832805,2.5361701495752467
LN02562,Female,Yes,0,Not Graduate,Unemployed,41491.50747880826,24280.15659151687,224613.22547375297,180,1,Rural,31.44752351448435,Approved,65771.66407032512,3.415045500955997
LN00470,Male,No,0,Not Graduate,Salaried,54498.96605696712,15375.748593358656,223925.69392867712,60,1,Urban,32.793093401652904,Approved,69874.71465032577,3.2046741807715295
LN02227,nan,Yes,0,Graduate,Salaried,47991.5286852259,36857.306167225746,138306.0198343316,240,0,Rural,50.986695834642966,Rejected,84848.83485245165,1.6300285098179557
LN05538,Male,Yes,2,Graduate,Self-Employed,35351.37521672,21259.320959729022,173039.44241307006,240,1,Rural,39.63378252062007,Approved,56610.696176449026,3.0566563229274912
LN05191,Male,Yes,1,Graduate,Self-Employed,59174.146259854344,12198.88992249994,164183.92248494262,180,1,Semiurban,23.39058956135014,Approved,71373.03618235429,2.3003634322836075
LN00532,Male,Yes,0,Graduate,Unemployed,58678.40402705367,30404.412397766733,163504.2205673882,180,0,Urban,45.38561720716025,Rejected,89082.8164248204,1.8354181774817842
LN01371,Female,Yes,0,Graduate,Salaried,94234.16960284689,15582.127270850564,118626.94167621492,360,0,Rural,38.28420787106647,Rejected,109816.29687369746,1.080230758579037
LN00880,Female,Yes,3,Graduate,Unemployed,110538.64851747244,16869.902097246642,165339.49812307258,360,1,Urban,45.54910101184784,Approved,127408.55061471908,1.2977111608706384
LN03516,Female,Yes,1,Graduate,Salaried,44088.85864118235,33478.66995702103,126151.20700229704,240,1,Urban,39.8643255967261,Approved,77567.52859820338,1.626340419529867
LN03114,Male,Yes,0,Not Graduate,Self-Employed,67779.57458704368,15142.87211883989,103352.57649134895,300,1,Semiurban,21.0,Approved,82922.44670588357,1.2463763503979655
LN05006,Male,Yes,0,Graduate,Self-Employed,80969.65302101185,10333.810318243544,175652.39337051252,240,1,Urban,21.0,Approved,91303.4633392554,1.923830563993423
LN02830,Male,Yes,0,Not Graduate,Salaried,25922.56826346562,11171.8251901325,181659.75893359576,180,1,Semiurban,38.57028951001206,Approved,37094.39345359812,4.897229527713843
LN02048,Male,No,0,Graduate,Self-Employed,53442.10566974164,2068.777495950295,110856.67448512543,300,0,Semiurban,39.72894558605812,Rejected,55510.883165691936,1.997025955329054
LN04166,Male,Yes,1,Graduate,Salaried,54052.47841513787,30193.36351090644,148806.45158452736,300,0,Rural,44.65542929240135,Rejected,84245.84192604432,1.766335859224458
LN02209,Male,Yes,1,Not Graduate,Salaried,59985.82810846708,18431.585541974167,179725.45013157348,180,0,Urban,21.0,Rejected,78417.41365044125,2.291907393589003
LN01525,Male,Yes,1,Graduate,Salaried,81774.97239408371,7092.290809146463,185347.75049602712,60,1,Semiurban,29.46286383974138,Approved,88867.26320323018,2.0856696134791064
LN00431,Female,Yes,2,Graduate,Salaried,19215.356444797988,0.0,226900.8140930817,180,1,Semiurban,41.82363634553101,Approved,19215.356444797988,11.80830627550022
LN03639,Female,No,0,Graduate,Salaried,69156.1121985157,12592.756960109493,91654.10993142784,240,0,Urban,32.68565939479884,Rejected,81748.86915862518,1.121166700833287
LN01418,Female,Yes,0,Not Graduate,Salaried,90569.36852825063,14800.816037002687,158193.5700868228,300,0,Urban,33.15857511859237,Rejected,105370.18456525332,1.5013124513306433
LN00669,Male,Yes,2,Graduate,Salaried,81830.13703844923,22026.59998499306,68883.96933531173,60,1,Urban,42.98302174881525,Approved,103856.73702344229,0.6632595179623583
LN03329,Male,Yes,1,Graduate,Salaried,76695.02652649765,21067.62150206407,189173.40531044587,240,0,Semiurban,26.493145854915653,Rejected,97762.64802856171,1.9350274273992474
LN05691,Male,Yes,1,Graduate,Salaried,25070.665488419327,32624.73164869612,147195.71368606627,120,0,Semiurban,35.457932238886954,Rejected,57695.39713711545,2.5512557498521016
LN03093,Female,Yes,0,nan,Salaried,68392.19944048236,27812.3865352298,159831.88708751224,120,0,Urban,24.78284154230814,Rejected,96204.58597571217,1.6613749278840348
LN02344,Female,Yes,1,Not Graduate,Salaried,16933.14160257511,0.0,89203.10910120493,60,0,Urban,42.270781289470264,Rejected,16933.14160257511,5.267959791208464
LN01756,Male,Yes,0,Graduate,Salaried,57251.02970744616,5439.414483166056,234144.4194473916,120,0,Semiurban,37.07627890487751,Rejected,62690.44419061222,3.7349299796866697
LN05100,Female,Yes,1,Graduate,Salaried,80575.37982846961,18708.67792471025,174662.7088096516,180,0,Rural,37.46898161366849,Rejected,99284.05775317986,1.759222102342584
LN04198,Male,Yes,1,Not Graduate,Self-Employed,15000.0,27914.688890653633,122297.780795596,180,1,Urban,34.76312672257218,Approved,42914.68889065363,2.8497883581822068
LN04498,Male,Yes,0,Not Graduate,Salaried,16606.451645485955,27473.03650664678,176814.5031282734,360,0,Urban,46.73173796432005,Rejected,44079.48815213273,4.011264888512968
LN03792,Female,Yes,2,Graduate,Self-Employed,65143.979407118546,16803.05051337503,34177.75715362548,180,0,Rural,36.210733426698475,Rejected,81947.02992049357,0.4170713348218396
LN00182,Male,No,1,Graduate,Salaried,38582.15003877775,0.0,144772.43057157367,180,1,Urban,33.538169438371916,Approved,38582.15003877775,3.7523163023851
LN02103,Male,Yes,0,Not Graduate,Salaried,82508.69568829538,0.0,128828.17084103612,300,0,Urban,22.58238916040969,Rejected,82508.69568829538,1.5613890119864249
LN03629,Female,Yes,2,Graduate,Salaried,47344.89940229922,35401.33885996919,171599.8281684805,300,0,Semiurban,22.127543995303423,Rejected,82746.23826226841,2.073808208955507
LN03439,Male,No,2,Graduate,Salaried,65854.30964283706,13959.90772275305,232733.4157933353,240,1,Urban,45.87097702286818,Approved,79814.21736559011,2.915939333556285
LN05843,Female,Yes,1,Not Graduate,Self-Employed,17521.048345986703,9736.091348893222,216912.48153810375,300,1,Semiurban,31.853933874844905,Rejected,27257.139694879923,7.958006011131438
LN05777,Female,Yes,0,Graduate,Salaried,52880.51831228334,14299.702231919557,141454.49732626285,60,1,Urban,31.06755764031502,Approved,67180.2205442029,2.1055973942983615
LN03416,Male,Yes,1,Graduate,Salaried,76814.68964259098,32340.41954422619,108312.6379640442,180,1,Rural,43.05256576383147,Approved,109155.10918681716,0.9922818892395492
LN00748,Male,Yes,1,Graduate,Self-Employed,47769.64394016103,9938.10938914664,157300.53048878635,300,1,Urban,38.62152588883041,Approved,57707.75332930767,2.7258127619551447
LN03880,Male,Yes,0,Not Graduate,Salaried,66034.00017803471,15459.609360489338,113980.5820599764,180,0,Urban,47.155207116571624,Rejected,81493.60953852405,1.3986444177085438
LN00831,Male,No,0,Not Graduate,Salaried,41626.96107031603,7492.703929944012,116439.44624330556,120,1,Semiurban,30.653034892973384,Approved,49119.66500026004,2.370526066142534
LN03370,Male,No,1,Not Graduate,Self-Employed,58451.13078548013,0.0,82578.62436095094,360,0,Urban,46.27393683590519,Rejected,58451.13078548013,1.4127806126458093
LN04309,Male,Yes,0,Not Graduate,Salaried,50708.378437687636,22138.774440901376,81829.7876331243,60,1,Urban,29.2314309924308,Approved,72847.15287858901,1.1233079729211413
LN02522,Male,Yes,2,Graduate,Salaried,67349.63330948609,10050.354491092992,165956.04209342707,120,0,Rural,32.83934961021735,Rejected,77399.98780057908,2.1441352487162204
LN00236,Male,Yes,2,Not Graduate,Salaried,19497.148266847857,8685.974444334417,265083.7426025387,60,1,Urban,22.61593263732697,Approved,28183.122711182274,9.405761927771081
LN05818,Female,Yes,1,Not Graduate,Salaried,35003.59320821272,16206.085476135786,175100.094453328,300,0,Urban,29.135098862189203,Rejected,51209.6786843485,3.419277350530317
LN03540,Male,Yes,0,Graduate,Salaried,66617.02609231156,18286.44025804809,111892.076848689,240,1,Rural,37.87634612507435,Approved,84903.46635035964,1.3178740710886776
LN03163,Male,Yes,0,Graduate,Salaried,46107.99261673711,25679.977780589717,254604.92858089544,60,0,Urban,33.12497963875882,Rejected,71787.97039732683,3.5466238587290686
LN01187,Male,Yes,2,Graduate,Salaried,55507.33700005951,36216.31307330204,208971.22340702137,180,1,Rural,34.29875224545884,Approved,91723.65007336155,2.2782698163438106
LN00809,Male,No,0,Graduate,Self-Employed,42107.85395560992,1951.8310956705063,161135.80313004824,180,0,Urban,21.491964188949876,Rejected,44059.68505128042,3.657216408662582
LN02986,Male,No,1,Graduate,Salaried,57545.82132808552,8216.653706645066,207165.21371650067,60,0,Urban,46.129825024580185,Rejected,65762.47503473058,3.1502040275566308
LN01728,Male,Yes,2,Not Graduate,Salaried,67345.7462680268,18726.481864800553,164100.02712772554,240,1,Semiurban,25.531637988871637,Approved,86072.22813282735,1.9065386209647677
LN04951,Male,No,1,Graduate,Salaried,85062.65649536486,25260.87440960004,142555.86019895584,120,1,Semiurban,28.49508592605605,Approved,110323.53090496491,1.2921618718109789
LN03825,Male,Yes,0,Graduate,Salaried,83434.35829432319,0.0,72061.88734309291,120,0,Rural,40.74704674270439,Rejected,83434.35829432319,0.8636955903572395
LN02053,Male,No,1,Graduate,Self-Employed,53925.47942446671,10108.43824815784,103047.34281490148,360,1,Semiurban,37.58297188611662,Approved,64033.91767262455,1.6092618812069928
LN00827,Male,Yes,0,Graduate,Salaried,49542.799456934634,14877.015506919424,76604.09111805997,120,0,Semiurban,27.334891769422928,Rejected,64419.814963854056,1.189138639423949
LN03514,Male,Yes,0,Not Graduate,Salaried,68695.40129113782,17075.42294888742,167911.72970072264,360,0,Semiurban,32.31983260906068,Rejected,85770.82424002525,1.957678863279083
LN02328,Female,No,0,Graduate,Salaried,73910.75515131555,15565.106484655564,216696.7819943974,180,0,Rural,44.17528762930674,Rejected,89475.86163597112,2.421846272640764
LN01148,Male,No,0,Not Graduate,Salaried,91890.10126449943,28663.894118544384,121043.5581496562,60,0,Semiurban,40.74137955492591,Rejected,120553.99538304382,1.0040609418630786
LN02325,Male,No,2,Not Graduate,Salaried,73374.83311185025,31629.314471898375,139851.58284260574,240,1,Urban,42.051763445253854,Approved,105004.14758374862,1.3318672267784821
LN03182,Female,Yes,2,Not Graduate,Salaried,37926.60342939262,12839.985784268869,130434.844802977,300,1,Urban,44.27956440069052,Approved,50766.589213661486,2.569304868089828
LN05556,Female,Yes,0,Graduate,Salaried,61511.527453400755,19226.28617192566,169645.36795071958,60,1,Semiurban,44.75115075034171,Approved,80737.81362532641,2.101188530296094
LN01004,Male,No,0,Graduate,Self-Employed,73964.46627227179,22074.57710864381,142591.07332508854,60,0,Semiurban,37.480923185417154,Rejected,96039.0433809156,1.4847198421118752
LN00170,Male,No,1,Graduate,Salaried,42209.711407489536,6160.0114325355935,276225.46383037476,240,1,Semiurban,43.12357437933552,Approved,48369.72284002513,5.710710080848402
LN05968,Male,nan,0,Graduate,Self-Employed,66759.1110829005,18850.551679378343,89795.65249144017,300,0,Urban,31.79346206559448,Rejected,85609.66276227885,1.0488962296322202
LN04670,Male,Yes,0,Not Graduate,Self-Employed,73046.1230322046,22796.961821794943,65671.48784592822,120,1,Semiurban,26.014979439131476,Approved,95843.08485399955,0.6851979769429107
LN05316,Female,Yes,0,Graduate,Self-Employed,29799.175760294955,24067.842666754295,124718.97070404058,120,0,Urban,39.78248803709712,Rejected,53867.01842704925,2.3153123069721104
LN01478,Female,Yes,1,Graduate,Salaried,42250.156443958,34186.06333876208,167482.48785737366,180,1,Rural,33.48532763719861,Approved,76436.21978272009,2.191140382576015
LN03203,Male,Yes,1,Graduate,Salaried,85577.31626626787,12172.406723706315,183149.68510263,240,0,Semiurban,23.32504866091636,Rejected,97749.72298997418,1.8736593772384906
LN03534,Male,nan,2,Graduate,Salaried,101916.8700361832,23201.4359412306,132416.28785781143,300,1,Semiurban,35.94171540057634,Approved,125118.30597741381,1.0583286500195666
LN03935,Male,No,1,Graduate,Self-Employed,67766.24010846899,16237.54642524277,205039.99027113584,60,1,Semiurban,29.667385685963566,Approved,84003.78653371177,2.440842237377606
LN02375,Male,Yes,1,Not Graduate,Salaried,88969.98459785852,12941.60140078656,189169.236207712,300,1,Rural,31.55650225431931,Approved,101911.58599864508,1.8562093245239752
LN04591,Male,Yes,2,Graduate,Salaried,63924.81881333441,11290.688963923318,214585.78037606197,120,1,Semiurban,38.66168538640676,Approved,75215.50777725772,2.8529459777302
LN01625,Male,Yes,2,Not Graduate,Salaried,81600.96131429297,23444.558720716657,219398.27919866837,360,1,Semiurban,32.775660905192154,Approved,105045.52003500963,2.0886019615643505
LN02827,Male,Yes,0,Graduate,Salaried,58759.91981267936,18358.47264720069,227883.96359111211,180,0,Semiurban,33.70905800638844,Rejected,77118.39245988005,2.954988509513682
LN04686,Female,Yes,0,Graduate,Salaried,44077.263936270094,0.0,124068.74993678083,300,1,Urban,37.238747768204064,Approved,44077.263936270094,2.8148015293364823
LN02020,Male,Yes,1,Graduate,Salaried,61198.65260532656,0.0,134046.854010765,180,1,Urban,39.54936744805358,Approved,61198.65260532656,2.190356295509322
LN05407,Male,Yes,0,Graduate,Salaried,83005.34791796592,30206.40096017045,154239.88645130716,300,1,Semiurban,30.309293245368195,Approved,113211.74887813636,1.3624017646554898
LN03026,Female,Yes,0,Graduate,Salaried,63808.47779850115,10634.851367344563,154708.8234586821,360,1,Rural,25.119503793128143,Approved,74443.32916584572,2.078209359955141
LN00920,Male,Yes,1,Not Graduate,Salaried,81472.63499719545,17573.731064173495,93220.1367237238,240,1,Rural,40.60468413720664,Approved,99046.36606136894,0.9411767481299089
LN03351,Female,Yes,2,Graduate,Self-Employed,53181.8424530784,19799.397411482787,105553.75954701146,240,0,Semiurban,31.5086000393167,Rejected,72981.23986456118,1.4463135970682117
LN01405,Male,No,1,Not Graduate,Salaried,44864.09822861078,31656.032136865273,155253.79856041475,240,1,Semiurban,41.087352586549805,Approved,76520.13036547606,2.0289275229784676
LN00560,Female,Yes,1,Graduate,Salaried,65795.49713792827,11971.147562010068,145622.32267732802,120,1,Urban,37.155501597470995,Approved,77766.64469993833,1.872555042579116
LN02650,Male,No,0,Graduate,Salaried,41844.87639706159,4113.0658952365775,212316.4905537472,180,0,Urban,26.262548149909417,Rejected,45957.94229229817,4.61979975524988
LN04537,Female,Yes,1,Not Graduate,Salaried,53932.99865045732,3280.660707768053,196825.3303028504,300,1,Rural,39.91709578618181,Approved,57213.65935822537,3.440180762962396
LN02498,Male,No,1,Graduate,Salaried,75807.43792103423,0.0,179170.24578990953,300,1,Urban,37.31352499319452,Approved,75807.43792103423,2.363491640181066
LN03964,Female,Yes,0,Graduate,Salaried,47835.46985110482,30891.473016364573,127637.74476063464,180,0,Urban,36.616697925026614,Rejected,78726.94286746939,1.6212714492864626
LN05411,nan,Yes,0,Graduate,Salaried,49528.48023186834,0.0,88952.47145005647,60,1,Urban,39.5823970338257,Approved,49528.48023186834,1.79598628977962
LN02508,Female,Yes,0,Graduate,Salaried,32978.51267583958,8996.61340993513,150640.71522832476,180,1,Rural,30.143507487832284,Approved,41975.12608577471,3.5888091180594834
LN02851,Male,Yes,0,Graduate,Salaried,76666.67823560614,7457.018673928573,64993.95655858691,180,0,Semiurban,42.56860085060381,Rejected,84123.69690953472,0.7725998612314956
LN01844,Female,Yes,0,Graduate,Salaried,63197.12783994801,30929.640960273813,239101.20563507365,360,0,Rural,42.97809194838834,Rejected,94126.76880022182,2.540204117093948
LN01985,Male,No,0,Graduate,Self-Employed,70261.70840194586,6592.28110101375,117271.75292021348,120,0,Semiurban,37.226294362669265,Rejected,76853.98950295961,1.5259032573149296
LN00545,Male,No,2,Not Graduate,Self-Employed,44062.094890590466,11306.812298418112,112091.8090250036,300,1,Rural,45.73847115533195,Rejected,55368.907189008576,2.02445406123629
LN02785,Male,No,0,Graduate,Salaried,52961.57364366982,17252.566819835996,194347.63037365855,360,0,Semiurban,52.51232634062734,Rejected,70214.14046350581,2.767927216522316
LN05357,Male,No,1,Not Graduate,Salaried,41901.04334123868,21281.02969833705,113458.25501511645,240,0,Urban,36.04424339168457,Rejected,63182.07303957573,1.7957349222151817
LN03813,nan,Yes,2,Graduate,Salaried,61953.40753496671,26206.85706422595,129862.13550467914,360,0,Semiurban,45.180822214764326,Rejected,88160.26459919265,1.4730234317589421
LN03651,Female,Yes,2,Not Graduate,Salaried,71015.95144547327,21769.94097375054,159423.94955447433,360,1,Rural,22.669891441070934,Approved,92785.89241922382,1.7181916927000869
LN03209,Female,Yes,1,Graduate,Self-Employed,69024.50638637017,23865.794927576495,146190.71650240404,180,0,Urban,36.57515370337611,Rejected,92890.30131394666,1.5737995725551037
LN02067,Female,Yes,1,Graduate,Self-Employed,57314.41675627392,24256.767577138693,102800.7492326056,180,1,Semiurban,51.15771719865462,Approved,81571.18433341262,1.2602581422922539
LN05111,Male,Yes,1,Graduate,Salaried,110787.63245565724,24661.253255303112,61968.17783312482,120,0,Urban,45.11407907076973,Approved,135448.88571096034,0.45750230803198433
LN02575,Male,Yes,3,Graduate,Salaried,37760.65948451673,19058.240866738142,159129.3902107168,180,1,Urban,28.759817111263004,Approved,56818.900351254866,2.8006418502818207
LN05243,Male,Yes,0,Graduate,Salaried,73088.62054211242,17273.259068231902,229541.76669634855,120,1,Urban,35.78990962278471,Approved,90361.87961034432,2.5402500223121898
LN03728,Male,No,2,Not Graduate,Self-Employed,36006.049432693835,10374.670336866213,111063.02423154235,120,1,Semiurban,31.95071659669422,Rejected,46380.71976956005,2.394594667425444
LN02511,Female,Yes,0,Graduate,Salaried,70945.29594755934,20846.22952486741,135884.39790375353,60,1,Semiurban,51.17606219244857,Approved,91791.52547242674,1.480358858885855
LN05637,Female,Yes,0,Graduate,Salaried,39841.76609143588,12482.213260736207,105019.0671227105,300,0,Urban,40.522800400198335,Rejected,52323.979352172086,2.007092511367848
LN05341,Female,No,2,Graduate,Salaried,68556.28790305807,9845.307269161409,234708.7879095528,120,1,Rural,21.0,Approved,78401.59517221947,2.9936736286294163
LN00372,Male,Yes,3,Graduate,Salaried,89022.87215590084,26188.945979306693,176898.79849132444,180,1,Rural,38.52102397315976,Approved,115211.81813520753,1.535422332140647
LN01971,Male,No,0,Graduate,Salaried,15000.0,21446.898032842335,186841.85620525896,180,1,Urban,35.46058096700604,Approved,36446.898032842335,5.1264131185291975
LN02748,Male,Yes,0,Graduate,Salaried,67726.4663562312,0.0,155554.41756524166,180,1,Semiurban,35.562110986990305,Approved,67726.4663562312,2.2968039812833054
LN03366,Female,No,2,Not Graduate,Salaried,49482.40648209592,11769.242573229754,240645.36103293745,120,0,Urban,30.715415930532924,Rejected,61251.64905532567,3.9287980771844047
LN05406,Male,Yes,3,Graduate,Self-Employed,29369.29369512714,7293.8204987466115,143378.72075283315,300,1,Urban,37.810138148942585,Approved,36663.11419387375,3.9107076391451527
LN04908,Male,Yes,2,Graduate,Salaried,65356.872757326666,9569.780536142103,169413.7127463217,120,1,Urban,31.52302601202242,Approved,74926.65329346877,2.2610607213800273
LN00202,Male,No,1,Graduate,Salaried,81661.02486350553,37919.11266818686,84513.4012816184,60,0,Urban,43.36849574539434,Rejected,119580.1375316924,0.7067511630785653
LN02944,Male,No,2,Not Graduate,Salaried,66481.14056443122,5119.971819970591,147935.96133038143,240,0,Rural,28.807214429132745,Rejected,71601.11238440181,2.066112611996361
LN03676,Female,No,0,Graduate,Salaried,61463.93982003389,4736.463776101038,132257.46343240922,300,0,Urban,41.55034983188659,Rejected,66200.40359613493,1.997834699607949
LN05167,Female,No,2,Graduate,Self-Employed,56987.71970740134,24632.265338939393,91052.92989463106,60,0,Rural,38.73327300997974,Rejected,81619.98504634073,1.115571509146132
LN01236,Male,Yes,2,Graduate,Salaried,93554.0162815288,12429.475911869353,41866.04947427353,240,1,Urban,36.56982083937826,Approved,105983.49219339815,0.39502424960555715
LN05306,Male,Yes,3,Graduate,Unemployed,57419.31769740432,12529.205631922803,121260.33863923416,180,1,Semiurban,33.68147868978108,Approved,69948.52332932713,1.7335653830506765
LN04101,Male,No,0,Graduate,Salaried,44423.259143591305,17007.385407583894,185344.8145459256,120,0,Rural,32.40950401932643,Rejected,61430.644551175195,3.0171393430769378
LN01582,Male,Yes,0,Graduate,Self-Employed,39683.56362043206,14717.821210627702,20000.0,360,0,Urban,44.99732082845716,Rejected,54401.38483105977,0.36763770007158453
LN00206,Female,No,0,Graduate,Salaried,70300.7053441732,11005.34509527147,191647.2721412521,120,1,Urban,23.60147518695961,Approved,81306.05043944466,2.3571096013818513
LN05182,Male,No,2,Graduate,Self-Employed,55987.21402349136,22639.029085756443,176050.19483024516,360,1,Rural,21.0,Approved,78626.24310924781,2.239076774730683
LN02540,Female,No,3,Not Graduate,Self-Employed,45808.40290501655,11792.16138148001,166319.05039227803,240,1,Urban,22.47389136222207,Approved,57600.564286496556,2.887455226393826
LN01398,Male,Yes,2,Graduate,Salaried,84008.27815888851,18813.52834580285,120746.84143017002,60,0,Rural,33.3122069330487,Rejected,102821.80650469137,1.1743310639524778
LN03680,Female,No,0,Graduate,nan,37609.07743233663,11024.51303454222,111488.65084449288,180,1,Urban,45.80247924886064,Approved,48633.59046687885,2.2924207276125435
LN04701,Male,No,2,Graduate,Self-Employed,31095.89471175549,21128.253216693214,62188.48827602116,120,0,Urban,30.712645061773795,Rejected,52224.1479284487,1.190799481520013
LN01106,Female,No,0,Graduate,Self-Employed,72255.4781012514,0.0,57420.658285470665,180,1,Urban,53.8176273903036,Approved,72255.4781012514,0.794689341132132
LN00147,Male,Yes,1,Graduate,Salaried,33590.867738314475,11282.209884765116,190734.22186470343,120,1,Rural,39.56251252515911,Approved,44873.07762307959,4.2505268630516895
LN00347,Male,No,2,Graduate,Salaried,31850.724512468896,27727.147339712646,,300,0,Urban,32.64550949307986,Rejected,59577.871852181546,
LN01616,Male,Yes,0,Not Graduate,Salaried,65975.05816731372,16627.966180999127,168095.39181804942,60,0,Rural,39.95121866172356,Rejected,82603.02434831284,2.0349786602151543
LN03298,Male,Yes,3,Not Graduate,Salaried,36932.98978808081,16299.982258015953,35032.11518814693,360,1,Semiurban,36.42269585825535,Approved,53232.972046096766,0.6580905375302187
LN00332,Male,Yes,3,Graduate,Salaried,61516.09116387453,10567.365351820972,175319.33736164472,300,0,Urban,33.594283741080126,Rejected,72083.4565156955,2.4321716221179064
LN02465,Female,No,0,Graduate,Salaried,77745.81674533484,11188.623033265812,102659.9952909334,360,0,Urban,33.17172111759533,Rejected,88934.43977860066,1.1543334117413013
LN02150,Male,Yes,0,Not Graduate,Self-Employed,56482.91191135858,19672.5221518279,140916.95364070978,120,0,Semiurban,34.40554518770412,Rejected,76155.43406318648,1.850386060747686
LN05446,Female,No,0,Not Graduate,Salaried,33004.53861237538,11114.929328811471,,180,0,Urban,36.36172943585103,Rejected,44119.46794118685,
LN01393,Male,Yes,1,Graduate,Salaried,62730.70662165475,11548.9590318081,99057.8765312674,120,1,Semiurban,27.110356695271314,Approved,74279.66565346284,1.3335800001228117
LN05160,Male,Yes,1,nan,Salaried,65460.21434988771,28250.046549456387,212761.31233172907,120,0,Urban,25.70595433568804,Rejected,93710.2608993441,2.270416390796947
LN00829,Female,Yes,0,Graduate,Salaried,54364.30782278986,10642.35503029381,94992.8791864482,360,1,Urban,42.840092918016715,Approved,65006.66285308367,1.4612791215130359
LN00205,Male,Yes,3,Not Graduate,Salaried,41243.499201697545,30821.16751303567,187942.38829193983,240,1,Urban,31.55738366447129,Approved,72064.66671473322,2.607968604585471
LN00970,Male,Yes,1,nan,Salaried,62562.088298215785,4339.678283723193,140646.28650386396,240,0,Semiurban,37.91162010994915,Rejected,66901.76658193898,2.102280607666843
LN02690,Male,Yes,0,Graduate,Salaried,39666.337428470055,20105.353784512365,163910.229801049,180,0,Rural,42.3307356828857,Rejected,59771.69121298242,2.7422719095732675
LN00035,Female,Yes,1,Graduate,Self-Employed,35583.12700057955,15693.37161715348,114334.45498598945,300,1,Semiurban,43.208953233201605,Approved,51276.49861773303,2.229763304205974
LN02834,Male,No,1,Graduate,Self-Employed,55132.32041249964,22065.054635472527,80826.6343772007,120,1,Rural,27.12760092838804,Approved,77197.37504797216,1.0470127297330152
LN03832,Female,Yes,1,Graduate,Salaried,80721.75302092513,10446.575768546874,134984.09287172637,180,1,Urban,31.67076536985044,Approved,91168.328789472,1.4806029096292281
LN03146,Female,Yes,1,Graduate,Salaried,45847.48210355948,12520.457926721105,86621.11477334611,60,0,Rural,33.091045947447256,Rejected,58367.94003028059,1.484052970319119
LN04730,Male,Yes,1,Not Graduate,Salaried,36220.73160930076,0.0,132594.63273993513,240,0,Urban,33.06285403094991,Rejected,36220.73160930076,3.6607386667443094
LN00775,Female,Yes,3,Graduate,Self-Employed,28595.50560219087,23220.660780325274,165941.35217897652,300,0,Urban,28.154173260464255,Rejected,51816.166382516145,3.2025015311624556
LN05036,Male,Yes,0,Graduate,Salaried,103701.89790072224,13861.752276925232,162129.796857673,120,1,Urban,37.57735187186936,Approved,117563.65017764748,1.379081005163439
LN04506,Male,Yes,1,Graduate,Unemployed,73809.45372243026,11083.293904959675,174400.6743188005,240,0,Urban,23.160700885619743,Rejected,84892.74762738994,2.054364821412985
LN04052,Male,Yes,1,Not Graduate,Salaried,69205.43249964608,8289.851543375464,72623.44588627768,240,1,Urban,35.00609540549929,Approved,77495.28404302154,0.9371337466930342
LN00419,Male,Yes,0,Graduate,Unemployed,61350.36962820218,12709.189690782903,141491.3734299608,300,1,Semiurban,50.66158143445836,Approved,74059.55931898508,1.9105079037877783
LN04757,Male,Yes,0,Graduate,Self-Employed,85618.79153333456,13783.113143127304,166714.9981875504,120,0,Urban,26.633319940306748,Rejected,99401.90467646187,1.6771811237438805
LN04260,Female,Yes,1,Graduate,Salaried,,15403.07699330248,229883.74983524915,360,0,Urban,37.63278319281983,Rejected,15403.07699330248,14.924534230089645
LN01245,Male,nan,0,Graduate,Salaried,35521.19466475487,8709.62138796389,110108.89392786102,60,0,Urban,40.76589553014945,Rejected,44230.81605271876,2.4894158361587113
LN05567,Female,Yes,0,Not Graduate,Salaried,73832.37150242776,12520.839742569911,127049.77698885452,360,0,Urban,53.184948039292735,Rejected,86353.21124499767,1.4712802819618864
LN00461,Male,Yes,3,Not Graduate,Unemployed,60705.27103943457,2305.34733987187,259211.5300877451,60,0,Urban,32.838414378449656,Rejected,63010.61837930644,4.113775372388248
LN00933,nan,Yes,0,Graduate,Salaried,16023.88086759836,14903.355786866528,149556.45338552134,240,1,Rural,24.279211302237876,Approved,30927.23665446489,4.835752222432399
LN05796,Female,Yes,0,Not Graduate,Salaried,121965.98868142517,0.0,112248.30020447506,300,0,Semiurban,40.65844084531132,Rejected,121965.98868142517,0.9203246037521765
LN04333,Female,Yes,1,Not Graduate,Unemployed,63988.47971973534,13496.7162623629,167200.0053152518,120,1,Semiurban,27.607126052402272,Approved,77485.19598209824,2.157831611523326
LN00661,Female,Yes,1,Graduate,Self-Employed,49062.821175192155,8697.507049955637,147244.92751338394,240,0,Semiurban,27.515099552261287,Rejected,57760.328225147794,2.549239798974622
LN04390,Male,Yes,1,Graduate,Salaried,70297.67192152745,0.0,111022.77623203116,360,1,Urban,25.11200346603976,Approved,70297.67192152745,1.5793236560659465
LN04930,Female,Yes,0,Graduate,Self-Employed,81930.94236460507,10929.841081932287,167339.1277297098,240,0,Urban,31.804343364891142,Rejected,92860.78344653736,1.8020430317180318
LN04873,Male,Yes,1,Graduate,Salaried,64657.361748537965,21097.37723336705,217671.7531453875,360,0,Urban,40.178535737521706,Rejected,85754.73898190501,2.5383058211082434
LN01663,Male,Yes,2,Not Graduate,Self-Employed,47843.56025811135,21628.410930216327,40317.603687056326,240,1,Urban,28.03008216858328,Approved,69471.97118832768,0.5803434535888091
LN05489,Male,No,2,Graduate,Salaried,52310.862420458165,27075.031949519205,153437.50283817865,120,0,Semiurban,28.692685645707932,Rejected,79385.89436997737,1.9328056206444475
LN01009,Male,Yes,1,Graduate,Salaried,49295.29576878864,29436.703191662386,132864.11115609278,60,1,Rural,24.017376479869156,Approved,78731.99896045102,1.6875490640448951
LN02491,Male,Yes,1,Graduate,Self-Employed,46205.444518716526,5289.379708922668,144479.9418049206,240,1,Urban,36.70639342747595,Approved,51494.8242276392,2.8057177390533323
LN00910,Female,No,2,Not Graduate,Self-Employed,53844.435300939986,0.0,158269.23845119317,240,1,Semiurban,42.622576945102885,Rejected,53844.435300939986,2.9393796697210455
LN03611,Female,Yes,2,Graduate,Salaried,62227.45203680105,21357.265264405494,149775.91018116043,180,1,Urban,44.29354878984308,Approved,83584.71730120655,1.7919054465594084
LN01537,Male,Yes,3,Graduate,Salaried,,0.0,188814.6795373661,360,1,Rural,24.435162322338694,Approved,0.0,
LN04381,Female,Yes,1,Not Graduate,Unemployed,63523.79645005385,24498.89068249292,167858.12928506354,300,1,Urban,35.34319969853987,Approved,88022.68713254677,1.9069871047256097
LN02601,Male,Yes,1,Graduate,Salaried,72394.22891932272,7378.665514859021,244392.94939793192,300,0,Semiurban,44.1786189072433,Rejected,79772.89443418174,3.063608900383743
LN04508,Male,Yes,2,Graduate,Salaried,73155.26352300748,19920.040541029597,165507.69130507536,120,1,Urban,44.336803147362765,Approved,93075.30406403707,1.7782127382705495
LN01311,Male,No,0,Graduate,Salaried,76355.32598400574,7439.959805433952,195398.98789025669,60,0,Urban,31.94245149711993,Rejected,83795.2857894397,2.3318613457713373
LN01895,Female,Yes,2,Graduate,Salaried,52599.779402357446,9508.410582362236,178399.72697621208,120,0,Urban,36.18752504306447,Rejected,62108.189984719684,2.8724026093837756
LN05610,Male,No,1,Not Graduate,Salaried,73190.62939178277,21632.73381264478,,240,1,Semiurban,31.527729686712053,Approved,94823.36320442756,
LN04303,Male,No,0,Not Graduate,Salaried,74068.55833574617,5347.85923249452,134045.19828744882,300,1,Semiurban,38.779788790916555,Approved,79416.4175682407,1.6878776755734024
LN05196,Male,No,0,Graduate,Salaried,80588.81111854082,0.0,208060.5701205807,240,0,Urban,36.52612237249073,Rejected,80588.81111854082,2.5817550505185807
LN04645,Male,No,1,Graduate,Unemployed,92326.00085443832,17262.922672434364,194677.11029445543,60,1,Urban,30.23157246677499,Approved,109588.92352687268,1.776430537222295
LN05783,Male,Yes,0,Graduate,Salaried,101964.42949093494,10588.233092062395,206934.9473347324,360,0,Urban,41.5969516465608,Rejected,112552.66258299733,1.8385611018498715
LN03443,Male,Yes,0,Graduate,Salaried,91772.53856087192,15795.795465565609,171850.88110367095,60,1,Urban,31.49097348974577,Approved,107568.33402643753,1.5975973102031535
LN05938,Male,Yes,0,Graduate,Salaried,84891.30320710511,8588.883458472304,202385.07844388048,180,0,Urban,37.180571035509104,Rejected,93480.18666557742,2.1650050739405033
LN04561,Male,Yes,2,Graduate,Salaried,94380.81225683642,21116.01561549683,126252.16477393112,120,0,Urban,41.822301344016445,Rejected,115496.82787233325,1.0931223575550186
LN00413,Male,No,2,Not Graduate,Salaried,85553.53643797018,18314.708963308953,180195.8520741687,360,0,Semiurban,31.32159762877669,Rejected,103868.24540127913,1.7348502555136993
LN02462,Male,Yes,0,Graduate,Salaried,69644.97905361315,19583.890099570683,157073.9476467337,360,0,Semiurban,25.34786607174665,Rejected,89228.86915318383,1.7603489670711472
LN00790,Female,Yes,3,Graduate,Self-Employed,68592.36438265172,14114.557854169872,172447.1359096499,180,1,Semiurban,52.44862882502282,Approved,82706.9222368216,2.0850387276637825
LN00238,Male,No,1,Graduate,Self-Employed,46764.27070463224,7440.492933080795,200246.51470339415,360,1,Semiurban,52.40693202228495,Approved,54204.76363771303,3.6942604535973365
LN00108,Male,Yes,1,Not Graduate,Salaried,65151.00781445529,20342.078623746747,155561.1667420429,240,1,Urban,26.767272472872463,Approved,85493.08643820204,1.8195759823747735
LN02719,Male,Yes,0,Graduate,Salaried,62470.95391911165,6994.096576518946,176426.96009157007,180,1,Rural,29.52002390713652,Approved,69465.0504956306,2.5397945993383746
LN00032,Male,Yes,1,Graduate,Self-Employed,59730.05550524132,20024.9969612929,143784.95305607503,240,1,Semiurban,40.634846464154464,Approved,79755.05246653422,1.8028319035512916
LN00366,Male,Yes,0,Graduate,Salaried,64481.84963620834,12536.647188201518,137382.32590045547,120,1,Rural,39.63897015929631,Approved,77018.49682440986,1.7837575590921453
LN00998,Male,No,2,Graduate,Self-Employed,48576.42020434406,14948.93367972775,227144.40527695592,180,1,Rural,31.24912839960432,Approved,63525.35388407181,3.575649585384042
LN05342,Male,Yes,0,Not Graduate,Salaried,25961.95539963329,10198.377168069555,115483.14687758274,240,0,Semiurban,31.37821404304579,Rejected,36160.33256770285,3.193641724985911
LN02153,Male,Yes,1,Graduate,Salaried,64614.01811437367,0.0,125470.21290482844,240,1,Rural,29.329712095796953,Approved,64614.01811437367,1.9418419805239917
LN01607,Male,Yes,1,Graduate,Self-Employed,92493.5691693912,8625.125651749884,207937.7417254935,360,0,Semiurban,35.6391603696977,Rejected,101118.69482114108,2.0563728803392305
LN04234,Male,Yes,1,Graduate,Salaried,28739.31386857493,97.52476700953412,89590.37708209804,240,1,Semiurban,35.165020883044235,Approved,28836.838635584463,3.1068030103530186
LN03918,Male,No,0,Graduate,Salaried,78991.89142728977,13129.424835263371,120669.21322201236,360,1,Rural,44.38500221947,Approved,92121.31626255314,1.3098945837692486
LN00458,Male,No,0,Graduate,Salaried,48927.013893056355,8017.381512486077,60342.32487729247,120,0,Semiurban,35.4871193998425,Rejected,56944.39540554243,1.0596710079640133
LN03191,Male,Yes,1,Not Graduate,Self-Employed,74246.44319160325,0.0,40941.23811671612,300,1,Rural,32.241940983258054,Approved,74246.44319160325,0.5514235612750038
LN03956,Male,nan,2,Graduate,Salaried,58141.11586772824,18918.812622455844,124623.43282371156,300,1,Urban,24.603526518648675,Approved,77059.92849018407,1.6172274652394225
LN04656,Female,No,1,Graduate,Salaried,53694.06689427751,29340.010037304608,119578.1479304429,240,1,Urban,21.0,Approved,83034.07693158212,1.4401093183581979
LN00445,Male,No,1,Not Graduate,Self-Employed,73393.45097660077,6019.727736755416,248103.4180949264,60,1,Urban,34.31853864347789,Approved,79413.17871335619,3.1242096351596977
LN05659,Female,Yes,2,Graduate,Salaried,46569.75586038909,10514.0312689088,197708.22570954615,60,1,Rural,31.71677469177131,Approved,57083.78712929789,3.4634742306379613
LN05988,Male,Yes,1,Graduate,Salaried,68698.82076735797,40460.54535942792,114190.27431933366,120,1,Semiurban,31.793383133303404,Approved,109159.3661267859,1.0460877373243858
LN02409,Female,Yes,1,Graduate,Salaried,,14590.824648049307,206914.07224447897,60,0,Semiurban,29.779881317860287,Rejected,14590.824648049307,14.181108829386279
LN01139,Male,Yes,2,Graduate,Salaried,74023.45484621797,28530.691601664075,142775.60792777853,300,1,Urban,21.263761431722283,Approved,102554.14644788204,1.3921973208595424
LN04531,Male,Yes,0,nan,Salaried,78904.23069222967,9735.176452050771,214098.9181188343,180,1,Semiurban,21.250503876957616,Approved,88639.40714428044,2.4153920363020984
LN05557,Male,Yes,3,Graduate,Salaried,80977.28283750724,0.0,148791.42868208958,360,1,Urban,25.144833535939313,Approved,80977.28283750724,1.8374465463438843
LN04187,Male,Yes,2,Not Graduate,Salaried,,4168.1155333395,158034.64337324523,180,1,Urban,42.349093796286226,Approved,4168.1155333395,37.9151302571087
LN02996,Male,No,0,Graduate,Salaried,65155.05080285501,26672.177333043728,211857.54877393585,120,0,Semiurban,30.80240787697537,Rejected,91827.22813589874,2.3071321336238038
LN03759,Female,Yes,2,Graduate,Salaried,59554.42041632573,9488.837599593711,194667.3631304073,300,0,Rural,33.54063898194892,Rejected,69043.25801591945,2.8194985104196912
LN02377,Male,Yes,2,Graduate,Self-Employed,33479.04627835924,5717.341613440041,247366.42434521415,120,1,Semiurban,21.0,Rejected,39196.38789179928,6.310949494327473
LN01955,Male,Yes,1,Not Graduate,Salaried,87488.76186341635,35994.07520502509,162659.18478496495,60,1,Urban,30.904462079879952,Approved,123482.83706844144,1.3172614805959606
LN04816,Male,Yes,1,Graduate,Salaried,86408.28019567668,15960.0926799705,119828.10827556964,60,1,Semiurban,23.136625273875772,Approved,102368.37287564718,1.1705579067973642
LN05112,Male,No,1,Graduate,Salaried,59202.11232496576,15328.633739802131,135745.2242085831,60,0,Semiurban,26.02350026420992,Rejected,74530.7460647679,1.8213318848387652
LN03564,Male,Yes,0,Not Graduate,Salaried,79167.71639684084,19700.136612466616,246241.9181039933,60,1,Urban,33.83007618728501,Approved,98867.85300930747,2.4906166221776047
LN02358,Male,Yes,1,Graduate,Salaried,24475.2953420336,9357.101472809807,117546.18332166804,120,0,Urban,43.71593821769346,Rejected,33832.39681484341,3.4743675999359462
LN00931,Male,Yes,2,Graduate,Salaried,97623.1413888118,23531.65306413192,118744.62896531736,240,0,Urban,31.83271722624821,Rejected,121154.79445294372,0.9801067262875638
LN01912,Female,Yes,0,Graduate,Salaried,72761.02202881515,12879.103300795745,231192.18721346284,120,0,Urban,40.82986223211432,Rejected,85640.12532961089,2.699577871046458
LN00758,Male,Yes,0,Graduate,Salaried,42832.84439637573,35642.201348524104,,360,1,Semiurban,34.44558294206528,Approved,78475.04574489983,
LN03573,Male,Yes,0,Graduate,Salaried,63881.03887211748,0.0,182970.0894924247,360,0,Semiurban,31.319808645755018,Rejected,63881.03887211748,2.8642315892625017
LN04726,Female,Yes,1,Not Graduate,Salaried,64212.01678595284,10649.473997641402,129164.72582044711,240,0,Semiurban,28.99010025709891,Rejected,74861.49078359424,1.7253827631329155
LN01847,Female,Yes,2,Graduate,Salaried,42676.50303570998,15697.042694292802,223171.78271304973,180,1,Semiurban,40.81690600840632,Approved,58373.545730002785,3.823166469025096
LN04655,Male,Yes,1,Not Graduate,Salaried,103098.57354766285,29545.384608877575,177799.37168450694,180,1,Urban,27.035724810835273,Approved,132643.9581565404,1.3404257092107894
LN05024,Female,Yes,2,Graduate,Self-Employed,105541.7299610661,16243.761223009296,124781.73998096968,60,0,Urban,33.5343301909943,Rejected,121785.49118407539,1.0246026744874357
LN03422,Male,Yes,0,Graduate,Salaried,68516.87317259658,17921.68828207326,219696.22652705363,120,1,Urban,21.0,Approved,86438.56145466983,2.5416460296168495
LN05664,Female,Yes,0,Graduate,Salaried,,16014.229642396578,102726.5830002671,60,1,Semiurban,32.615276374433996,Approved,16014.229642396578,6.414706501292169
LN01423,Male,No,1,Not Graduate,Self-Employed,43215.80665321987,25291.80436127967,,300,0,Rural,35.82336159985727,Rejected,68507.61101449953,
LN01556,Male,Yes,1,Not Graduate,Salaried,78271.69252466499,28137.821765718076,61447.15988314089,60,0,Urban,34.3431792798103,Rejected,106409.51429038307,0.5774592647369529
LN02157,Male,Yes,2,Graduate,Salaried,53645.69806487531,4640.380713933606,187114.4253789152,180,0,Semiurban,38.83944360707142,Rejected,58286.078778808915,3.2102764382040476
LN01175,Male,Yes,1,Graduate,Salaried,54386.49846266452,18596.80847686321,206447.83675914735,60,1,Urban,40.58183347104197,Approved,72983.30693952773,2.828699402867634
LN00730,Female,Yes,1,Graduate,Salaried,63916.90510195363,31814.924574180153,62110.628802896375,360,0,Semiurban,40.039234066529445,Rejected,95731.82967613378,0.6487980958164088
LN03742,Male,Yes,2,Not Graduate,Self-Employed,66433.57082753,396.9756479077733,180801.28543738357,300,1,Semiurban,36.95832145517198,Rejected,66830.54647543778,2.7053689513646795
LN01923,nan,Yes,2,Graduate,Salaried,64784.93728222299,27892.030514068734,234133.14573240568,60,1,Urban,33.15971895365599,Approved,92676.96779629172,2.526335844813581
LN04175,Male,Yes,1,Graduate,Salaried,69830.11294493567,12994.288193442317,97976.63460552169,120,0,Urban,41.21008813630918,Rejected,82824.40113837799,1.1829440751624423
LN00785,Female,Yes,1,Graduate,Self-Employed,81615.61451109244,10788.011833870867,197297.0480319719,60,0,Rural,29.84517759818723,Rejected,92403.62634496331,2.1351656405281987
LN04195,Female,Yes,3,Graduate,Salaried,50082.43655979702,20656.3290188672,107420.40837491988,180,0,Semiurban,33.81224413832761,Rejected,70738.76557866421,1.5185507903083815
LN05937,Male,Yes,1,Graduate,Salaried,28387.92118381662,9280.97150190076,178085.55139592217,360,1,Semiurban,33.9619029313208,Approved,37668.89268571738,4.727655598526407
LN05834,Male,Yes,2,Graduate,Salaried,63686.18128156207,560.7107750777286,168352.33964649838,240,1,Rural,34.57186426502543,Approved,64246.8920566398,2.620396633320093
LN01448,nan,Yes,2,Graduate,Salaried,84765.66142867271,27371.808002890095,157179.49127397462,360,0,Rural,40.57740427743238,Rejected,112137.46943156281,1.401667899861971
LN03862,Male,Yes,0,Graduate,Salaried,59859.10029038891,20308.015836727296,127464.67204113706,60,1,Semiurban,26.999817871448226,Approved,80167.1161271162,1.5899869946553142
LN00795,Male,No,2,Graduate,Salaried,81063.05706665808,28992.279500711593,151223.98349259555,180,0,Urban,42.433046278824946,Rejected,110055.33656736967,1.3740722459198946
LN00185,Male,No,2,Graduate,Salaried,74280.00988184183,7512.002039799462,246111.22801347263,180,0,Semiurban,30.688901744543056,Rejected,81792.0119216413,3.0089885580666857
LN03612,Male,No,1,Graduate,Salaried,56418.13429967687,10007.523855053449,211722.84893823456,300,0,Urban,41.665807483716534,Rejected,66425.65815473032,3.187365467197216
LN01823,Male,Yes,2,Graduate,Salaried,46999.948383530806,17838.445673027367,187836.3501426714,360,1,Semiurban,39.23654096990965,Approved,64838.39405655817,2.896992636474352
LN01653,Male,Yes,0,Graduate,Salaried,52936.67414378624,19827.90124060318,138464.45137575886,360,0,Urban,31.376834812138934,Rejected,72764.57538438942,1.9029101818336782
LN01388,Female,Yes,0,Graduate,Salaried,60640.08298131533,19391.501337004174,196382.27659016495,180,1,Urban,30.32956213823922,Approved,80031.58431831951,2.4538096835503027
LN04420,Female,Yes,0,Graduate,Self-Employed,87394.0221530837,25562.884837461228,,180,0,Urban,30.465163666539553,Rejected,112956.90699054493,
LN02163,Male,Yes,1,Graduate,Salaried,82802.98077042533,14779.699274830597,231752.38353097293,120,0,Semiurban,34.46396603847432,Rejected,97582.68004525593,2.3749335786175694
LN00628,Female,Yes,3,Graduate,Salaried,61114.498245773895,9089.81544266568,160987.90419700716,240,1,Urban,29.383946586112327,Approved,70204.31368843958,2.293134078789759
LN00423,Female,No,0,Graduate,Salaried,79431.4190190871,16376.61940868046,193219.57487033325,120,1,Urban,36.316241811995226,Approved,95808.03842776756,2.01673657076287
LN00716,Male,Yes,0,Graduate,Salaried,62284.5529732408,25483.99887813541,144320.90658846058,60,0,Urban,32.11092431626349,Rejected,87768.55185137622,1.6443350555999587
LN05518,Male,Yes,2,Graduate,Salaried,35208.75427839521,23439.51400518931,181866.6520636096,120,1,Urban,42.7465389285176,Approved,58648.26828358452,3.1009722432761677
LN04540,Male,Yes,1,Graduate,Salaried,39196.12560368204,1061.8235212579457,144632.65887745185,180,0,Semiurban,32.46573091360706,Rejected,40257.94912493999,3.592648458782299
LN02247,Male,No,2,Not Graduate,Self-Employed,33393.7274852202,11001.732657134737,136851.25429921478,60,1,Urban,29.5181230195573,Approved,44395.46014235494,3.08255064505241
LN00434,Female,No,0,Not Graduate,Self-Employed,90047.14104192056,16351.90340987386,111156.8950689304,300,0,Semiurban,28.7123554835232,Rejected,106399.04445179443,1.044717042729567
LN02472,Male,No,1,nan,Salaried,44280.279347300355,8416.172820595544,76261.07293808025,360,1,Urban,43.46054958154522,Approved,52696.4521678959,1.4471766086852533
LN03075,Male,Yes,0,Graduate,Salaried,96361.2384511565,30428.06773769682,111676.01135457151,180,1,Urban,39.78772944723002,Approved,126789.30618885333,0.8807999247841101
LN04666,Male,Yes,0,Graduate,Unemployed,47166.663597392355,23519.290707908425,148591.65457752236,240,0,Urban,31.04571853865938,Rejected,70685.95430530078,2.1021383390501867
LN00917,Female,Yes,0,Graduate,Salaried,63732.18246312716,40605.02959355684,137015.65682794657,60,0,Rural,28.524651619643567,Rejected,104337.212056684,1.313200287098999
LN05519,Male,Yes,2,Not Graduate,Unemployed,29942.587826352217,12163.137790728271,158477.0205109143,60,1,Urban,25.123363603620756,Approved,42105.72561708049,3.763787897924907
LN05804,Male,Yes,0,Graduate,Salaried,83543.69926368678,15722.491342362027,117094.55953086168,60,0,Rural,35.76805655929519,Rejected,99266.19060604881,1.1796016228281303
LN03963,Male,No,0,Graduate,Salaried,75376.79351937794,12654.924648541091,157600.78889188898,240,0,Urban,37.26320188584856,Rejected,88031.71816791903,1.79027278090004
LN02994,Female,Yes,0,Not Graduate,Salaried,40961.63079955529,14806.816957281644,134803.86761923137,60,0,Urban,44.36675164411736,Rejected,55768.44775683693,2.417206736809437
LN01086,Female,Yes,1,Graduate,Salaried,80605.66908063684,16380.784084175468,210413.73703260696,360,1,Semiurban,27.69026980787258,Approved,96986.45316481231,2.1695167744204844
LN03155,Male,Yes,1,Graduate,Self-Employed,27374.48369078109,10371.437142856204,151081.33152967822,180,1,Urban,32.08840395530562,Approved,37745.9208336373,4.002586986698759
LN00774,Male,Yes,2,Graduate,Salaried,72436.19924434392,4031.249206160139,142309.56110594823,180,1,Rural,49.89249830242625,Approved,76467.44845050406,1.861047595933092
LN00357,Female,Yes,0,Graduate,Salaried,54226.82722159723,0.0,152346.8149207614,120,0,Semiurban,21.0,Rejected,54226.82722159723,2.80943626478824
LN02900,Male,No,0,Graduate,Salaried,59089.75509397516,13834.286535466714,122580.16060944086,60,1,Semiurban,31.04132303702519,Approved,72924.04162944187,1.6809293323637065
LN05872,Male,Yes,0,nan,Self-Employed,67207.37431809722,19084.8533814647,204079.0364182391,240,0,Semiurban,41.61505902325469,Rejected,86292.22769956192,2.364975871625054
LN00713,Female,No,0,Graduate,Salaried,67982.72228704141,17847.545933855683,193357.84445500933,60,1,Semiurban,27.782733343907683,Approved,85830.2682208971,2.2527931982849436
LN04396,Male,Yes,0,Not Graduate,Salaried,41986.57234975039,10297.442837336426,72818.47390631576,360,0,Urban,40.066559645840854,Rejected,52284.01518708682,1.392748312189699
LN04996,Male,No,2,Graduate,Salaried,74228.21158930991,18252.51675854344,202665.51398209351,60,1,Urban,33.96646012976699,Approved,92480.72834785335,2.19143509791354
LN05730,Female,Yes,1,Not Graduate,Salaried,57102.42876104226,4699.139450955701,72754.53152034423,300,1,Urban,32.56671736538034,Approved,61801.56821199796,1.177227918728119
LN01998,Male,Yes,0,Not Graduate,Self-Employed,56738.660721124725,31529.13051230422,159546.1865877553,120,0,Rural,27.830957287152177,Rejected,88267.79123342894,1.8075244022570678
LN02783,Male,Yes,1,Graduate,Salaried,39159.11175513794,3353.366514876052,175340.56988315246,240,1,Urban,34.22326882756451,Approved,42512.47827001399,4.124449503260982
LN03846,Female,Yes,1,Graduate,Salaried,81817.23341207395,17684.13273694562,118840.9842345968,60,0,Semiurban,33.14309334717258,Rejected,99501.36614901957,1.1943653522969022
LN00601,Male,Yes,1,Graduate,Salaried,41556.69351644749,15584.4948070565,143851.5526682815,180,0,Semiurban,22.01444240461361,Rejected,57141.18832350399,2.517475692907681
LN05078,Male,Yes,2,Graduate,Salaried,66688.77029697043,3229.6836854692883,135239.9373448652,240,1,Semiurban,40.01737533985504,Approved,69918.4539824397,1.9342523989279174
LN05934,Male,Yes,1,Graduate,Salaried,93468.8377124597,11240.717545286436,174279.69600220013,300,0,Urban,31.543771526058897,Rejected,104709.55525774613,1.6644106220602763
LN05264,Male,Yes,0,Graduate,Salaried,83821.71709546953,18162.737802597137,226455.05033366237,300,1,Rural,32.72484411958866,Approved,101984.45489806667,2.2204859609241807
LN01733,Male,Yes,3,Graduate,Self-Employed,53936.40434331449,15017.948728781072,84366.97196003608,120,0,Urban,23.921884333392775,Rejected,68954.35307209556,1.2235191572579296
LN05309,Male,Yes,1,Not Graduate,Salaried,40425.18327380468,3690.126115144136,144341.46758549684,240,0,Semiurban,21.0,Rejected,44115.309388948815,3.2719133014094957
LN00407,Female,No,0,Graduate,Salaried,57152.41029957413,18064.508629633405,108356.83624227325,360,1,Rural,25.792872217185575,Approved,75216.91892920753,1.440591263040916
LN01924,Female,Yes,0,Not Graduate,Salaried,101481.65339499948,11818.414983820712,257411.960097882,60,1,Semiurban,38.09925191856127,Approved,113300.06837882019,2.2719488503503977
LN03009,Male,Yes,1,Graduate,Self-Employed,50577.50696364243,26480.908663974325,125743.5028950065,120,0,Urban,52.605670668519835,Rejected,77058.41562761675,1.6317945531434161
LN02686,Male,Yes,0,Graduate,Self-Employed,69385.35179617052,3788.659872420778,126694.59002279102,360,1,Urban,50.82099089162655,Approved,73174.0116685913,1.7314151176594916
LN00633,Female,No,1,Graduate,Salaried,51462.3786010516,7375.820493970856,101730.18949335389,180,1,Semiurban,31.92743946564127,Approved,58838.19909502246,1.728982039866002
LN04116,Male,Yes,2,Not Graduate,Salaried,55146.02504349437,19445.919950731288,192342.68715899505,180,0,Semiurban,38.61070530912425,Rejected,74591.94499422566,2.5785986298371055
LN03118,Male,Yes,3,Graduate,Self-Employed,80974.14252833127,14168.282280653806,117091.23629314482,300,1,Urban,35.475832668399754,Approved,95142.42480898507,1.2306942620836687
LN03050,Male,Yes,2,Graduate,Salaried,32566.52605539068,19223.247974498747,143934.56643052096,300,0,Semiurban,32.055266779300645,Rejected,51789.77402988943,2.7792082341863864
LN02701,Female,Yes,1,Graduate,Salaried,81819.60850371934,9122.620306801016,168101.2275494233,180,0,Rural,53.04616894565731,Rejected,90942.22881052036,1.8484397154996606
LN04773,Female,Yes,1,Not Graduate,Salaried,60387.6247539605,28486.93198645512,76480.99326621414,60,0,Semiurban,28.228211868224655,Rejected,88874.55674041563,0.8605499264496975
LN03465,Female,Yes,0,Graduate,Self-Employed,33265.49122248139,2504.3508807599483,226648.91237655425,60,0,Urban,29.8831873001082,Rejected,35769.84210324134,6.336312911932483
LN00293,Male,Yes,1,Graduate,Self-Employed,76992.04194042049,19362.35704801055,230099.63273067065,120,0,Semiurban,22.4919658678075,Rejected,96354.39898843104,2.3880552953093295
LN01450,Female,Yes,2,Graduate,Salaried,66176.66025197928,10419.748169854434,191105.54236414065,240,1,Urban,32.67201198152835,Approved,76596.40842183371,2.4949674051514177
LN04419,Female,No,1,Graduate,Self-Employed,15633.044798978372,15093.953545758495,141928.60509835917,120,0,Rural,34.43742681862044,Rejected,30726.998344736865,4.619019518470788
LN05178,Male,Yes,1,Graduate,Salaried,57502.262292998654,11382.830121827354,210503.29665877967,60,0,Rural,21.0,Rejected,68885.09241482601,3.0558614248657587
LN04556,Male,Yes,0,Graduate,Salaried,39887.97248621068,17740.38840649303,223909.19678195007,180,0,Semiurban,45.85073422250843,Rejected,57628.36089270371,3.885399364365733
LN02611,Male,No,1,Graduate,Salaried,37246.28659150367,20817.23364970506,156270.4339737922,60,0,Rural,47.808633561010495,Rejected,58063.520241208724,2.691370301432125
LN02083,Male,No,1,Graduate,Salaried,15000.0,22775.96061792272,118998.85254616442,120,0,Rural,28.975184444047553,Rejected,37775.96061792272,3.1501211511139093
LN02052,Male,Yes,2,Graduate,Salaried,46837.670218494866,10763.092830893242,109467.12221506637,180,1,Urban,23.42610353888218,Approved,57600.76304938811,1.9004456958531426
LN04629,Female,Yes,1,Graduate,Salaried,68506.4261666022,33105.22478420993,153443.73197568845,240,0,Semiurban,37.60988312239916,Rejected,101611.65095081214,1.5100997822579127
LN03543,Male,No,0,Not Graduate,Salaried,38452.47846030483,9311.23024802631,110612.08711897804,360,1,Semiurban,30.724397792304107,Approved,47763.70870833114,2.3158186436993455
LN01161,Male,Yes,2,Not Graduate,Self-Employed,105818.85145181484,14427.295891778977,131669.8715080628,180,0,Semiurban,21.0,Rejected,120246.14734359382,1.0950028289208018
LN00221,Female,No,1,Graduate,Self-Employed,22654.696148165036,14677.231058973824,141368.6823495761,300,0,Urban,41.9199906792309,Rejected,37331.92720713886,3.7868037608983287
LN05533,Male,Yes,0,Not Graduate,Salaried,64209.925978430074,0.0,201739.9565263118,360,0,Urban,37.876930824276734,Rejected,64209.925978430074,3.1418811570360936
LN00333,Male,No,1,Graduate,Self-Employed,46456.76576975777,12114.248828458987,183534.3585363117,120,0,Urban,28.350163619987622,Rejected,58571.01459821675,3.133535585738335
LN00287,Female,Yes,1,nan,Salaried,71766.34412969153,21988.156702804765,79118.0121386297,360,1,Semiurban,35.65835869776051,Approved,93754.5008324963,0.8438849488408408
LN00254,Female,Yes,2,Graduate,Self-Employed,29612.60068091973,11136.775245528244,65799.79911019177,300,1,Urban,34.31605597768635,Approved,40749.375926447974,1.61474372586612
LN04251,Female,Yes,1,Graduate,Salaried,,24943.787309920463,35835.977123638484,60,0,Urban,31.797005927412556,Rejected,24943.787309920463,1.4366694471206487
LN03794,Female,No,1,Graduate,Salaried,60157.60369389456,9091.816519085707,134806.82852594348,120,1,Rural,28.956687781408203,Approved,69249.42021298027,1.9466853023655348
LN02131,Female,Yes,1,Graduate,Salaried,60392.3331538798,20850.213322877986,186221.4088117706,360,0,Urban,28.97602455089887,Rejected,81242.5464767578,2.2921660741523606
LN05703,Female,Yes,2,Graduate,Self-Employed,47922.82137526091,30498.186063283392,196840.283856653,60,0,Urban,52.28328608868646,Rejected,78421.0074385443,2.5100453346115144
LN00921,Male,Yes,2,Graduate,Salaried,39469.6940117788,8691.535970528112,170262.00127745728,300,1,Rural,37.12372219962681,Approved,48161.22998230692,3.5352502695634382
LN01378,Female,No,2,Not Graduate,Salaried,47887.689205262715,20724.45306155102,219006.16447927,300,0,Rural,38.72088166494051,Rejected,68612.14226681374,3.1919447089644177
LN05186,Female,Yes,0,Not Graduate,Self-Employed,52621.21121937076,25033.658927291457,152336.0060132486,360,1,Rural,35.35516884715108,Approved,77654.87014666222,1.9617057594139362
LN04214,Female,Yes,1,Not Graduate,Salaried,60909.82952661504,0.0,93369.6354739373,180,0,Rural,32.09188748087185,Rejected,60909.82952661504,1.5329157247622685
LN01741,Female,Yes,0,Graduate,Self-Employed,56623.565536199785,13594.465144975684,100440.28911877229,120,1,Urban,36.53589780498262,Approved,70218.03068117547,1.4304059533486604
LN04747,Female,Yes,1,Not Graduate,Self-Employed,38277.47401637181,5586.185138607349,238075.09467460017,60,1,Rural,38.15281947871216,Rejected,43863.659154979156,5.4276159185313935
LN01731,Female,No,2,Graduate,Salaried,53013.66407763605,17434.750771367704,147404.08206119697,180,1,Urban,26.82193414393337,Approved,70448.41484900375,2.0923690387801748
LN02175,Female,Yes,1,Graduate,Salaried,101790.77443389548,26211.881425699044,106558.4256055145,240,1,Rural,33.70258996473934,Approved,128002.65585959452,0.8324704271948693
LN01011,Female,Yes,0,Graduate,Salaried,63951.99209384799,15321.850870368396,100112.11086703226,240,1,Urban,45.097784791712314,Approved,79273.84296421638,1.262864358830467
LN03812,Male,Yes,1,Not Graduate,Salaried,42870.03525181602,18852.126522593546,123499.4620610017,360,1,Semiurban,34.193868950086994,Approved,61722.16177440957,2.0008933341055695
LN00435,Male,Yes,3,Graduate,Salaried,61481.895608395505,11737.662955586404,137587.4443069453,120,0,Rural,39.40940934465948,Rejected,73219.5585639819,1.879107809516721
LN04585,Male,No,0,Not Graduate,Salaried,83862.25891702056,2327.2331162726987,22845.34052626106,180,0,Urban,39.67319369260869,Rejected,86189.49203329327,0.2650594635995345
LN05559,Male,Yes,1,Graduate,Salaried,75502.30243178172,3839.3582392810495,91998.98090283557,120,0,Semiurban,26.2404560237673,Rejected,79341.66067106277,1.1595293081178113
LN05495,Male,Yes,3,Graduate,Salaried,34486.34680008537,14424.970312050837,174654.3201023969,180,0,Urban,21.40550680113932,Rejected,48911.3171121362,3.5708365755511515
LN00087,Female,No,2,Graduate,Salaried,66575.02219319368,0.0,176025.62483141397,180,0,Rural,40.06205061765274,Rejected,66575.02219319368,2.6440190184331622
LN01361,Male,Yes,1,Not Graduate,Salaried,71585.82999202177,21636.463470328417,87682.98531895631,120,0,Urban,31.406364602252573,Rejected,93222.29346235018,0.9405795766478215
LN05365,Male,Yes,1,Graduate,Salaried,30051.06662788503,21491.477210704204,128740.35233635578,180,0,Urban,25.75024523563973,Rejected,51542.543838589234,2.4977492911393626
LN05754,Female,Yes,3,Graduate,Self-Employed,56084.294580628375,9006.44294947003,104839.81955522744,180,0,Rural,28.47578757037712,Rejected,65090.737530098406,1.6106718641304192
LN05328,Female,Yes,0,Graduate,Self-Employed,,7032.187673308246,283230.7246000717,360,1,Urban,36.34026836399761,Approved,7032.187673308246,40.27633188390544
LN02265,Male,Yes,1,Graduate,Self-Employed,83850.15024955949,13045.651534772362,131004.60167297116,60,1,Semiurban,37.7674303345695,Approved,96895.80178433185,1.3520152499956373
LN01345,Male,No,0,Graduate,Salaried,30302.040631001928,4820.885095228408,168122.54343128053,300,1,Semiurban,38.73503778803408,Approved,35122.925726230336,4.786689603871014
LN05192,Female,Yes,1,Not Graduate,Salaried,71120.44193684582,12194.282934014474,171339.50966293222,60,1,Rural,48.91552019052865,Approved,83314.72487086029,2.0565333430376485
LN02191,Female,Yes,0,Graduate,Salaried,69243.45332163885,10899.705884610892,159353.44689883,240,1,Urban,29.448230155180543,Approved,80143.15920624975,1.9883599358584214
LN04266,Female,Yes,1,Graduate,Unemployed,65817.94115180011,10734.003637139627,166133.53153710056,60,0,Semiurban,30.15379696016491,Rejected,76551.94478893974,2.1702065440028324
LN03092,Male,No,0,Graduate,Unemployed,58110.825711159945,3434.447829326637,209534.98087775023,120,0,Urban,32.826980656781714,Rejected,61545.27354048658,3.4045665706548687
LN04511,Male,No,0,Not Graduate,Salaried,81156.28361641592,15002.23947995788,87868.99275275425,360,0,Urban,46.2364684962491,Rejected,96158.5230963738,0.9137930775485033
LN00112,Male,Yes,0,Graduate,Salaried,61204.604198820525,19805.867584277126,127191.58262599703,60,1,Rural,26.38789180226724,Approved,81010.47178309766,1.5700634723687017
LN03461,Female,Yes,0,Graduate,Salaried,97945.77389546223,14593.9376832147,188804.36864312823,300,0,Urban,34.57002409900142,Rejected,112539.71157867693,1.6776688512404299
LN04413,Male,Yes,1,Graduate,Self-Employed,15000.0,9723.462238216627,62035.64899797113,240,0,Urban,32.87874803232329,Rejected,24723.462238216627,2.5091812950889496
LN01929,Female,No,1,Graduate,Self-Employed,99166.94908441188,153.9520808034722,,120,0,Urban,49.231852964698355,Rejected,99320.90116521536,
LN00110,Male,Yes,3,Graduate,Salaried,21624.57569401917,25409.541737977896,174586.98203781102,300,0,Semiurban,45.966713064956394,Rejected,47034.11743199707,3.711922144393006
LN02926,Female,Yes,1,Graduate,Salaried,57675.419137560835,1487.0959730156555,176378.40580560165,120,1,Semiurban,37.13213317243365,Approved,59162.51511057649,2.981252664393074
LN02384,Female,No,1,Not Graduate,Self-Employed,60655.93990823173,16234.291817036488,222568.77305351908,60,0,Urban,24.681823926046164,Rejected,76890.23172526823,2.894630020738732
LN00447,Male,Yes,0,Graduate,Salaried,41202.40427345289,10387.329495016927,90331.059377809,120,0,Semiurban,36.938108965015765,Rejected,51589.73376846982,1.7509502914515285
LN05696,Male,Yes,0,Graduate,Self-Employed,52002.00019781367,8704.057681362023,101721.24968950804,360,1,Semiurban,28.20183174085116,Approved,60706.05787917569,1.6756358960413076
LN01359,Male,Yes,1,Graduate,Self-Employed,63667.19839558311,34435.288811221966,199592.6850253929,60,0,Rural,33.14230704879854,Rejected,98102.48720680508,2.0345323621065923
LN01290,Female,No,0,Graduate,Salaried,67771.57209061929,0.0,235377.44446608805,180,0,Semiurban,21.0,Rejected,67771.57209061929,3.473099962198873
LN03197,Male,Yes,0,Graduate,Salaried,22336.995838828327,29141.103906067816,145833.38996878266,360,0,Urban,50.78963332095115,Rejected,51478.09974489614,2.8329210031347647
LN03107,Male,Yes,1,Graduate,Self-Employed,71447.80622351351,19480.78341012892,137182.21785734268,180,1,Semiurban,36.47850539633086,Approved,90928.58963364243,1.5086808055646668
LN02956,Female,No,3,Graduate,Unemployed,78643.83128520769,3370.6101314708703,147174.6937670396,300,1,Urban,38.57590008697117,Approved,82014.44141667856,1.7944973010217926
LN03346,Male,Yes,0,Graduate,Salaried,54312.307007869815,18308.67028406351,137909.104373551,300,1,Urban,26.546714161039972,Approved,72620.97729193332,1.899025729427492
LN01621,Female,Yes,0,Graduate,Self-Employed,31234.440433652668,9953.662577107654,166713.77330382605,120,1,Semiurban,31.180925149845443,Approved,41188.10301076032,4.047619606571159
LN05669,Male,Yes,0,Graduate,Salaried,86677.71491001145,0.0,162893.080864748,120,1,Semiurban,21.0,Approved,86677.71491001145,1.879295976294058
LN05497,Male,Yes,2,Graduate,nan,46966.49755687169,8361.668971743096,191142.1036608179,180,0,Urban,34.525634433570275,Rejected,55328.16652861479,3.454697953201873
LN02353,Male,Yes,2,Graduate,Salaried,32680.88577598931,22704.635956872266,180644.20358815917,60,0,Semiurban,34.901441037643245,Rejected,55385.521732861576,3.261578079185604
LN05618,Female,Yes,1,Graduate,Salaried,67807.3238879075,17174.734830142246,181049.8782936368,300,1,Urban,43.24903156720109,Approved,84982.05871804975,2.1304482501926345
LN05890,Female,No,3,Not Graduate,Salaried,55445.60770328494,11400.889064333283,39775.897455983795,360,0,Urban,32.484842757273405,Rejected,66846.49676761823,0.5950333881259134
LN03309,Male,Yes,0,Graduate,Salaried,59993.726547764505,25323.89398126397,127638.78201612382,240,1,Urban,42.512737930612666,Approved,85317.62052902847,1.496042449668366
LN03503,Male,No,0,Graduate,Salaried,61023.958037621705,4752.4924992360975,215054.8346732811,180,0,Urban,43.55350869934569,Rejected,65776.4505368578,3.2694806867508794
LN01963,Male,No,2,Graduate,Salaried,72904.31171900114,22352.693099749875,154057.19159248102,120,1,Semiurban,37.958628601241536,Approved,95257.00481875101,1.6172793999308637
LN01533,Male,No,0,nan,Salaried,57047.948274026625,10597.253631491963,210494.6980009552,60,1,Semiurban,35.31249945696201,Approved,67645.2019055186,3.1117461707773058
LN04919,Female,Yes,0,Graduate,Salaried,85854.90579036414,12143.134519077365,165508.7913591419,300,0,Urban,39.85715086260372,Rejected,97998.04030944151,1.6888989905974288
LN02282,Male,Yes,1,Graduate,Salaried,83882.18806094745,23066.764021643627,157934.16618093645,300,1,Semiurban,28.44829426575,Approved,106948.95208259107,1.4767247654654172
LN03436,Male,Yes,1,nan,Salaried,71474.88842008826,16144.760588187792,145892.84772135675,360,0,Urban,28.675609319663508,Rejected,87619.64900827606,1.6650699857012272
LN05539,Male,Yes,0,Not Graduate,Salaried,79049.23941072338,28698.68223361911,130330.37810221322,240,0,Rural,38.261779814352835,Rejected,107747.9216443425,1.2095860051241782
LN01019,Female,Yes,2,Not Graduate,Salaried,68483.31892803832,15551.992425300892,137314.5132466801,360,0,Urban,40.58785619055038,Rejected,84035.31135333922,1.6340096922985194
LN03490,Male,No,1,Graduate,Salaried,53459.653647804575,17093.488573346887,95103.68184664768,240,1,Urban,41.56841941220635,Approved,70553.14222115146,1.3479723064430162
LN05046,Female,Yes,2,Graduate,Salaried,18510.27297967377,29554.013377261916,173686.58303843287,360,1,Urban,33.77050250236439,Approved,48064.286356935685,3.6136307475492115
LN05285,Male,Yes,2,nan,Salaried,68316.53258910686,7705.629511523507,165157.69141881366,300,1,Semiurban,22.643345366410124,Approved,76022.16210063038,2.1724940051059685
LN05918,Male,Yes,2,Graduate,Salaried,72917.80840551785,20743.86351133876,154217.05160991056,300,1,Semiurban,35.35465408305025,Approved,93661.6719168566,1.646533191792785
LN00050,Male,No,3,Graduate,Salaried,66481.6793878959,28771.809365045618,203769.52772082068,60,0,Rural,30.226602803139016,Rejected,95253.48875294151,2.1392342725560076
LN00594,Male,Yes,0,Graduate,Salaried,80750.79888515799,0.0,223368.7994163839,240,0,Rural,33.243267799122314,Rejected,80750.79888515799,2.7661497161663267
LN04389,Female,No,0,Graduate,Salaried,71705.98873032676,20790.763008755028,116350.63904173716,240,0,Urban,21.0,Rejected,92496.75173908178,1.2578889188448832
LN00903,Female,No,1,Graduate,Salaried,85569.03725214598,10338.11388053777,175438.16655246523,180,0,Urban,46.776250046462195,Rejected,95907.15113268375,1.8292501078439236
LN03258,Male,Yes,0,Graduate,Salaried,83734.69240354662,42683.73605625943,92660.84506867253,180,0,Semiurban,33.81279395370567,Rejected,126418.42845980605,0.7329694428066195
LN03979,Male,Yes,0,Graduate,Self-Employed,39006.89002180118,0.0,206614.36874194696,240,1,Semiurban,30.06843077595356,Rejected,39006.89002180118,5.296868543646238
LN00493,Male,Yes,0,Not Graduate,Salaried,42774.31597343473,21635.45618498435,78270.95695478255,120,1,Urban,33.605563413463,Approved,64409.77215841907,1.215203133497681
LN05045,Male,No,0,Not Graduate,Salaried,81421.6100080561,23594.14254759453,101595.8205423086,240,0,Urban,32.656942449301724,Rejected,105015.75255565063,0.9674341045975011
LN01920,Female,Yes,1,Graduate,Salaried,20414.003792484247,28106.059128134635,195133.9071349624,300,1,Rural,29.704058073951717,Approved,48520.06292061888,4.021715871519184
LN02203,Female,No,2,Graduate,Salaried,34134.540842576724,6985.160781689932,158280.7562548361,300,1,Rural,21.0,Approved,41119.70162426666,3.8492681124278203
LN01277,Male,No,2,Graduate,Salaried,67866.35678788743,14327.696928038687,137934.25481276357,240,0,Semiurban,26.58034533528707,Rejected,82194.05371592611,1.6781536933253494
LN05958,Male,No,1,Graduate,Salaried,51086.99393940011,6668.584766710337,189862.61492700168,120,0,Rural,22.677199745447737,Rejected,57755.57870611045,3.287346766848594
LN01090,Male,Yes,0,Graduate,Salaried,58567.97481171872,10231.235393561645,127431.23844593282,240,1,Semiurban,40.16435744206705,Approved,68799.21020528037,1.8522194959173008
LN00769,Female,Yes,2,Graduate,Self-Employed,96248.97115993858,8707.878504705575,155761.99334860092,120,0,Semiurban,32.8711661937691,Rejected,104956.84966464415,1.4840574373782014
LN05822,Male,Yes,2,Graduate,Salaried,37703.55625295172,22229.969346243233,83179.87883208683,240,0,Rural,50.88828299673303,Rejected,59933.52559919495,1.3878689431413014
LN03985,Male,Yes,1,nan,Self-Employed,18358.025936220256,11072.737615741824,193963.195258328,360,1,Urban,24.45955040664606,Approved,29430.76355196208,6.590491439879647
LN00402,Male,No,2,Graduate,Salaried,60104.87399436366,11343.2291746948,139989.1666754172,240,1,Semiurban,37.87311500947642,Approved,71448.10316905846,1.9593125704706087
LN02936,Male,No,3,Not Graduate,Self-Employed,47920.387480615405,5114.709921340995,160306.76898113018,300,0,Semiurban,26.829293000397858,Rejected,53035.0974019564,3.022654371050833
LN04227,Male,Yes,0,Graduate,Self-Employed,68394.11216714531,15867.610754626468,148931.88137792615,300,0,Urban,30.29659884387862,Rejected,84261.72292177178,1.7674915277509085
LN04734,Male,Yes,2,Graduate,Salaried,65818.94728678971,5155.86953824788,170525.33957431908,60,1,Urban,37.55152472335959,Approved,70974.81682503759,2.402617536790364
LN03901,Female,No,0,Graduate,Salaried,57398.7941289276,18699.256130043905,157131.06963344413,180,0,Urban,38.43585709103185,Rejected,76098.0502589715,2.0648501387184925
LN03292,Male,Yes,2,Graduate,Salaried,85539.30772176376,0.0,127378.78675954792,60,1,Semiurban,40.275032108970066,Approved,85539.30772176376,1.4891257616191689
LN04448,Male,Yes,2,Graduate,Self-Employed,69614.89159535967,11596.595171170968,151605.77277161603,240,1,Urban,38.74152840416577,Approved,81211.48676653064,1.866802084383175
LN05867,Male,Yes,1,Not Graduate,Self-Employed,46045.621922035105,0.0,139993.2722885931,240,1,Rural,21.0,Approved,46045.621922035105,3.0403166782203765
LN00042,Female,Yes,0,nan,Self-Employed,57687.03435223519,37020.139246596154,145099.951660833,180,0,Semiurban,35.985948605346785,Rejected,94707.17359883134,1.5320904018892978
LN05635,Male,No,3,nan,Self-Employed,74140.64719221569,16796.95381106207,165509.3258414352,240,1,Rural,21.0,Approved,90937.60100327776,1.8200318021966466
LN01023,Female,Yes,0,Graduate,Salaried,102845.40717223728,15326.388366908714,267202.6889416313,240,1,Urban,38.66639778034042,Approved,118171.79553914598,2.2611375897484507
LN00567,Male,Yes,0,Not Graduate,Salaried,39838.27378165192,13065.723714187943,132501.49598243556,180,1,Urban,41.009768156217795,Approved,52903.99749583987,2.5045649148319065
LN05384,Male,Yes,1,Not Graduate,Self-Employed,76845.94654027806,12968.31471015321,69142.41427799783,360,0,Urban,36.49227248480299,Rejected,89814.26125043127,0.7698378110042721
LN01945,Female,No,0,Graduate,Self-Employed,52607.79327912732,5585.968309979751,167450.61343140397,60,1,Semiurban,53.268102165230744,Approved,58193.761589107075,2.87746673971232
LN01877,Male,Yes,1,Not Graduate,Self-Employed,55815.562525109446,18270.72374877845,151029.50886173395,300,0,Urban,34.03187975191575,Rejected,74086.2862738879,2.0385622826793663
LN02088,Male,nan,1,Graduate,Salaried,50935.031819539734,19403.539938779137,116602.91647702476,180,0,Urban,40.93112912699475,Rejected,70338.57175831887,1.6577379034318287
LN04892,Female,No,0,Graduate,Salaried,48611.00451015779,14701.962181485593,167254.30930075413,180,1,Semiurban,24.83500303353928,Approved,63312.966691643385,2.6417070315997346
LN01408,nan,No,0,Not Graduate,Salaried,53546.403223157286,0.0,252704.77914618215,240,1,Urban,30.612400147432037,Approved,53546.403223157286,4.719360478667866
LN01401,Male,Yes,0,Graduate,Salaried,70733.05505054572,20740.4193088403,101112.27994789758,120,1,Urban,53.1464313659236,Approved,91473.47435938602,1.105372684879576
LN04545,Female,No,0,Not Graduate,Salaried,71686.2833287062,19484.132494791094,233649.48514224763,240,0,Rural,33.975051005191126,Rejected,91170.41582349729,2.562777443009417
LN02026,Male,No,1,Graduate,Salaried,96010.22363021708,3580.5818083868853,132850.2887198884,360,1,Semiurban,40.045309446160765,Approved,99590.80543860396,1.3339613846359375
LN05727,Female,Yes,0,Graduate,Salaried,55388.27202952774,28561.067142103253,187554.52715018165,60,0,Urban,43.531394066196754,Rejected,83949.339171631,2.2341394107550276
LN00992,Male,Yes,0,Graduate,Self-Employed,55056.452349588064,24458.88156554639,215008.82634065696,60,0,Urban,39.20125999009065,Rejected,79515.33391513446,2.703991994426292
LN00936,Male,Yes,0,Not Graduate,Salaried,39575.34365738573,29465.632912513676,198263.2192190224,60,0,Urban,28.020882544376793,Rejected,69040.97656989942,2.871674606431646
LN00023,Male,Yes,1,Graduate,Salaried,31505.036275730865,12248.785717449531,207875.9802904979,240,1,Urban,37.34045325708113,Approved,43753.8219931804,4.751035928310402
LN05764,Female,No,1,Not Graduate,Salaried,62144.15924080267,14299.535562720352,195444.4518184644,300,1,Semiurban,37.728815626266986,Approved,76443.69480352302,2.556711214977237
LN01952,Female,Yes,0,Graduate,Salaried,41885.35398274762,12296.286008642088,239031.92997388545,60,1,Semiurban,42.73016024851383,Approved,54181.639991389704,4.411677646004648
LN02665,Male,Yes,1,Not Graduate,Self-Employed,32657.24387079509,23596.307868548454,190116.6388942233,60,0,Rural,21.0,Rejected,56253.551739343544,3.379637960908633
LN01615,Female,No,0,Not Graduate,Unemployed,123862.15135689722,4199.973916178678,156806.2317037922,60,1,Semiurban,29.428366836063827,Approved,128062.12527307589,1.224454391721387
LN03507,Female,Yes,2,Not Graduate,Salaried,,22271.712595339493,137016.10182462353,120,0,Urban,42.17081498465482,Rejected,22271.712595339493,6.152023614622931
LN02735,Male,No,3,Graduate,Self-Employed,49380.58204376071,8631.176110610424,67674.43066990294,180,1,Urban,27.304895805758413,Approved,58011.758154371135,1.1665640349982003
LN03110,Female,Yes,1,Graduate,Salaried,36764.32312175272,33481.09104105552,240913.93518714103,240,1,Semiurban,21.71133195938913,Approved,70245.41416280824,3.429603740804678
LN03354,Male,No,0,Graduate,Self-Employed,48123.77183862589,0.0,186000.67659181255,360,1,Urban,31.67474826936809,Approved,48123.77183862589,3.865047760918059
LN03288,Male,Yes,0,Graduate,Self-Employed,47445.321878309886,15201.2112958086,234987.13710993217,180,1,Rural,26.198946593897347,Approved,62646.533174118485,3.7509998591113374
LN05667,Female,No,2,Graduate,Salaried,74331.78679519304,9612.737196535589,216671.95830164824,240,1,Rural,45.131850898682245,Approved,83944.52399172862,2.5811327290747133
LN04603,Male,Yes,2,Graduate,Salaried,86233.86898545321,3140.7840081314407,139335.1712183961,300,0,Semiurban,36.79407583160281,Rejected,89374.65299358465,1.5590009756837617
LN03077,Male,Yes,1,nan,Salaried,71060.80171704717,3453.6566127115584,202083.3366541675,180,1,Rural,54.42131379360927,Approved,74514.45832975872,2.712001686435957
LN02734,Male,Yes,0,Graduate,Salaried,99741.22223398882,0.0,152383.6447311148,120,1,Urban,21.0,Approved,99741.22223398882,1.5277900282155055
LN02656,Male,Yes,0,Graduate,Salaried,38161.32199209374,11440.650829130293,160726.6459443208,60,1,Rural,31.16405489902648,Approved,49601.97282122403,3.2403276886508836
LN00412,Female,Yes,0,Graduate,Self-Employed,29317.716585287555,0.0,162052.16389310558,180,0,Urban,42.06664244039868,Rejected,29317.716585287555,5.5274483407220005
LN02058,Male,No,2,Graduate,Salaried,65251.2265800385,16830.12928311482,257515.53966656057,60,0,Urban,27.211156783237072,Rejected,82081.35586315332,3.137320734514821
LN00395,Female,Yes,2,Graduate,Salaried,50616.4869579059,23092.646982419858,142033.57112453246,240,1,Rural,28.335487492347635,Approved,73709.13394032576,1.9269466826122466
LN05203,Male,Yes,0,Graduate,Salaried,75415.00419237575,13789.24567609446,151232.36891052715,300,0,Urban,36.020733800268474,Rejected,89204.24986847022,1.6953493710615366
LN05452,Male,Yes,0,Not Graduate,Salaried,94091.84186594754,0.0,211651.95667254727,120,1,Urban,21.0,Approved,94091.84186594754,2.2494187856805627
LN02694,Female,No,1,Not Graduate,Salaried,66677.19933137069,14654.357601561967,178014.0446839477,120,1,Rural,27.886145472404294,Approved,81331.55693293265,2.188745075060361
LN01550,Male,Yes,3,Graduate,Self-Employed,57996.918470400946,18421.06039650418,189517.45043461444,300,1,Urban,37.75699162839759,Approved,76417.97886690512,2.480011291121573
LN05829,Male,No,0,Graduate,Salaried,87242.64807370158,16230.186735267556,141966.75758126393,60,0,Urban,30.58000338348373,Rejected,103472.83480896914,1.3720196015056707
LN01165,Female,Yes,0,Not Graduate,Self-Employed,108795.04812678546,13840.029276784664,109210.6137415714,60,0,Urban,21.0,Rejected,122635.07740357013,0.8905332475322602
LN02774,Female,No,1,Graduate,Salaried,50176.9250571579,29338.32838659845,199897.7161071275,240,1,Urban,31.973415286214596,Approved,79515.25344375634,2.5139543351706912
LN05018,Female,Yes,0,Graduate,Salaried,63106.49998398803,1680.8688960891411,158607.93348032204,360,0,Urban,38.45255569909065,Rejected,64787.36888007717,2.4481304955277436
LN04382,Female,Yes,2,Not Graduate,Salaried,46663.02566096873,5781.763436797863,105202.64982056106,120,0,Urban,44.642698147120214,Rejected,52444.78909776659,2.0059695468399017
LN04049,Male,Yes,0,Graduate,Salaried,67866.14100010647,19337.476093485355,74102.54425266484,300,0,Urban,39.330645948608456,Rejected,87203.61709359182,0.8497645708105643
LN03871,Male,Yes,1,Graduate,Self-Employed,63155.22878587539,2721.7143394300783,170568.0138784854,300,1,Urban,23.011272339848468,Approved,65876.94312530546,2.5891913890728895
LN03384,Male,Yes,0,Graduate,Salaried,82118.00848714617,7768.315611706071,194407.8660871721,180,1,Urban,35.66775182092925,Approved,89886.32409885224,2.16281918340962
LN05857,Female,Yes,1,Not Graduate,Salaried,49638.61961049886,25279.59002257798,177216.1352382868,360,1,Urban,32.26606319953516,Approved,74918.20963307684,2.3654614292870773
LN02104,Female,No,3,Not Graduate,Self-Employed,36211.762142653446,3425.8420978456634,113136.91618040195,60,1,Semiurban,53.32660333814254,Rejected,39637.60424049911,2.854282400468746
LN03843,Male,Yes,0,Graduate,Salaried,32565.13741472989,2486.4381776071314,373954.21255128784,120,0,Urban,22.72478345912231,Rejected,35051.575592337016,10.668684823202122
LN03170,Male,Yes,2,Graduate,Salaried,41085.078786064376,4013.20626565615,142920.7790352831,120,0,Semiurban,26.800673451285824,Rejected,45098.28505172052,3.1690956512287736
LN03484,Female,Yes,2,Graduate,Salaried,39788.03560142173,78.97982854636211,171388.44721753057,120,1,Rural,28.650036762868595,Approved,39867.015429968094,4.299003709434883
LN00093,Female,Yes,1,Graduate,Salaried,53446.75706804464,6288.069699923693,134414.62037663927,180,1,Urban,21.0,Approved,59734.826767968334,2.2501885022409835
LN01995,Male,No,1,Not Graduate,Salaried,81403.00476632855,37098.556657484645,180914.4651655354,240,1,Semiurban,33.715057160390444,Approved,118501.5614238132,1.5266842309233923
LN00812,Male,Yes,3,Graduate,Salaried,88939.55768707466,6625.942746845087,158522.14993606813,120,0,Urban,22.914426469415975,Rejected,95565.50043391975,1.658780095497755
LN00688,Male,Yes,2,Graduate,Salaried,74219.19936406983,0.0,208613.74798040345,180,1,Rural,47.49000170785274,Approved,74219.19936406983,2.810778744150603
LN04165,Female,No,0,Graduate,Self-Employed,75876.3693428763,20010.90009308772,20000.0,180,1,Urban,55.676839477292006,Approved,95887.26943596403,0.20857826192825848
LN04368,Male,Yes,0,Graduate,Salaried,46550.28807987328,1305.36225343942,87415.09757399287,300,0,Semiurban,34.632675075873976,Rejected,47855.650333312704,1.8266410959865802
LN05778,Female,No,0,Graduate,Self-Employed,60583.81007871135,11524.997002940896,133441.78670720893,360,1,Semiurban,36.17432430019018,Approved,72108.80708165225,1.850561562557905
LN02689,Female,Yes,0,Graduate,Salaried,72249.37588027204,16470.76827445974,122522.2802070207,300,1,Semiurban,32.96292735988782,Approved,88720.14415473178,1.3809973075938258
LN04946,Male,No,0,Not Graduate,Salaried,45204.57672054065,8550.715396777021,94441.73505500072,360,1,Urban,36.120465713241536,Approved,53755.29211731767,1.7568825567701754
LN01186,Female,Yes,3,Graduate,Self-Employed,40350.252129233806,0.0,108068.81632002348,300,0,Urban,48.3578343934211,Rejected,40350.252129233806,2.678268675345587
LN02776,Male,Yes,0,Not Graduate,Salaried,54876.4049500924,11566.648241475508,210581.98128245835,300,0,Semiurban,33.009589966618876,Rejected,66443.05319156792,3.1693603946120685
LN01131,Male,Yes,1,Not Graduate,Salaried,68438.41508470569,13154.485578140548,210808.2888391127,180,1,Rural,34.479882620315415,Approved,81592.90066284624,2.583659694980122
LN05462,Female,Yes,1,nan,Salaried,81803.66942040893,9226.579842916664,111990.38391295506,300,0,Urban,37.13270328744826,Rejected,91030.24926332559,1.2302546111787251
LN04962,Male,No,0,Graduate,Salaried,57533.11871907779,7519.090171513374,64312.821293538,60,1,Urban,21.0,Approved,65052.208890591166,0.988633935577857
LN05749,Male,Yes,0,Graduate,Salaried,40471.99902672405,0.0,174344.74055809822,240,0,Semiurban,32.812791423741025,Rejected,40471.99902672405,4.307786735292633
LN01435,Male,Yes,1,Graduate,Salaried,65651.599009766,17939.493879431622,208364.535869189,180,1,Urban,39.34239598808391,Approved,83591.09288919762,2.4926643338110455
LN05213,Male,Yes,0,Graduate,Salaried,67986.35203438262,20775.169546072117,182650.3969154952,240,0,Urban,28.039117124372098,Rejected,88761.52158045475,2.057765500898249
LN00572,Male,Yes,2,Graduate,Unemployed,66538.54747528325,36430.0705458491,165941.87016902128,300,0,Urban,23.6683375669722,Rejected,102968.61802113235,1.6115771325100707
LN03840,Female,Yes,2,Graduate,Salaried,47713.53711807411,3931.2970846594326,152553.8152232539,360,0,Semiurban,37.18592445024702,Rejected,51644.834202733546,2.953902700595354
LN04122,Male,Yes,2,Graduate,Salaried,79155.8322894581,21992.124386719865,183841.88270555035,120,1,Semiurban,23.227369395096662,Approved,101147.95667617797,1.8175540934960694
LN05155,Female,Yes,1,Graduate,Salaried,59782.657259300555,26127.981956129064,,360,0,Semiurban,34.31839874163002,Rejected,85910.63921542962,
LN04354,Female,No,1,Graduate,Self-Employed,68084.25730554663,21943.263811492987,123470.98221763954,360,1,Urban,38.89986090057065,Approved,90027.52111703962,1.371480417161792
LN00256,Female,Yes,2,Graduate,Salaried,85338.22298373246,28897.641339463557,190804.0522056969,300,1,Semiurban,38.67978047025888,Approved,114235.86432319602,1.6702640045325365
LN03668,Female,Yes,1,Graduate,Self-Employed,57157.06926118908,5750.7418428072615,209707.40740065632,360,1,Urban,44.070532700193894,Approved,62907.81110399634,3.3335670677521674
LN03760,Male,Yes,1,Graduate,Salaried,66441.64621533972,805.6680345499026,186853.5335308836,120,1,Urban,26.77571474103239,Approved,67247.31424988962,2.7786021734123056
LN05724,Female,Yes,2,Not Graduate,Salaried,51040.773231000494,29338.8446819627,150503.35042612904,360,1,Urban,32.72258066758549,Approved,80379.6179129632,1.872406890377326
LN01000,Female,Yes,3,Not Graduate,Salaried,87987.10873172004,22851.850823103763,150586.8184860968,120,1,Urban,37.58873912801196,Approved,110838.95955482381,1.3586090945901803
LN02911,Male,Yes,3,Graduate,Salaried,67169.0723641924,6796.715388675326,55258.28162088945,300,0,Urban,21.0,Rejected,73965.78775286772,0.7470789306742297
LN03361,nan,Yes,2,Not Graduate,Salaried,26253.11305778579,29137.696482912583,153473.90581105393,120,1,Urban,32.07599085473615,Approved,55390.80954069838,2.770746755349171
LN05606,Female,Yes,1,Graduate,Salaried,34580.96557815434,6956.384982373829,153159.1834403878,60,0,Rural,35.12116865741776,Rejected,41537.35056052817,3.6872641459691673
LN01594,Male,Yes,1,nan,Unemployed,15000.0,29469.4414638698,151945.79140086652,300,1,Urban,33.43659384057781,Approved,44469.4414638698,3.4168585527281317
LN01268,Male,Yes,0,Graduate,Self-Employed,45289.40114820467,16829.944496452605,140270.76684801662,360,1,Urban,46.63885501836495,Approved,62119.345644657275,2.2580850682235245
LN00424,Male,Yes,1,Not Graduate,Salaried,72907.51899170295,9494.129329992937,133968.77618465942,300,1,Rural,33.62419669227823,Approved,82401.64832169589,1.6258021400451306
LN00538,Female,Yes,0,Graduate,Salaried,80125.85618428882,9833.85801239892,93990.05992794104,120,1,Semiurban,35.8939496326083,Approved,89959.71419668774,1.0448016733628274
LN05140,Male,Yes,1,Graduate,Self-Employed,48517.98649432803,3345.5847377894315,200312.53997163576,240,0,Semiurban,38.548398152330144,Rejected,51863.571232117465,3.8622974703212987
LN01395,Male,Yes,0,Graduate,Self-Employed,63693.60611729817,0.0,138592.43253558828,360,0,Semiurban,33.81131365908769,Rejected,63693.60611729817,2.175923785510847
LN00027,Male,Yes,2,Graduate,Salaried,67513.96036691344,0.0,272429.34940870287,360,0,Rural,38.29067697514341,Rejected,67513.96036691344,4.0351558096747695
LN05056,Female,Yes,2,Graduate,Salaried,74187.05028910635,6603.916279593279,189495.38734269465,60,1,Urban,21.381811763280655,Approved,80790.96656869963,2.3455021692500675
LN04806,Male,No,1,Graduate,Salaried,45219.42683953534,9248.135503564836,258244.6294550729,360,0,Semiurban,33.47782412280042,Rejected,54467.56234310018,4.741255498609379
LN00846,Male,No,0,Not Graduate,Self-Employed,65783.37287815637,15920.55137311992,240712.64138501373,60,0,Semiurban,41.73825602710131,Rejected,81703.92425127629,2.9461576489853067
LN05987,Male,Yes,0,Not Graduate,Self-Employed,60818.494974578454,23892.63424758976,152225.10411596182,60,0,Semiurban,35.128091553909336,Rejected,84711.12922216821,1.7969906140281477
LN03907,Female,Yes,1,Graduate,nan,31863.699810049235,38226.09225262766,139835.08777115974,360,0,Urban,40.53505835141822,Rejected,70089.79206267689,1.9950849282890442
LN05110,Male,Yes,0,Graduate,Salaried,50387.04117023517,6483.827598132919,125049.58677851054,120,0,Rural,40.83058050265714,Rejected,56870.86876836809,2.1988337700243443
LN03486,Female,Yes,3,Graduate,Salaried,90603.90397726702,13379.37897963176,72768.94156962931,300,0,Urban,39.455349497997496,Rejected,103983.28295689878,0.6998138498838524
LN03989,Male,Yes,2,Graduate,Salaried,,7291.863693859106,140853.83507937044,240,1,Urban,35.78987666348773,Approved,7291.863693859106,19.316575431599396
LN05465,Male,Yes,0,Not Graduate,Salaried,59575.10441447516,13588.503276571942,90975.07565011806,360,0,Semiurban,52.95509531936398,Rejected,73163.6076910471,1.2434470978288092
LN04289,Male,Yes,3,Graduate,Salaried,72112.12465262625,7488.327803761213,235186.3577348619,120,0,Urban,31.279662668924622,Rejected,79600.45245638747,2.95458568987053
LN05300,Male,Yes,2,Graduate,Unemployed,55826.63257559069,17193.08913132054,60643.070620777435,300,1,Urban,32.843018568200186,Approved,73019.72170691122,0.8305026259095923
LN04902,Female,Yes,0,Graduate,Unemployed,39451.92896947978,0.0,149669.80447583177,180,1,Urban,33.53964751480356,Approved,39451.92896947978,3.793725893393378
LN04541,Male,Yes,2,Graduate,Salaried,98903.90148553866,16841.193983281697,227568.88605047463,300,1,Urban,32.71919757107734,Approved,115745.09546882036,1.9661212004596564
LN05090,Female,No,1,Graduate,Salaried,23584.794443959676,19910.039459577536,50793.596662119555,60,1,Semiurban,38.75349209509216,Approved,43494.83390353721,1.1678075785912767
LN04562,Female,Yes,0,Not Graduate,Self-Employed,42073.34682815876,15375.633513811115,109301.4102054744,240,1,Rural,37.08910021561185,Approved,57448.98034196988,1.9025822487161403
LN00884,Male,nan,1,Graduate,Salaried,73637.82979252623,16802.948805034444,156775.90013958976,180,1,Urban,30.958677153593463,Approved,90440.77859756068,1.73346473317312
LN01771,Male,No,2,Graduate,Salaried,93901.02080861504,12956.442733543518,51033.5152501799,180,0,Urban,28.23091693072462,Rejected,106857.46354215856,0.4775849393996294
LN01627,Female,Yes,3,Graduate,Salaried,85620.32723470226,19919.93486836496,220311.61796312765,300,0,Rural,39.43886782256101,Rejected,105540.26210306722,2.0874651395879464
LN00965,Male,Yes,2,Graduate,Salaried,88802.34430898946,20374.787046064284,118761.37086111924,60,0,Rural,36.481700305068536,Rejected,109177.13135505375,1.0877861452037672
LN00345,Male,Yes,0,Graduate,Salaried,64640.99874715273,15756.73540613386,192501.8197594785,240,1,Urban,33.71042654794328,Approved,80397.73415328658,2.394368719303132
LN02403,Male,No,1,Graduate,Self-Employed,54566.89779347894,13307.255616673752,187175.53351672983,360,1,Rural,30.47680159337562,Approved,67874.15341015269,2.75768498187606
LN03444,Male,No,0,Graduate,Salaried,73908.04949100598,29341.770365203265,117863.92030586432,60,1,Semiurban,32.84838258309407,Approved,103249.81985620924,1.1415411714035664
LN03137,Male,Yes,1,Graduate,Salaried,39576.75084879399,25503.19552276355,188731.28176375752,300,0,Semiurban,24.788979921188908,Rejected,65079.94637155754,2.8999913534999533
LN01097,Female,Yes,3,Graduate,Salaried,20035.98630935785,14362.54714496034,116038.90313909498,60,1,Urban,21.0,Approved,34398.53345431819,3.3733677423543806
LN01789,Female,No,1,Not Graduate,Salaried,86809.00892046289,26277.88027111646,135295.28458056832,300,0,Rural,40.74683182254518,Rejected,113086.88919157935,1.1963834671529956
LN04300,Male,Yes,1,Not Graduate,Salaried,51528.02836543646,34074.90672553268,141441.44023792326,180,1,Semiurban,31.66315726774117,Approved,85602.93509096914,1.6522966191242772
LN00951,Male,Yes,0,Graduate,Unemployed,67041.10793028594,26711.67632706147,73643.96023321222,300,1,Semiurban,31.13444427099372,Approved,93752.7842573474,0.7855122470929788
LN05762,Male,No,0,Graduate,Self-Employed,40373.4812696507,0.0,186296.1805824201,60,0,Urban,35.630702077345084,Rejected,40373.4812696507,4.6143204579799635
LN00386,Male,Yes,0,Graduate,Salaried,66835.11951554319,14756.014327638431,133563.75935168544,60,0,Rural,42.24588914825353,Rejected,81591.13384318163,1.6369886415403339
LN00776,Male,Yes,0,Graduate,Self-Employed,45457.25648350263,23721.531056840548,95741.31608321276,360,0,Semiurban,30.161822759066677,Rejected,69178.78754034318,1.3839692698774033
LN04256,Female,Yes,1,Graduate,Self-Employed,43278.7569579995,21858.9045643792,,240,0,Semiurban,21.0,Rejected,65137.66152237871,
LN05356,Female,No,3,Not Graduate,Self-Employed,27359.702299471657,15533.842724790218,39135.81448732159,360,1,Rural,32.24036690342056,Rejected,42893.545024261875,0.9123940319035231
LN03261,Male,No,1,Graduate,Self-Employed,60920.05494506548,29937.097590055346,202260.37910161255,360,1,Urban,24.451794469854832,Approved,90857.15253512083,2.226136010848775
LN00052,Male,Yes,1,Not Graduate,Self-Employed,46461.55999388083,11368.68353182922,204126.85043414548,300,1,Urban,30.88346130956113,Approved,57830.24352571005,3.5297594820501694
LN03144,Male,Yes,3,Graduate,Salaried,68645.2590126831,10709.627519073343,123577.45010498048,300,1,Rural,23.841480520098813,Approved,79354.88653175645,1.5572758717955817
LN05251,Female,Yes,0,Graduate,Salaried,49228.52653406752,13964.121053529354,143024.29858334645,180,1,Urban,38.829718334374384,Approved,63192.647587596875,2.263306002254264
LN03517,Male,Yes,0,Graduate,Self-Employed,68487.87875722026,26905.296437176767,184342.348853186,120,1,Semiurban,26.34053445789038,Approved,95393.17519439702,1.9324479814989268
LN00475,Female,Yes,0,Graduate,Unemployed,55019.27920887243,21159.670060468383,218811.5985317786,360,0,Urban,28.47202491913427,Rejected,76178.94926934081,2.8723367889748794
LN01126,Female,Yes,2,Graduate,Salaried,66052.70930478067,15230.806589504207,202656.07262619017,240,0,Semiurban,36.345563518336874,Rejected,81283.51589428488,2.4932001328505415
LN01536,Female,Yes,0,Graduate,Salaried,70272.00213139433,10685.44355440115,105703.25372674449,240,0,Urban,26.585433172459563,Rejected,80957.44568579548,1.3056643873991547
LN04991,Male,Yes,3,Graduate,Salaried,73664.46029577617,22787.74307977782,213595.9151711183,180,1,Semiurban,37.325181689273954,Approved,96452.20337555399,2.2145260315043735
LN04794,Female,No,1,Graduate,nan,56997.66097492387,23530.151882434977,195653.54029644295,120,0,Semiurban,44.91712413884527,Rejected,80527.81285735885,2.4296393178219
LN01114,Male,No,3,Graduate,Self-Employed,63008.37810287153,25612.56258512118,283981.4346950002,360,1,Semiurban,21.0,Approved,88620.94068799271,3.204450691793175
LN02446,Female,Yes,2,Not Graduate,Salaried,65884.48258026988,21653.34534508875,147414.3444345977,240,0,Urban,39.97932015383568,Rejected,87537.82792535862,1.6840073363517123
LN00239,Female,No,0,Graduate,Self-Employed,77048.66669592448,18604.41676292773,130359.9491559429,120,1,Semiurban,37.210360133520894,Approved,95653.0834588522,1.362841054800087
LN00655,Male,No,2,Graduate,Salaried,61184.368680289765,33167.55629575104,230739.1627123664,300,0,Rural,49.84260085486616,Rejected,94351.92497604081,2.445516217829779
LN03827,Female,Yes,0,Graduate,Salaried,69751.20594173437,8992.520693614322,136910.6163187952,180,0,Urban,39.8927104025415,Rejected,78743.72663534869,1.7386860156214008
LN05329,Male,No,1,Not Graduate,Salaried,25062.0861730889,10416.016367872062,243721.2223466622,360,1,Rural,30.529677290844592,Approved,35478.102540960965,6.869623933954071
LN00947,Male,Yes,0,Graduate,Salaried,46161.83860237511,23981.17324122347,101291.6285913889,120,0,Rural,29.423485834846176,Rejected,70143.01184359858,1.444072986447231
LN04974,Female,No,1,Graduate,Salaried,30559.25853946417,5316.64136746441,84413.97835446551,120,0,Urban,24.35604578603442,Rejected,35875.89990692858,2.352943858508284
LN04146,Male,Yes,0,Graduate,Salaried,67767.51458460337,3306.8473491353107,238547.87766738725,360,0,Semiurban,27.465613091036765,Rejected,71074.36193373868,3.356314023469969
LN01943,Male,Yes,0,Graduate,Salaried,53136.15449005179,19448.53537557488,123844.78465577518,360,1,Rural,34.39102203488671,Approved,72584.68986562667,1.7062108398485192
LN02266,Male,Yes,0,Not Graduate,Salaried,24428.248319869665,23364.84137964941,177768.98280748844,180,0,Semiurban,35.81409609816598,Rejected,47793.08969951907,3.7195541013385727
LN03186,Male,Yes,0,Not Graduate,Salaried,36064.22707147377,0.0,209871.15999024536,120,1,Urban,41.1333071340984,Approved,36064.22707147377,5.819372187689283
LN05335,Male,No,0,Graduate,Salaried,50040.76306364316,5255.474523897039,154002.06346076302,60,0,Rural,24.89415392706691,Rejected,55296.23758754019,2.7850369243831525
LN01535,Female,Yes,0,Not Graduate,Self-Employed,28105.938654664093,4242.633515583886,195194.57003180007,300,1,Urban,43.15748914715493,Approved,32348.57217024798,6.03410156728113
LN05686,Female,No,0,Not Graduate,Salaried,85102.91576749808,26138.623979822205,121558.57062217046,300,1,Semiurban,33.43561151495806,Approved,111241.53974732029,1.092744409132459
LN00089,Female,Yes,0,Graduate,Salaried,70265.34866226712,14596.660897859563,48997.17927383873,180,1,Semiurban,40.46024160692944,Approved,84862.00956012668,0.5773747231277042
LN03158,Male,Yes,1,Graduate,Salaried,86572.81656496463,28978.443070314985,97092.45037646568,60,1,Urban,45.70672422341384,Approved,115551.25963527961,0.8402543657500886
LN00885,Female,Yes,1,Graduate,Self-Employed,96934.14651472066,6851.318510906559,138862.58934239895,360,1,Semiurban,32.09053967946045,Approved,103785.46502562721,1.3379772332099713
LN03383,Male,Yes,0,Graduate,Salaried,80539.72526639464,4946.848740027644,93936.02042591076,360,1,Rural,38.10241288931407,Approved,85486.57400642229,1.0988394554079766
LN00141,Male,nan,0,Not Graduate,Salaried,86142.85508564857,14540.711712598391,94561.75522975024,60,0,Semiurban,27.36871008514949,Rejected,100683.56679824696,0.9391975099495252
LN05674,Male,Yes,2,Graduate,Self-Employed,33620.63003394978,0.0,234415.59057264408,120,0,Urban,45.295006612642226,Rejected,33620.63003394978,6.9723735199469346
LN02352,Male,No,0,Graduate,Salaried,73671.38646400956,19287.61258880764,177835.89883167093,120,0,Urban,38.52601714097924,Rejected,92958.99905281719,1.913057376302305
LN05457,Female,No,2,Graduate,Salaried,54449.72762279533,23290.984400183355,51463.935907721505,240,0,Semiurban,31.426055650810824,Rejected,77740.7120229787,0.6619946559340714
LN00851,Male,Yes,0,Graduate,Salaried,48890.457616794905,7451.33803428079,237805.0794846767,60,0,Urban,42.2580444942343,Rejected,56341.79565107569,4.220757906925823
LN00251,Male,Yes,2,Graduate,Salaried,78357.23894109552,11421.72066558733,85141.78518171392,60,0,Urban,39.8329332782343,Rejected,89778.95960668285,0.9483489846030276
LN04693,Female,Yes,0,Graduate,Unemployed,70537.95847331587,14114.2893273121,134393.43162293563,120,1,Rural,27.385302437526057,Approved,84652.24780062797,1.5875943653552773
LN01698,Female,Yes,2,Graduate,Salaried,70278.1569931783,19448.958950098844,101911.87896133991,300,1,Semiurban,34.08825670212616,Approved,89727.11594327714,1.1357980014176052
LN00783,Male,No,3,Not Graduate,Self-Employed,72211.71490567646,12344.073667375886,115961.67767104866,300,1,Urban,50.90189887528604,Approved,84555.78857305234,1.3714221063749297
LN01350,Male,Yes,1,Graduate,Salaried,36597.739478812815,5845.229709097075,101377.46811564974,240,0,Urban,44.39370571273784,Rejected,42442.96918790989,2.3885573996205633
LN01194,Male,No,2,Graduate,Self-Employed,28140.125329366616,22474.44971427056,99826.72871003547,240,0,Semiurban,40.82111725502295,Rejected,50614.575043637175,1.9722921435963894
LN01347,Male,Yes,3,Graduate,Salaried,78686.39822478547,2123.947163469389,120927.84568286216,360,1,Semiurban,51.305269627747606,Approved,80810.34538825486,1.4964401538177072
LN03774,nan,No,0,Graduate,Self-Employed,24578.628938238173,11979.029589753944,215314.02378641017,120,0,Semiurban,28.118002740264217,Rejected,36557.65852799211,5.889710458932831
LN02426,Female,No,0,Graduate,Salaried,71441.14883428288,23304.98133985952,127983.71576619048,360,0,Rural,30.129317477169995,Rejected,94746.1301741424,1.350806787896854
LN05305,Male,Yes,0,Graduate,Salaried,81642.24625986282,9507.613466874249,192845.263525255,300,1,Urban,34.78525424942824,Approved,91149.85972673706,2.11569457268937
LN03453,Female,Yes,1,Graduate,Self-Employed,48787.8472630538,17299.243454179374,191749.47136892928,180,1,Urban,43.72800854687882,Approved,66087.09071723318,2.901466372447347
LN02202,Male,Yes,2,Graduate,Salaried,74395.15884296363,9596.236610129456,83582.41042435663,240,1,Urban,47.150827563733344,Approved,83991.3954530931,0.9951306318161498
LN03528,Female,Yes,1,Graduate,Salaried,23366.35505587947,16756.0354980437,105450.72790232848,240,1,Rural,40.06735837611196,Approved,40122.39055392317,2.6282264452963284
LN05883,Male,Yes,3,Not Graduate,Salaried,29990.469016739968,15803.623259630302,172183.78634440582,120,1,Semiurban,40.48378369187233,Approved,45794.09227637027,3.759956312820127
LN04092,Female,Yes,1,Graduate,Self-Employed,57730.38708235718,0.0,116430.97781775235,60,1,Urban,32.74468664199154,Approved,57730.38708235718,2.0168057707919735
LN01681,Female,No,0,Graduate,Salaried,59516.08787218168,6944.7331748947945,168365.96939245984,240,0,Semiurban,43.09281931499014,Rejected,66460.82104707648,2.533311607348342
LN03127,Male,Yes,2,Graduate,Salaried,86366.04649705338,6855.9717900680935,163326.08249891002,240,1,Semiurban,29.994102692078457,Approved,93222.01828712148,1.7520118690830078
LN02198,Male,Yes,0,Graduate,Salaried,47170.26181911381,37064.68979884672,155038.14114507995,300,0,Semiurban,29.251084456267744,Rejected,84234.95161796053,1.8405440754360547
LN03725,Female,Yes,0,Not Graduate,Salaried,71654.75166347729,12004.505888008078,107535.95190449542,180,1,Urban,32.694043435932635,Approved,83659.25755148537,1.285404090973625
LN04709,Male,Yes,1,Graduate,Self-Employed,59225.14210020914,9454.067595674482,193567.6837865509,360,1,Urban,38.91471154633854,Approved,68679.20969588362,2.818432021039296
LN00579,Male,No,2,Not Graduate,Self-Employed,82875.08086413858,0.0,92900.69646536594,120,1,Rural,31.897309519061924,Approved,82875.08086413858,1.1209726192323464
LN00051,Male,Yes,1,Not Graduate,Self-Employed,52298.35439167367,25200.365069020896,205524.9932823692,120,1,Urban,34.03871335912235,Approved,77498.71946069456,2.651979216077324
LN02076,Female,Yes,2,Not Graduate,Self-Employed,72315.42299542284,14173.022549816013,128324.40893982332,120,0,Urban,43.322997694376305,Rejected,86488.44554523885,1.4837173697693717
LN03023,Male,No,1,Not Graduate,Salaried,83078.01468511495,23810.588920574333,92929.21038863904,60,1,Urban,39.5121424224146,Approved,106888.60360568928,0.8694024175996697
LN01818,Female,Yes,0,Graduate,Salaried,55777.39522344611,10513.043173805156,172095.44610821013,180,0,Urban,25.32557257747716,Rejected,66290.43839725127,2.596082485937309
LN02634,Female,No,3,Graduate,Salaried,93999.1474915276,3876.7253032941935,179814.98927306064,300,1,Urban,23.808398002787136,Approved,97875.8727948218,1.8371738012493504
LN02212,Male,Yes,0,Graduate,Salaried,77646.66124646818,7129.637210667011,208149.4797838669,180,0,Urban,24.150196982602708,Rejected,84776.2984571352,2.455279170853537
LN04103,Male,Yes,0,Not Graduate,Self-Employed,77723.82377169591,8264.603521027571,130688.14556443164,240,1,Rural,23.84269343343954,Approved,85988.42729272349,1.5198341181370896
LN03231,Male,Yes,1,Not Graduate,Self-Employed,19483.842537772463,21534.78981951741,134750.93500758347,240,0,Semiurban,39.86105294359686,Rejected,41018.63235728987,3.285115257716178
LN03438,Female,Yes,1,Graduate,Salaried,34233.84765072925,23268.386307091143,155040.1935229887,60,1,Urban,35.07517656343362,Approved,57502.2339578204,2.6962464386464586
LN04501,Female,Yes,0,Graduate,Salaried,32949.82621118556,28339.98185876925,196641.43520460988,120,0,Urban,23.040705838147932,Rejected,61289.80806995481,3.2083871918829927
LN03932,Female,Yes,0,Graduate,Salaried,77750.07934828119,21568.987063196473,129796.52748737633,240,1,Semiurban,40.58655756162507,Approved,99319.06641147766,1.3068641518399995
LN02245,Female,Yes,2,nan,Salaried,62087.11875046426,1503.9474428807207,166989.1511069615,60,1,Semiurban,41.54613711497563,Approved,63591.06619334498,2.6259844519549427
LN02963,Male,Yes,1,Graduate,Self-Employed,38868.84714479494,12715.274561904596,148104.2660933615,360,0,Rural,33.329063240977746,Rejected,51584.12170669954,2.871121213141181
LN03548,Female,Yes,0,Graduate,Salaried,37768.39500972898,8724.599972559274,105800.50505389992,300,0,Rural,24.173745256018975,Rejected,46492.99498228825,2.27562249096246
LN00334,Male,Yes,0,Graduate,Salaried,79502.39466835503,13854.405725274804,32204.053753383894,180,1,Urban,32.4832776715989,Approved,93356.80039362983,0.34495669964693143
LN05418,Female,Yes,3,Graduate,Salaried,48593.71864427068,11976.504336682494,54946.27855910071,180,1,Urban,34.33811672554324,Approved,60570.22298095317,0.9071500129094628
LN03542,Male,No,3,Graduate,Salaried,77588.34082274805,22831.55656013175,154941.20225082157,60,0,Rural,39.81298016414376,Rejected,100419.8973828798,1.5429332860206337
LN01300,Female,Yes,2,Not Graduate,Salaried,46638.190927139025,8389.749453725059,157854.9325321915,120,1,Urban,33.00729200034142,Approved,55027.940380864085,2.8686323972809533
LN00065,Male,Yes,1,Not Graduate,Self-Employed,87124.80057141646,12270.66679774487,158089.57703013602,120,0,Urban,27.971355714915937,Rejected,99395.46736916133,1.5905109278573126
LN04451,Male,Yes,1,nan,Salaried,50048.55003381572,7067.788027929656,246061.87085448063,120,1,Semiurban,23.665783249468134,Approved,57116.33806174538,4.308082051557235
LN02861,Female,No,1,Graduate,Salaried,69677.5330237608,16354.28834719957,131387.17399371476,300,1,Semiurban,34.35165961121493,Approved,86031.82137096037,1.5271927514725834
LN00029,Male,No,1,Graduate,Unemployed,54166.12500413446,9128.847293798524,197463.15871411545,360,1,Urban,42.15871640506475,Approved,63294.97229793298,3.11972896969834
LN04406,Male,Yes,0,Graduate,Salaried,57695.51534895605,16207.902325011102,84587.33722878143,180,1,Semiurban,43.93768720132793,Approved,73903.41767396715,1.144565973957355
LN00841,Male,Yes,3,nan,Unemployed,73496.38984333207,9349.395264488076,91639.52571928204,60,1,Urban,37.7493496801824,Approved,82845.78510782015,1.1061459022932456
LN00534,Male,Yes,2,Graduate,Salaried,46963.27784395682,8143.250824098698,114842.17688720932,60,0,Semiurban,30.30362552397199,Rejected,55106.52866805552,2.0840031056752393
LN05352,Male,Yes,1,Graduate,Salaried,63351.4021160198,30542.82441611026,171100.7179705347,360,1,Urban,34.34177146289057,Approved,93894.22653213007,1.8222709136645905
LN01709,Female,No,0,Graduate,Salaried,40509.41390658717,6223.82643137095,181454.2704507,360,0,Semiurban,36.15297359527148,Rejected,46733.24033795812,3.8827667231822027
LN03501,Male,Yes,3,Graduate,Salaried,47453.73108097394,28227.032199889793,204548.95138097325,180,1,Urban,39.74180999365248,Approved,75680.76328086373,2.7027865802814186
LN00010,Male,Yes,0,Graduate,Salaried,50731.64614375075,14412.795728953712,119424.20989808226,60,1,Semiurban,50.92380865856482,Approved,65144.44187270447,1.8332217832404367
LN02119,Male,nan,0,Graduate,Salaried,56179.44474799662,15105.457117410257,106491.8421110049,120,0,Rural,39.92093072208826,Rejected,71284.90186540688,1.4938905620165164
LN04638,Male,Yes,0,Graduate,Salaried,19653.224037551772,10396.076673433448,105880.53484606896,60,0,Urban,21.0,Rejected,30049.30071098522,3.5235606932896735
LN04825,Female,No,1,Not Graduate,Self-Employed,64824.80496813459,12216.897441234238,163241.2121232389,240,1,Semiurban,54.9968124352085,Approved,77041.70240936882,2.1188681846078676
LN03409,Male,Yes,2,Not Graduate,Salaried,100937.24391439116,28558.053394315015,200889.798451798,120,0,Semiurban,41.72821438664566,Rejected,129495.29730870618,1.5513289102143468
LN00824,Male,Yes,1,Graduate,Salaried,51089.949571984565,22492.825568794513,122719.29218356236,300,1,Semiurban,32.855779922655216,Approved,73582.77514077908,1.6677720016508613
LN00053,Female,No,0,Graduate,Salaried,72233.52577681736,23544.0200112072,116992.6066331762,120,0,Semiurban,33.0419117884296,Rejected,95777.54578802457,1.2215034919782235
LN04280,Female,Yes,2,Graduate,Salaried,101863.9586441989,18456.20344651446,88132.3154980416,240,0,Urban,38.762705908858266,Rejected,120320.16209071336,0.7324816885768133
LN01414,Female,No,0,Graduate,Salaried,47129.63539239714,37887.90660880289,143642.19852716348,60,1,Semiurban,38.760474119912736,Approved,85017.54200120002,1.6895595326095874
LN02308,Male,No,0,Graduate,Self-Employed,70690.112969611,8588.350706031495,106791.39604130176,180,0,Semiurban,36.241289099780374,Rejected,79278.4636756425,1.3470416944281973
LN03712,Female,Yes,0,Not Graduate,Self-Employed,65620.18500563613,2152.7223358253286,157014.6712850272,300,0,Rural,36.52635480037422,Rejected,67772.90734146145,2.3167763851997285
LN03138,Female,Yes,1,Graduate,Salaried,69469.43798070456,8889.988759103708,165298.00122189184,300,0,Urban,35.02976785734024,Rejected,78359.42673980827,2.1094845648981364
LN01511,Male,Yes,2,Graduate,Salaried,56126.81081440564,39048.37542253973,126344.62933197388,240,0,Semiurban,52.89010414863346,Rejected,95175.18623694536,1.3274954778384145
LN01639,Male,Yes,2,Graduate,Self-Employed,38649.34171491454,0.0,155364.29330482893,300,1,Urban,33.090072601717615,Approved,38649.34171491454,4.019843195540762
LN04144,Male,Yes,0,Not Graduate,Salaried,29621.783498198645,17262.380886674215,217138.84822115017,120,0,Rural,40.38959643361958,Rejected,46884.164384872856,4.6313899601292645
LN00086,Female,Yes,2,Graduate,Salaried,78308.04235404148,11896.090086224343,189519.55382677348,240,1,Rural,31.104128922903076,Approved,90204.13244026582,2.1010074450000995
LN00161,Male,No,0,Graduate,Salaried,75741.69207484904,23715.24386087934,185257.43294690884,240,1,Urban,38.34620090067828,Approved,99456.93593572838,1.8626899291028525
LN00608,Male,Yes,0,Graduate,Salaried,24425.59502191443,7128.2593001300365,47447.379607307244,120,1,Urban,26.07286685650149,Approved,31553.854322044466,1.503695210196844
LN00550,Male,Yes,1,Graduate,Self-Employed,61731.795749458,14837.768824040588,175404.38572103932,300,0,Urban,41.89431395634175,Rejected,76569.56457349859,2.2907846831578866
LN04786,Female,Yes,2,Graduate,Salaried,74619.17952752432,25574.27287114136,113626.75967728604,240,0,Rural,38.73737040841944,Rejected,100193.45239866569,1.1340737039898552
LN00745,Male,Yes,0,Graduate,Salaried,45485.12373693069,5778.110945683726,149252.7960289463,180,1,Semiurban,37.07317676620123,Approved,51263.23468261442,2.9114978200851684
LN04687,Male,Yes,0,Graduate,Self-Employed,40998.730050677455,12404.0327819073,175850.01512569675,300,1,Semiurban,31.96141044353307,Approved,53402.762832584755,3.292901074743616
LN01880,Male,Yes,2,Graduate,Salaried,79297.03266194915,1799.2281226269845,92268.1525557636,300,1,Urban,34.8018732073065,Approved,81096.26078457614,1.1377608740909084
LN01706,Male,Yes,0,Graduate,Salaried,73451.47402405462,30758.758095019693,76339.66850623667,180,0,Urban,42.60165624635544,Rejected,104210.23211907432,0.7325544426290909
LN02396,Male,No,0,Graduate,Self-Employed,41562.80373749374,24252.818927168315,222539.97331543695,300,1,Rural,53.36157468687194,Approved,65815.62266466205,3.3812636621141303
LN02201,Female,Yes,1,Not Graduate,Salaried,56181.924165454024,27368.324661272665,159073.89409395278,240,1,Urban,33.02159818948194,Approved,83550.24882672669,1.9039308239985397
LN04952,Female,Yes,0,Graduate,Salaried,75798.39444361704,23437.900258815756,145592.25655648045,300,0,Urban,31.742521778420983,Rejected,99236.2947024328,1.4671270928952895
LN04510,Male,Yes,0,Graduate,Salaried,36260.1322338851,5378.5877180961525,93702.4551932303,60,1,Urban,32.886150898902,Approved,41638.71995198126,2.250368294253285
LN00876,Female,Yes,2,Graduate,Salaried,49647.77401927657,20510.170602262995,39286.590705772425,60,0,Urban,26.184435725483016,Rejected,70157.94462153956,0.5599735128744185
LN01429,Male,Yes,0,nan,Salaried,54463.73400222159,0.0,148662.68494135374,240,0,Urban,33.48290522104745,Rejected,54463.73400222159,2.729572029256932
LN04087,Male,No,0,Graduate,Salaried,61596.02968117466,1182.308114322961,162053.94882029065,120,1,Urban,38.45968965836645,Approved,62778.33779549762,2.581367307751703
LN00172,Male,Yes,1,Graduate,Salaried,58457.96581171791,11185.105851759072,48204.8714947612,300,1,Rural,38.4445450810112,Approved,69643.07166347699,0.6921703816812168
LN01494,Female,Yes,0,Not Graduate,Salaried,90842.19905135751,4407.882916270979,163991.07979721387,180,0,Rural,23.651711565113832,Rejected,95250.08196762849,1.7216896448755556
LN02598,Male,Yes,0,Not Graduate,Salaried,84001.57912853723,4314.792459175611,69118.92706869249,180,1,Urban,48.02739958104863,Approved,88316.37158771284,0.7826286998220472
LN04149,Female,No,1,Graduate,Salaried,64870.604083726896,11067.9899631781,94443.8116792112,240,1,Urban,51.091595415393016,Approved,75938.594046905,1.243686597896138
LN00127,Male,Yes,0,Graduate,Salaried,48674.04540794456,29980.976334877843,189299.6406351566,300,0,Semiurban,21.0,Rejected,78655.0217428224,2.406707625790352
LN05185,Male,Yes,0,Graduate,Salaried,20899.02459363434,4585.470482251814,107361.60687150346,240,1,Urban,37.19037034580506,Approved,25484.495075886156,4.212820640621237
LN01468,Male,Yes,0,Graduate,Self-Employed,,10786.431922295582,181986.87533494475,120,0,Semiurban,31.842371385736907,Rejected,10786.431922295582,16.87183274747022
LN02414,Male,Yes,3,Graduate,Self-Employed,80353.22933687005,9217.87901780246,127776.02350611475,60,1,Urban,36.45093801374096,Approved,89571.10835467251,1.4265316780514
LN02478,Male,No,0,Not Graduate,Unemployed,33227.88400553502,37143.299425565965,114709.79724421752,360,0,Urban,39.093710919033064,Rejected,70371.18343110099,1.6300677585808625
LN02868,Male,No,2,Not Graduate,Salaried,70696.3467269182,15445.521655711513,192747.2325528075,360,1,Semiurban,41.88527366973996,Approved,86141.8683826297,2.2375557457919557
LN00211,Female,No,1,Graduate,Salaried,82711.31280361197,16258.865305766578,149683.2929767372,180,1,Urban,34.45299715971052,Approved,98970.17810937855,1.512408038826728
LN04909,Male,Yes,0,Graduate,Unemployed,43529.30058748301,8030.585398619033,298992.72583685734,360,1,Rural,29.337440418824123,Rejected,51559.88598610205,5.7989407873681245
LN03392,Male,Yes,2,Graduate,Salaried,58520.54272811244,12819.94368878876,192191.43872428124,120,0,Urban,32.099362615544976,Rejected,71340.4864169012,2.6940023593496183
LN00840,Male,Yes,3,Graduate,Salaried,59010.72580695134,8637.762873480702,107844.88476685654,180,1,Rural,35.24527107134722,Approved,67648.48868043204,1.5941950348116452
LN05476,Male,No,1,Graduate,Salaried,56333.98580947606,26711.190647375704,51189.19678048442,300,0,Urban,37.63718589325784,Rejected,83045.17645685177,0.6164018063960772
LN00604,Male,Yes,1,Graduate,Self-Employed,68268.69806447401,14403.456880078083,192918.66159860636,240,0,Urban,34.18329358390665,Rejected,82672.1549445521,2.333538562385318
LN04184,Female,No,0,Not Graduate,Salaried,50424.82856956623,8707.662366125805,168307.3262982841,120,0,Urban,27.974154562706023,Rejected,59132.49093569203,2.8462749266105205
LN03319,Female,Yes,0,Not Graduate,Salaried,106400.8144403452,4018.136162218502,147375.8658844643,120,0,Semiurban,30.286185137235744,Rejected,110418.95060256371,1.3346972152898047
LN01501,Male,Yes,2,Graduate,Salaried,48976.28567342933,16218.44464132454,161827.10968074316,300,1,Semiurban,29.29162759902644,Approved,65194.73031475387,2.482211505430845
LN01871,Female,Yes,2,Graduate,Salaried,55701.57939422529,34025.5820522956,159639.93962531345,300,0,Urban,21.43799743097259,Rejected,89727.16144652088,1.7791707332730227
LN02388,Male,Yes,0,Not Graduate,Salaried,77803.96822249574,9107.462692049325,155148.26212323052,120,1,Urban,21.0,Approved,86911.43091454505,1.7851306840843384
LN05475,Female,Yes,2,Graduate,Salaried,92734.7992366128,29238.989372468513,279363.5727922655,120,1,Urban,44.12268061964249,Approved,121973.78860908131,2.2903574282472197
LN00244,Male,No,1,Graduate,Salaried,35994.071858884476,8950.932360718252,228113.25553275348,180,1,Urban,33.64164626800977,Approved,44945.00421960273,5.0753862302066945
LN04751,Male,Yes,0,Not Graduate,Salaried,54874.38351496855,25995.844643276698,206746.2140799599,300,0,Urban,35.44477595944825,Rejected,80870.22815824524,2.556518248908647
LN03849,Male,Yes,2,Graduate,Unemployed,31336.96370950576,21856.56392513711,244081.06446788856,120,0,Rural,42.79190562288764,Rejected,53193.52763464287,4.588548180980727
LN00755,Female,Yes,0,nan,Self-Employed,112647.6412967478,0.0,130046.47303784534,120,0,Semiurban,25.261270523551957,Rejected,112647.6412967478,1.1544535823458904
LN00907,Male,No,0,Graduate,Salaried,74925.07132054442,11420.095655866642,89362.96925625975,180,0,Urban,33.85638628049941,Rejected,86345.16697641106,1.034950448131893
LN01314,Male,Yes,0,Graduate,nan,60207.05239686761,3820.7239196326022,184124.46046303184,120,0,Urban,46.5893238385428,Rejected,64027.77631650022,2.8756966281770153
LN02356,Female,Yes,1,Not Graduate,Salaried,52614.457215075934,14432.114041137227,152156.27154765246,120,0,Semiurban,41.051780919866985,Rejected,67046.57125621317,2.269411674553786
LN04824,Female,Yes,2,Graduate,Salaried,58747.03555756357,3847.534636231859,225536.58257696067,120,1,Urban,28.44866006838536,Approved,62594.57019379543,3.6031333369442415
LN04294,Male,Yes,1,Graduate,Salaried,84132.1630972783,16031.17582445637,77655.85166196484,300,1,Rural,40.88799167819394,Approved,100163.33892173467,0.7752921627607017
LN02768,Female,Yes,1,Graduate,Self-Employed,49671.407122248565,15524.57386889444,33202.31905992821,360,1,Semiurban,31.547228967346314,Approved,65195.980991143006,0.5092694143898042
LN05380,Male,Yes,2,Graduate,Salaried,48271.69702222453,19788.47573217735,303566.8350803001,300,0,Semiurban,54.852818628711546,Rejected,68060.17275440188,4.460271298101672
LN05271,Male,Yes,0,Graduate,Salaried,111758.17947061369,10007.980017240698,165137.18962525213,60,1,Urban,38.381450299779544,Approved,121766.15948785438,1.3561829519779163
LN01512,Male,Yes,0,Not Graduate,Salaried,45663.5535879439,17172.07937528401,63163.65911177803,60,1,Semiurban,35.77068980548014,Approved,62835.63296322791,1.0052203842482512
LN05091,Male,Yes,2,Graduate,Salaried,45884.5303380927,18298.230608685102,176366.50397403358,300,1,Urban,40.81789947868294,Approved,64182.7609467778,2.747879670060965
LN00237,Male,No,3,Graduate,Salaried,63729.08629538855,15525.263682153163,111844.68232772622,360,1,Urban,36.933699005340735,Approved,79254.34997754171,1.411211906468473
LN04100,Female,Yes,0,Graduate,Salaried,29995.56277106128,29056.475975079637,133862.7723638329,240,1,Rural,48.657402917457006,Approved,59052.03874614091,2.2668611483389456
LN02684,Female,No,0,Graduate,Self-Employed,66701.16058168234,23715.559662881416,112638.90838897576,120,0,Urban,23.848159677544928,Rejected,90416.72024456377,1.2457752071110773
LN04845,Female,Yes,1,Not Graduate,Self-Employed,70619.5132392818,12928.383109059598,166328.15079315274,60,1,Urban,37.63292182398462,Approved,83547.8963483414,1.990811954135512
LN03795,Female,Yes,0,Graduate,Salaried,53487.77895702993,27450.410082232564,139117.2439430942,120,1,Semiurban,34.912298064523554,Approved,80938.18903926249,1.7188084585832466
LN05869,Male,Yes,3,Graduate,Self-Employed,52269.167682044805,19522.74377648579,160340.81808957018,180,1,Urban,26.857013947845395,Approved,71791.9114585306,2.233410628468757
LN02532,Male,Yes,3,Graduate,Self-Employed,71110.25292684496,19800.636179041037,194979.9368989703,180,0,Urban,57.321703613044875,Rejected,90910.88910588599,2.144736882639798
LN05716,Female,No,1,Not Graduate,Salaried,69009.9144755607,18710.53738215363,208047.6345371281,180,1,Urban,36.641860482832726,Approved,87720.45185771433,2.3717118429187836
LN01432,Male,Yes,3,Not Graduate,Salaried,77209.46976719491,19612.72084317831,167369.49208542777,240,1,Urban,40.50358690869321,Approved,96822.19061037322,1.7286274048368448
LN04493,Male,Yes,3,Graduate,Salaried,50827.22727797831,8157.578194847564,129555.19125052524,240,1,Semiurban,33.27687755306275,Approved,58984.80547282587,2.1964163518384567
LN03317,Male,No,1,Not Graduate,Salaried,40353.92839245371,5027.350420315846,137685.49286956,180,0,Rural,43.89135619690902,Rejected,45381.27881276955,3.033971198511434
LN01586,Male,No,1,Graduate,Salaried,63528.8311055445,4607.798360092338,119633.84772645425,300,0,Urban,46.711575052329266,Rejected,68136.62946563684,1.755793450082365
LN04327,Male,No,0,Graduate,Self-Employed,78010.66154663183,19981.119956445415,140475.71510974472,60,1,Semiurban,30.35751396001926,Approved,97991.78150307725,1.4335458847161926
LN02534,Female,Yes,2,Graduate,Salaried,51652.66372789831,27663.302679562887,138456.79444010323,180,0,Rural,21.0,Rejected,79315.9664074612,1.7456358500232394
LN03844,Male,Yes,1,Graduate,Self-Employed,92175.61711468748,10690.03799780187,200931.22550169055,300,1,Urban,28.773395376290985,Approved,102865.65511248936,1.9533363714250496
LN03874,Female,Yes,1,Not Graduate,Salaried,45212.57185081927,18188.08339628256,197870.4922616095,240,1,Semiurban,38.181333066220205,Approved,63400.65524710184,3.12095342690728
LN00941,Female,Yes,2,Graduate,Salaried,77449.14656560289,24647.698943024458,169602.22519342529,360,1,Rural,22.93162937441608,Approved,102096.84550862735,1.6611896709295844
LN03045,Male,No,0,Graduate,Salaried,19001.17442845044,155.60931806573717,149679.9623698431,120,0,Semiurban,50.70042411304932,Rejected,19156.783746516176,7.813418178668101
LN03223,Male,Yes,3,Graduate,Self-Employed,73904.05800167998,0.0,92971.07552557228,360,0,Urban,33.847577124134475,Rejected,73904.05800167998,1.257996895427026
LN03617,Male,Yes,1,Graduate,Salaried,54316.89804142406,3281.6869952747493,194520.40025934207,240,1,Semiurban,45.260158000244594,Approved,57598.58503669881,3.3771732436726327
LN05720,Male,No,2,Graduate,Self-Employed,51322.530740416216,12862.29751937651,93706.4586427438,120,1,Rural,35.188764878688694,Approved,64184.828259792725,1.459947174174248
LN05961,Male,Yes,2,Not Graduate,Salaried,102105.94858916623,15375.668587072523,118148.71950635697,60,1,Semiurban,34.48703761106391,Approved,117481.61717623875,1.00567835501547
LN03567,Male,No,1,Not Graduate,Salaried,81486.36025431124,20168.25265824451,223268.97137492592,360,0,Urban,30.34699402877081,Rejected,101654.61291255575,2.196348645456788
LN04475,Female,No,2,Graduate,Self-Employed,70281.25104849551,3263.696074532021,141745.86688145073,360,1,Rural,29.867745923993585,Approved,73544.94712302754,1.9273365802321571
LN04113,Female,No,2,nan,Salaried,29390.771805132463,15891.981966125712,144517.25754412703,300,0,Urban,29.191607350731168,Rejected,45282.753771258176,3.1914414541603007
LN05981,Male,Yes,2,Graduate,Self-Employed,92465.13381056108,12154.89695660778,214587.39253663155,240,0,Urban,59.12772976198747,Rejected,104620.03076716885,2.05111192343457
LN02887,Male,No,1,Graduate,Salaried,87766.75556416895,13716.017340823912,94228.99982348968,180,1,Rural,40.85131198878234,Approved,101482.77290499286,0.9285221237668181
LN00286,Male,No,3,Graduate,Salaried,56964.29809928833,4598.012890445269,162290.96109081944,360,1,Urban,31.695852171077004,Approved,61562.310989733596,2.636206446471508
LN00457,Female,Yes,1,Graduate,Salaried,39295.153551612515,24959.736788464455,134592.61852734312,240,0,Urban,33.978783226965874,Rejected,64254.89034007697,2.094667313491549
LN05265,Female,No,0,Graduate,Self-Employed,43627.89946679843,28662.14785205788,205876.02743873035,180,1,Rural,47.14677266563694,Approved,72290.0473188563,2.847916623026323
LN00268,Male,Yes,1,Not Graduate,Self-Employed,51199.11026606032,24671.781224389495,105733.67838909698,60,1,Rural,38.01666842725743,Approved,75870.89149044981,1.3936000528266645
LN05655,Female,Yes,2,Graduate,Salaried,43884.00690231591,8099.874001854148,168235.58866042428,180,1,Semiurban,31.31652686017631,Approved,51983.88090417006,3.2363029795824403
LN04233,Female,No,0,Graduate,Salaried,70089.66512766034,3959.743665276146,143793.58125911478,60,1,Semiurban,34.6029634163556,Approved,74049.40879293648,1.9418599500396168
LN04181,Male,No,2,Graduate,Salaried,49815.73274801731,17239.949689010486,175293.2179058078,180,1,Urban,43.7591811962089,Approved,67055.6824370278,2.614144119261275
LN04090,Female,Yes,1,Not Graduate,Self-Employed,38027.591496443754,10611.500095218284,157205.8181389841,240,0,Urban,24.78028248528984,Rejected,48639.091591662036,3.232087874065747
LN02213,Male,No,0,Graduate,Self-Employed,50958.1933433384,5217.3435073376,142345.97477592988,180,0,Rural,32.708237673898466,Rejected,56175.536850676,2.533949522446209
LN04876,Male,Yes,1,Graduate,nan,33198.5585775213,21672.18939304528,91093.60523249728,360,0,Semiurban,35.56921449484505,Rejected,54870.747970566576,1.6601487787511324
LN04609,Male,Yes,2,Graduate,Salaried,43222.14651948528,8280.826895350094,79238.30345667637,120,1,Semiurban,31.159698382432794,Approved,51502.973414835375,1.5385190058532012
LN00156,Male,No,2,Not Graduate,Salaried,97315.49022289514,13414.623075835432,155303.62881934192,360,0,Urban,47.26496994137635,Rejected,110730.11329873058,1.4025419481000598
LN00224,Male,Yes,2,Not Graduate,Salaried,50561.36268421133,20207.561203587113,119651.82770636825,60,0,Semiurban,39.09976414925624,Rejected,70768.92388779845,1.6907396796943226
LN01656,Male,Yes,0,Graduate,Salaried,63369.21952539229,30199.520059142993,252740.4909319324,60,1,Urban,41.70750517157619,Approved,93568.73958453529,2.7011210373694556
LN05142,Male,Yes,2,Graduate,Salaried,80677.62109848417,1747.1862804755892,117161.48208241418,180,1,Urban,30.770222921658497,Approved,82424.80737895977,1.4214347088947095
LN05947,Female,Yes,1,Not Graduate,Salaried,83318.33040510445,490.8707140598744,128452.80997573864,60,1,Semiurban,26.195956745534833,Approved,83809.20111916433,1.5326814748311188
LN04373,Male,Yes,1,Graduate,Self-Employed,62706.766957845815,9346.500474989058,207091.54638681168,60,0,Urban,27.72630537540634,Rejected,72053.26743283487,2.874145111876488
LN05616,nan,Yes,0,Graduate,Salaried,56632.30155054295,11505.750493642923,159433.52237549992,240,1,Rural,32.833387108839105,Approved,68138.05204418587,2.3398602923387237
LN02399,Male,Yes,1,Graduate,Salaried,61386.88674072501,14623.12879257762,162305.88531882918,360,0,Rural,24.147330484769633,Rejected,76010.01553330262,2.1353223542983932
LN03229,Male,Yes,0,nan,Salaried,59219.60961244912,15195.458447981817,146253.12141381382,240,0,Urban,23.272266389245615,Rejected,74415.06806043095,1.9653697191413528
LN01788,Male,No,0,Graduate,Salaried,66383.4902083836,14421.633876224065,190915.6868159981,180,1,Urban,32.05039137587146,Approved,80805.12408460767,2.362668073080344
LN01216,Male,Yes,1,Not Graduate,Self-Employed,46530.18751512263,9086.052701619526,172194.64195214433,300,1,Semiurban,31.78605772044705,Rejected,55616.24021674215,3.0961215875270294
LN00218,Female,Yes,1,Not Graduate,Salaried,50292.72904341793,12344.394874814589,152601.032521981,300,1,Rural,27.177303800762736,Approved,62637.12391823252,2.43627138310483
LN03746,Male,Yes,1,Graduate,Salaried,16458.699071142903,13820.189053926222,224122.20143773183,240,0,Semiurban,25.93088685487345,Rejected,30278.888125069127,7.401929704683307
LN00406,Female,Yes,1,Graduate,Self-Employed,38647.59141234811,14177.463003285467,193034.2710684315,300,1,Semiurban,30.11683501725178,Approved,52825.05441563358,3.6542181206216227
LN04285,Male,Yes,0,Graduate,Salaried,64064.71909172062,18140.226024861146,93119.98975178823,360,1,Urban,34.093083932537674,Approved,82204.94511658176,1.132778443191306
LN05502,Female,No,2,Graduate,Salaried,63308.073205994086,20918.01191145016,226942.3645234672,120,0,Urban,22.884988873082698,Rejected,84226.08511744425,2.694442751399645
LN04894,Male,Yes,2,Graduate,Self-Employed,38715.59986365303,11639.333034942596,210563.27482465064,240,0,Semiurban,25.758837113292287,Rejected,50354.93289859562,4.181581876966877
LN02706,Female,Yes,1,Not Graduate,Salaried,62897.75666193783,17047.978772819173,176257.23293941357,120,1,Urban,29.68093337502841,Approved,79945.73543475699,2.204710882711881
LN00462,Male,Yes,0,Graduate,Salaried,46005.489840148286,13316.995768283574,101716.60430763844,180,0,Semiurban,33.29034333215546,Rejected,59322.48560843186,1.7146382735719496
LN03068,Male,Yes,3,Graduate,Self-Employed,64505.28234495099,29916.738588018077,131583.3644980412,60,0,Urban,49.17581529980702,Rejected,94422.02093296907,1.3935664922005138
LN04369,Male,Yes,2,Graduate,Salaried,64465.41671840522,32648.25883791736,151080.27737958424,300,0,Semiurban,38.31814096093393,Rejected,97113.67555632259,1.55570548137644
LN04815,Male,Yes,1,Graduate,Salaried,55044.95163520581,11609.11705473173,127403.19309970048,360,1,Urban,28.609735610261893,Approved,66654.06868993754,1.91140909480495
LN05776,Male,Yes,1,Graduate,Self-Employed,69041.35676519343,688.8585722874504,176243.24958625645,240,0,Semiurban,31.341665368870444,Rejected,69730.21533748088,2.52750186892831
LN05098,Male,Yes,2,Graduate,Self-Employed,44662.719239908954,20615.73470571105,147717.85733331024,180,0,Semiurban,49.38089826453768,Rejected,65278.45394562,2.2628884173078934
LN00025,Male,No,0,Not Graduate,Salaried,62218.451794197324,16165.785120124638,174563.70103631413,120,0,Rural,39.088301489956905,Rejected,78384.23691432195,2.2270255845843256
LN00084,Male,No,0,Graduate,Salaried,43830.12794213625,14048.88352299234,109762.4093140431,60,0,Urban,21.0,Rejected,57879.01146512859,1.8964112643868087
LN05846,Female,Yes,0,Graduate,Salaried,118545.4018494666,25329.74234914031,118972.95622771696,120,0,Rural,52.49850848069458,Rejected,143875.1441986069,0.8269180676787738
LN05604,Female,Yes,0,Not Graduate,Unemployed,68375.19920254993,9557.255670754615,20000.0,60,1,Rural,36.58893149478445,Approved,77932.45487330455,0.2566324906935649
LN05543,Male,Yes,1,Graduate,nan,56047.59064408069,24137.11652342591,145766.4551250168,180,1,Semiurban,28.56497028051262,Approved,80184.7071675066,1.8178834876893586
LN04245,Female,Yes,0,Graduate,Self-Employed,29137.635441142593,9801.658542747738,192600.75174542473,180,0,Rural,50.506151859524024,Rejected,38939.29398389033,4.9461798620464466
LN03472,Female,No,2,Graduate,Unemployed,61045.169809949664,0.0,204169.6071791676,300,1,Urban,39.144689783946745,Approved,61045.169809949664,3.3445661272595935
LN03345,Male,Yes,2,Graduate,Salaried,92569.37109544643,13382.32718834331,186851.1427778157,240,1,Rural,24.38420574101899,Approved,105951.69828378974,1.763550238499606
LN01992,Female,Yes,2,Graduate,Self-Employed,83778.26742949286,31389.605275998332,179766.1643946332,300,1,Urban,31.789895972489767,Approved,115167.87270549119,1.560905486674514
LN02186,Female,Yes,2,Graduate,Unemployed,31520.8569509971,20574.085568511855,172061.99110851355,60,1,Urban,26.47566377690905,Approved,52094.94251950896,3.3028540350932976
LN00441,Female,Yes,1,Graduate,Salaried,59346.10503811814,13717.365195161692,117658.18479161884,180,0,Urban,43.25559476190123,Rejected,73063.47023327983,1.6103558237236104
LN05280,Male,No,2,Graduate,Self-Employed,47178.37466923289,36353.21123975958,162276.4086028084,240,1,Semiurban,33.407448436853215,Approved,83531.58590899248,1.9426951713763494
LN00524,Male,Yes,1,Graduate,Salaried,44734.81686914966,26196.877785533812,111392.55181440288,120,1,Semiurban,28.03551607950542,Approved,70931.69465468347,1.5704199985168106
LN04801,Female,No,0,Graduate,Salaried,58852.09269851928,20125.43628399402,150720.82813177744,60,0,Urban,34.502977382429144,Rejected,78977.5289825133,1.9084014158653797
LN01831,Male,Yes,1,Graduate,Salaried,64664.32262527003,22445.8639847313,163723.00888069207,300,0,Urban,21.456730599005784,Rejected,87110.18661000133,1.8794932630978274
LN04047,Male,Yes,1,Not Graduate,Salaried,116293.08888945106,17096.86063574488,,300,0,Semiurban,32.659173192965945,Rejected,133389.94952519593,
LN01479,Male,Yes,0,Graduate,Salaried,51250.83399353179,11467.358645618418,160051.67518582853,360,1,Urban,32.742456149797086,Approved,62718.19263915021,2.5519178479311027
LN01911,Male,Yes,1,Not Graduate,Salaried,104626.00292385263,20647.89105907648,220841.70410694013,60,0,Urban,28.500740872450677,Rejected,125273.89398292912,1.7628709149652033
LN02676,Male,Yes,2,Graduate,Unemployed,66993.00094599387,17074.887978521816,129720.63216261606,360,1,Urban,38.920579876035426,Approved,84067.88892451569,1.5430461478471504
LN01791,Male,Yes,0,Graduate,Salaried,62300.52158294834,7065.402701165286,172037.8377219382,120,0,Rural,29.008140983933973,Rejected,69365.92428411363,2.48014914379709
LN03521,Male,Yes,0,Graduate,Salaried,15000.0,34824.70450168928,103828.53971393035,360,0,Urban,43.23975719821653,Rejected,49824.70450168928,2.0838766782933975
LN01980,Male,nan,0,Not Graduate,Self-Employed,40566.86530917428,5710.735175392696,215752.40297621008,120,1,Rural,36.90926635258559,Rejected,46277.60048456698,4.662134611930903
LN03923,Female,Yes,1,Graduate,Salaried,27768.652817943443,25469.545344282094,209403.093812553,180,1,Urban,40.74323739397138,Approved,53238.19816222554,3.933324211583333
LN00186,Female,Yes,1,Graduate,Salaried,69464.75249147089,19168.01574483114,170460.62893032734,60,1,Urban,31.00036406686197,Approved,88632.76823630203,1.9232235698186217
LN03132,Male,Yes,2,Graduate,Salaried,25375.973931101493,17440.984435023867,116642.02249668368,360,1,Urban,43.442872207041354,Approved,42816.95836612536,2.724201506778796
LN01263,Male,No,0,Graduate,Salaried,41586.52813841267,28592.975993648055,158340.80297591386,180,1,Urban,25.56322579113725,Approved,70179.50413206073,2.2562257304918405
LN05028,Male,Yes,0,Graduate,Self-Employed,85761.51449704755,18651.69001048321,133896.9301760834,180,1,Semiurban,30.823416698866943,Approved,104413.20450753075,1.282375450572692
LN02668,Male,No,2,Not Graduate,Salaried,71045.99875359047,18849.664160476343,128108.8938569174,360,0,Urban,28.267059332556688,Rejected,89895.66291406681,1.4250842555038439
LN03536,Male,Yes,1,Graduate,Salaried,73578.93975524466,7017.939236418459,206097.52459576124,300,0,Rural,25.476376867532498,Rejected,80596.87899166312,2.557140266151991
LN04304,Female,Yes,2,Graduate,Salaried,33852.604355380725,17387.379252913564,125670.9376822631,300,1,Semiurban,41.91292578013335,Approved,51239.98360829429,2.4525951968087782
LN03743,Male,Yes,1,Graduate,Salaried,63361.1961193364,16879.417764327565,164483.49060690703,240,1,Urban,42.40390834193832,Approved,80240.61388366396,2.0498782679477223
LN02955,Male,No,2,nan,Self-Employed,94947.26395831116,25507.742904721137,163754.67384718772,240,0,Urban,38.46667655480703,Rejected,120455.0068630323,1.3594675564909549
LN05400,Male,Yes,0,Graduate,Self-Employed,,13408.50528462272,181436.52741298184,120,1,Urban,33.82267946868064,Approved,13408.50528462272,13.531450639845646
LN05297,Male,Yes,1,Graduate,Salaried,75176.48832327219,10302.702035104025,121480.16302016284,60,0,Urban,28.414224299190145,Rejected,85479.19035837622,1.4211665144563321
LN02258,Female,Yes,0,Graduate,Salaried,15000.0,11768.323342975153,200853.27719850768,120,0,Urban,28.219148829028157,Rejected,26768.323342975153,7.503394016316598
LN02289,Male,No,2,Graduate,Self-Employed,88447.39723397016,0.0,213924.2603725836,240,0,Semiurban,35.232907243595754,Rejected,88447.39723397016,2.418660888422631
LN05397,Male,Yes,2,Graduate,Salaried,74661.08562931998,6966.395672343061,113517.105885294,360,1,Rural,32.26123118174121,Approved,81627.48130166304,1.390672651846006
LN01243,Female,Yes,0,Graduate,Salaried,39704.86538614266,8568.166579729696,49249.57802464547,120,0,Rural,32.297088150952064,Rejected,48273.03196587235,1.0202296400081832
LN02378,Female,No,3,Not Graduate,Self-Employed,51730.69677753448,23096.57530148241,163384.8127179331,120,1,Semiurban,35.762314669314414,Approved,74827.2720790169,2.1834928386190566
LN00078,Female,Yes,1,Not Graduate,Salaried,61835.21553071005,1634.3149968508003,233821.1708922037,180,1,Semiurban,29.61000206785601,Approved,63469.53052756085,3.6839908685108327
LN05059,Female,Yes,0,Not Graduate,Self-Employed,51522.19915355295,23153.241668090144,108369.63901305756,300,0,Urban,47.10099418434241,Rejected,74675.4408216431,1.4512085609496517
LN05525,Male,Yes,0,Graduate,Salaried,47767.32526610882,18362.629511858955,222770.47410860143,120,1,Urban,24.640948278027334,Approved,66129.95477796777,3.368677248556367
LN03355,Male,Yes,1,Not Graduate,Self-Employed,56687.371793647355,19825.33709821185,129616.97107170326,60,1,Rural,26.01752174985339,Approved,76512.7088918592,1.6940580584449054
LN04926,Male,No,2,Graduate,Salaried,51029.14326944277,7287.305833225191,111387.34645584022,180,1,Urban,48.463136294669454,Approved,58316.44910266796,1.91005022030301
LN04565,Male,No,0,Graduate,Salaried,48587.19139599775,586.5825428463031,152021.44699167335,240,1,Urban,48.2980299680559,Approved,49173.77393884405,3.0915147407790555
LN01944,Female,Yes,0,Graduate,Salaried,72431.43779712102,19115.65719164282,106671.47227872518,180,1,Urban,26.189698079376868,Approved,91547.09498876384,1.1652087080624203
LN01074,Male,Yes,1,Graduate,Self-Employed,79925.3363889428,22318.980692343812,150349.24581279693,360,0,Urban,27.18634975981133,Rejected,102244.31708128662,1.4704899998820058
LN05528,Female,Yes,2,Graduate,Self-Employed,56414.97949286176,20960.81494132487,168192.02171463065,120,1,Urban,28.760586956153404,Approved,77375.79443418662,2.1737033260148224
LN04502,Female,Yes,0,Not Graduate,Salaried,28328.2322042484,22777.350472478545,115217.72749399018,60,1,Rural,43.223929383966585,Approved,51105.58267672695,2.2545037441958247
LN00405,Male,Yes,1,Not Graduate,nan,72456.99864694997,28369.690735559605,155191.4617516349,120,1,Urban,42.52403158989915,Approved,100826.68938250958,1.539190294772844
LN04535,Female,Yes,1,Not Graduate,Salaried,47248.24915848072,2865.366398470769,142470.8225812536,360,0,Urban,35.24238414872893,Rejected,50113.61555695149,2.842956370197297
LN03087,Female,Yes,3,Not Graduate,Unemployed,84379.41579587327,34920.94407497453,186610.90365454977,300,0,Semiurban,21.0,Rejected,119300.35987084781,1.5642107354627515
LN02102,Male,No,1,Graduate,Salaried,42606.73837450611,10194.255867975256,200241.08458789563,180,1,Rural,38.8846494020068,Approved,52800.99424248136,3.7923733721436337
LN04619,Male,Yes,1,Graduate,Salaried,57883.62485004604,0.0,88233.30103482601,240,1,Semiurban,41.304768307033704,Approved,57883.62485004604,1.5243223150485854
LN05322,Female,Yes,0,Not Graduate,Salaried,81683.96488087086,16426.8841220163,124406.57994532412,360,0,Rural,23.63582920255068,Rejected,98110.84900288716,1.2680206237096485
LN01768,Female,Yes,2,Graduate,Salaried,62464.09613568972,21938.234538591023,103851.1550812953,180,0,Rural,23.40378086151329,Rejected,84402.33067428073,1.2304299449036549
LN04172,Male,No,0,Not Graduate,Salaried,50316.52097502526,21400.266183843298,116977.63159962084,180,0,Urban,30.20840968434085,Rejected,71716.78715886857,1.6311052995233806
LN04194,Female,Yes,2,Not Graduate,Salaried,15000.0,11653.961454697044,241431.26312209124,180,1,Semiurban,34.07763493718247,Approved,26653.961454697044,9.057988004238878
LN02466,Male,Yes,0,Graduate,Salaried,44734.27791642837,21037.13240544196,238751.85105637327,300,0,Urban,21.853570884674824,Rejected,65771.41032187032,3.6300248069484295
LN01034,Male,No,2,Not Graduate,Salaried,50336.27075401252,31053.559623618065,253497.38695348392,240,1,Urban,26.3835987396404,Approved,81389.83037763058,3.1146076331319628
LN02885,Male,No,0,Graduate,Salaried,50005.39647696739,19289.67948548517,213584.83957612788,60,1,Urban,36.79978101808358,Approved,69295.07596245257,3.082251323194429
LN02412,nan,Yes,0,Graduate,Salaried,37549.10387511172,4421.633813897657,107076.2054413679,360,1,Semiurban,30.836637005899984,Approved,41970.73768900938,2.5512109468928226
LN03788,Male,Yes,0,Graduate,Salaried,63621.25485542165,0.0,89720.88244881223,300,0,Semiurban,26.14672915789528,Rejected,63621.25485542165,1.410234404409369
LN00737,Male,No,1,Graduate,Self-Employed,79653.81967891028,18319.18447707887,118501.49840721552,120,0,Urban,48.73866120932178,Rejected,97973.00415598915,1.209532150494657
LN03900,Male,Yes,0,Graduate,Salaried,48877.62506478439,24346.547073366237,177990.58809653803,180,1,Urban,28.849968966096597,Approved,73224.17213815064,2.430762723554274
LN03920,Female,Yes,1,Not Graduate,Salaried,97110.06629588526,4703.890289105993,156634.23095665383,120,0,Semiurban,21.55438348011908,Rejected,101813.95658499126,1.5384357529205757
LN02578,Male,No,1,Graduate,Salaried,65612.72808980272,0.0,184014.35828588784,360,0,Semiurban,47.55190932086072,Rejected,65612.72808980272,2.804552769609448
LN00059,Male,Yes,3,Not Graduate,Self-Employed,79510.90254244718,20980.99155047466,164196.39438023607,300,0,Rural,29.54668414534884,Rejected,100491.89409292184,1.6339267546137461
LN00637,Male,Yes,0,Graduate,Salaried,61466.35934376808,1878.3679880448217,192721.8875570278,360,1,Semiurban,31.256560302241777,Approved,63344.7273318129,3.0424298228881836
LN02323,Male,Yes,1,Graduate,Self-Employed,93489.84866695074,31414.286277223146,137134.17497053664,60,0,Urban,27.306041460843943,Rejected,124904.13494417389,1.0979154135435867
LN03429,Male,No,0,Not Graduate,Unemployed,82026.45915471524,35268.171160423924,209423.7483251762,120,1,Semiurban,40.59041100507567,Approved,117294.63031513916,1.7854504316396311
LN02404,Female,No,2,Graduate,Salaried,93469.04180597074,28523.625459261508,116221.57357043918,60,1,Urban,35.97059264689047,Approved,121992.66726523224,0.9526931099699153
LN02366,Male,No,3,Graduate,Unemployed,49283.97073895404,20686.446160127707,119337.30926749644,300,1,Urban,36.74043273718892,Approved,69970.41689908176,1.7055394916342501
LN05665,Male,Yes,2,Graduate,Salaried,31274.922701437645,7462.92355138254,230503.80615948245,60,0,Rural,28.66964358609322,Rejected,38737.846252820185,5.950351618804862
LN05605,Female,Yes,1,Not Graduate,Salaried,64411.67075474722,4222.560650696565,141852.18445970796,360,1,Rural,44.71656666256532,Approved,68634.23140544379,2.0667847742293914
LN02033,Male,No,1,Graduate,Self-Employed,70109.40318333254,22853.45603010283,64175.1211428067,120,0,Urban,41.7922834569553,Rejected,92962.85921343537,0.6903307588191291
LN03187,Male,Yes,1,Not Graduate,Salaried,77873.95378778221,18916.98016010473,184764.63633321927,360,1,Urban,31.719428450796133,Approved,96790.93394788695,1.9089043652858861
LN05570,Male,Yes,0,Graduate,Self-Employed,59944.27778666197,24937.402628679574,253041.32819513296,300,0,Semiurban,47.32926519404836,Rejected,84881.68041534154,2.9811064879601297
LN04352,Male,Yes,3,Graduate,Salaried,55018.56310693918,13662.206274787604,170854.02490043224,300,1,Urban,37.407040398601005,Approved,68680.76938172679,2.48765449831856
LN05508,Male,No,0,Graduate,Salaried,55457.87984438148,26850.06983583016,163919.28476604412,60,1,Urban,38.134645799035326,Approved,82307.94968021163,1.9915364846641705
LN02823,Male,Yes,1,Graduate,Salaried,31896.2030639285,8510.014795268424,174095.08160201693,180,0,Semiurban,30.25940088121341,Rejected,40406.21785919693,4.308621069378085
LN04520,Female,Yes,3,Graduate,Salaried,50245.89254102511,10887.395695165167,154035.68633632234,360,0,Urban,43.88599573071436,Rejected,61133.288236190274,2.519669574147572
LN01936,Female,Yes,3,Graduate,Salaried,65074.79322989147,0.0,98133.69008493288,300,1,Urban,22.948699751658467,Approved,65074.79322989147,1.508013859348786
LN03808,Male,No,3,Graduate,Salaried,73099.51168443379,0.0,194365.44812298732,120,1,Rural,41.332719431599955,Approved,73099.51168443379,2.6589158209708885
LN02703,Male,Yes,1,Not Graduate,Unemployed,80474.19092213962,21381.869988485734,188147.91283569855,360,0,Urban,22.040443097457526,Rejected,101856.06091062535,1.8471940810747713
LN00454,Male,No,1,Graduate,Self-Employed,49394.84763255119,0.0,128776.204120411,60,0,Rural,26.0274709492958,Rejected,49394.84763255119,2.6070776668525957
LN00739,Male,Yes,0,Graduate,Self-Employed,80287.4013003626,4720.762349892611,197018.4844311649,300,1,Semiurban,39.71051283810803,Approved,85008.16365025521,2.3176419295651187
LN02606,Male,Yes,1,Graduate,Self-Employed,47905.10670923574,786.5005468145282,121225.48934519391,300,1,Rural,40.88155153378731,Approved,48691.607256050265,2.4896588175394605
LN05596,Female,Yes,1,Graduate,Salaried,68188.77061284505,0.0,119746.81546390148,120,1,Urban,40.70422187353221,Approved,68188.77061284505,1.7561075582926582
LN03782,Female,Yes,1,Graduate,Salaried,39148.446106588475,3902.4987211172574,129786.08778939606,360,1,Semiurban,25.29590076739545,Approved,43050.94482770573,3.0147093939241802
LN05245,Male,No,0,Graduate,Unemployed,59733.90729242729,14206.238599796878,129575.02409218968,180,0,Urban,21.17616781120035,Rejected,73940.14589222417,1.7524312743588497
LN03689,Male,No,0,Graduate,Salaried,56965.711328455414,17932.84429004852,124334.34554971696,60,1,Urban,38.540256359597734,Approved,74898.55561850393,1.6600366258464905
LN03915,Male,Yes,0,Graduate,Salaried,58163.1047133009,17899.11174037663,175580.25451845102,180,0,Rural,33.67858191315773,Rejected,76062.21645367752,2.3083767829114046
LN00738,Female,Yes,1,Graduate,Salaried,93309.48888925152,44354.06206388468,263704.678457162,60,1,Urban,43.34118247174058,Approved,137663.5509531362,1.9155737058310593
LN05582,Female,No,1,Graduate,Self-Employed,92870.8301824106,10641.426450185932,156527.11462141792,240,0,Rural,41.25933097226911,Rejected,103512.25663259653,1.5121601993181428
LN04137,Male,Yes,0,Graduate,Self-Employed,66759.15056464236,0.0,140993.21977950743,240,1,Urban,48.821034762047766,Approved,66759.15056464236,2.1119684505719527
LN05455,Male,Yes,0,Graduate,Salaried,87989.72853944686,21095.0989621244,195080.97244623725,60,1,Semiurban,33.5591391959139,Approved,109084.82750157127,1.7883419437357344
LN04284,Male,Yes,2,Graduate,Salaried,44418.14521246599,16214.78579329058,147927.1018835107,360,1,Semiurban,42.326766933180735,Approved,60632.931005756574,2.4397155049203594
LN03428,Male,No,0,Graduate,Salaried,68883.96654581344,0.0,142246.89776507608,240,0,Urban,32.23063613887078,Rejected,68883.96654581344,2.0650218751626377
LN04515,Male,Yes,0,Graduate,Salaried,41743.78161406974,24661.396608610485,183805.08068249567,240,1,Rural,28.62606954520417,Approved,66405.17822268023,2.7679329474296677
LN00400,Male,No,0,Graduate,Salaried,28111.44682411266,18301.13790470944,187852.80009097085,240,0,Urban,47.187551439065544,Rejected,46412.5847288221,4.0474539650948325
LN00443,Female,Yes,1,Graduate,Salaried,58217.59920974423,24017.28697140274,78014.73516909823,120,1,Semiurban,26.122760946351093,Approved,82234.88618114697,0.9486817431381545
LN04599,Male,No,0,Graduate,Self-Employed,86203.83816161794,18588.48072678919,115703.2748025191,180,1,Rural,31.50320842294248,Approved,104792.31888840713,1.104119806011078
LN00243,Male,Yes,1,Graduate,Salaried,77315.10388340242,24289.320135322152,196025.4787532839,120,1,Rural,34.84111813249041,Approved,101604.42401872457,1.9293006249133264
LN05613,Male,No,0,Graduate,Self-Employed,61863.16675399485,5827.383578227125,250705.6861679872,120,1,Semiurban,42.96961791925763,Approved,67690.55033222197,3.703702879316769
LN04800,Male,Yes,0,Graduate,nan,70140.40544270714,9321.921578158945,257048.5148165177,180,0,Semiurban,32.10361502739926,Rejected,79462.32702086608,3.2348475617762755
LN03739,Male,Yes,1,Graduate,Self-Employed,33039.05776119666,19060.94018848667,20000.0,240,1,Semiurban,34.163603594238275,Approved,52099.997949683326,0.3838771744159265
LN04199,Female,No,2,Not Graduate,Self-Employed,71423.58812438417,18070.03060005362,158911.9871952528,300,0,Urban,47.03575485777071,Rejected,89493.6187244378,1.775679534029828
LN05548,Male,Yes,2,Not Graduate,Salaried,50160.86190261034,29519.266323147214,248482.83424755477,120,1,Urban,33.58973623911774,Approved,79680.12822575755,3.1185044474769024
LN03278,Male,Yes,0,Graduate,Self-Employed,61591.95724752072,10372.63352003662,158768.2620327667,120,1,Urban,41.35518003648665,Approved,71964.59076755734,2.2061997482287037
LN04452,Female,Yes,0,Graduate,Self-Employed,82993.44037757494,24156.53804258344,157692.71144367495,180,1,Urban,35.50282606697371,Approved,107149.97842015838,1.4717008231707478
LN00701,Male,No,2,Graduate,Self-Employed,80980.18451673779,13531.464787446992,175276.9438451604,120,0,Urban,35.251516285518925,Rejected,94511.64930418479,1.8545538580226584
LN00523,Male,Yes,1,Graduate,Salaried,71411.97337186319,23070.46416606687,122362.4606466839,240,1,Urban,21.0,Approved,94482.43753793006,1.2950815393343487
LN03613,Male,Yes,0,Not Graduate,Salaried,67916.39562191846,0.0,171391.8930268022,300,0,Semiurban,41.549958326677114,Rejected,67916.39562191846,2.523571686296753
LN05629,Female,Yes,1,Graduate,Salaried,67336.28086570885,33068.58884146511,131606.83531517582,360,1,Rural,40.71904347662902,Approved,100404.86970717396,1.310761476998087
LN02229,Male,No,0,Not Graduate,Salaried,80150.27379673845,22351.321130540913,180620.58264576877,180,0,Rural,29.617448143486115,Rejected,102501.59492727937,1.762124606684526
LN05241,Male,Yes,3,Graduate,Salaried,43151.34739747347,26378.57775969372,158012.96433208327,300,1,Urban,35.24999711831198,Approved,69529.92515716719,2.2725893056105955
LN01602,Male,Yes,1,Graduate,Salaried,47080.71641750929,19853.5990755319,240839.66183311865,60,0,Urban,31.224985926217197,Rejected,66934.31549304118,3.598149320854077
LN05916,Male,Yes,0,nan,Salaried,75957.01402764278,22738.77173442822,248997.4184145299,240,0,Urban,35.71565717913845,Rejected,98695.785762071,2.5228779171462876
LN01507,Male,Yes,2,Not Graduate,Self-Employed,79106.10417141022,7243.933953976089,141975.68898357186,300,0,Semiurban,21.01768864321899,Rejected,86350.0381253863,1.644187913124175
LN03003,Male,No,0,Graduate,Salaried,97753.7531468038,0.0,197343.07308230895,240,1,Urban,39.585281783908194,Approved,97753.7531468038,2.018777455899261
LN00511,Male,No,2,Not Graduate,Salaried,58995.23781101726,23822.86492599216,155875.88095790482,180,0,Urban,22.578226353241124,Rejected,82818.10273700941,1.8821474509370482
LN05171,Female,No,0,Graduate,Salaried,34528.289028068015,18343.747468732985,190830.1785178856,240,0,Urban,24.31827897645978,Rejected,52872.036496800996,3.609283681165406
LN04342,Female,Yes,2,Not Graduate,Unemployed,98966.85289579628,8487.125350168182,127680.0750592242,240,0,Urban,40.900294912369034,Rejected,107453.97824596446,1.1882303209562122
LN04404,Female,Yes,0,Not Graduate,Salaried,57496.51143233672,10784.176885597071,199426.3052323721,60,1,Semiurban,37.92645184025629,Approved,68280.68831793379,2.920683873363842
LN01287,Female,No,2,Not Graduate,Unemployed,70159.82653825087,25472.764085594627,162835.95863978702,360,1,Semiurban,47.90834100541369,Approved,95632.59062384549,1.7027245374986706
LN01638,Male,Yes,3,Graduate,Salaried,101250.4983848629,29355.709931636233,233898.2918484349,120,1,Urban,21.0,Approved,130606.20831649913,1.7908665664776606
LN00798,Male,Yes,0,Not Graduate,Self-Employed,60566.367522609224,12178.742230660888,37163.744735529064,300,0,Urban,25.233760559791687,Rejected,72745.10975327011,0.5108761930743866
LN02177,Female,Yes,0,Graduate,Salaried,63694.81157791449,30283.315634862454,56148.042268484554,120,1,Rural,34.9516212899592,Approved,93978.12721277695,0.5974586207848038
LN04232,Female,No,3,Not Graduate,Salaried,47782.84720389868,6061.835694183874,199969.0473196395,240,0,Urban,41.918395922518044,Rejected,53844.68289808255,3.7138123312591844
LN00969,Male,Yes,2,Graduate,Salaried,31384.497957639036,23264.033173305244,162053.80394016477,60,1,Urban,39.43818283599514,Approved,54648.53113094428,2.9653826111421897
LN05503,Male,Yes,2,Graduate,Self-Employed,32359.648626151247,27592.83711436168,195563.1141518912,180,0,Semiurban,33.5080224304515,Rejected,59952.48574051293,3.261968402750302
LN01763,Male,Yes,2,Graduate,Salaried,27960.68376205663,21072.89015101693,137614.64007827514,180,1,Semiurban,41.85563355145747,Approved,49033.57391307356,2.8065390526547707
LN01564,Male,No,1,Not Graduate,Self-Employed,74736.87794184867,18630.04284806077,115932.4196782395,60,1,Semiurban,43.51462041319392,Approved,93366.92078990943,1.2416862278140892
LN00605,Male,No,0,Not Graduate,Salaried,97535.91625116132,0.0,168259.0520151323,60,1,Urban,31.638972405985356,Approved,97535.91625116132,1.7250983892113578
LN00235,Female,Yes,0,Graduate,Self-Employed,72678.38044636023,24693.693024080545,122413.10740838536,120,1,Urban,31.939180891900385,Approved,97372.07347044078,1.25716853965882
LN05877,Male,No,0,Graduate,Salaried,67615.56142730103,11946.90846481435,173016.39091907415,120,1,Semiurban,25.982399964184324,Approved,79562.46989211538,2.1745980379151106
LN04872,Male,Yes,2,Graduate,Salaried,35109.14999830554,21887.127445547696,45876.40116486642,300,1,Semiurban,26.356684037164108,Approved,56996.277443853236,0.8049017097662043
LN02603,Female,Yes,0,Graduate,Salaried,36206.666818192774,19190.5073475346,175340.12972762372,360,1,Semiurban,39.09534411625749,Approved,55397.174165727374,3.1651457383561197
LN05440,Female,Yes,2,Graduate,Salaried,47961.11116129646,14804.696105328978,156238.19314386926,360,1,Rural,38.059028134893865,Approved,62765.80726662544,2.4892246263985527
LN00049,Female,Yes,0,Graduate,Salaried,24739.19689274532,6389.503278344246,126854.18102568365,300,0,Semiurban,29.194563112813867,Rejected,31128.700171089564,4.075151880048563
LN01456,Male,Yes,0,Not Graduate,Self-Employed,75066.83242209065,5903.102115916656,107046.13418173716,300,0,Urban,28.42182521135523,Rejected,80969.9345380073,1.3220479279440405
LN01466,Male,Yes,0,Graduate,Salaried,93398.09008702812,11769.576312269932,,60,1,Semiurban,40.41629161140278,Approved,105167.66639929805,
LN03216,Male,Yes,0,Graduate,Salaried,26867.535846444523,27065.357234543026,105786.19818197913,300,0,Urban,42.54885277847484,Rejected,53932.893080987546,1.961441193653877
LN01856,Female,Yes,0,Not Graduate,Self-Employed,87849.30600128658,2939.7762859188115,100542.27410035068,60,0,Rural,27.71555547158092,Rejected,90789.08228720538,1.1074269236722947
LN01617,Male,Yes,0,Graduate,Salaried,44964.178998096315,29950.303097358377,88881.85964978731,360,1,Rural,49.041393837399255,Approved,74914.48209545469,1.1864442917263398
LN05355,Male,Yes,2,Graduate,Unemployed,77898.2111205365,29224.229552858214,71803.5367549673,120,1,Semiurban,32.92694776004996,Approved,107122.44067339473,0.6702940700715443
LN05597,Female,Yes,2,Graduate,Self-Employed,54466.56456561709,40233.73331399557,121920.06618115657,180,0,Urban,26.37087893080129,Rejected,94700.29787961266,1.2874306513391005
LN05644,Male,No,2,Graduate,Salaried,75210.12239168285,20098.87247921195,160993.50711869728,120,1,Semiurban,42.98656473565415,Approved,95308.99487089479,1.6891743254325415
LN01562,Male,Yes,2,Graduate,Salaried,15000.0,24724.439979180104,55706.769106789536,60,0,Urban,39.31966387650206,Rejected,39724.439979180104,1.402329878935635
LN04353,Male,Yes,2,Not Graduate,Self-Employed,26542.121973768517,6395.6153193316695,47823.08230518822,240,1,Semiurban,25.46074994693929,Rejected,32937.73729310019,1.4519237274749355
LN02228,Female,Yes,0,Graduate,Salaried,22669.200972787672,12534.289457404257,131465.1042391909,360,0,Urban,21.0,Rejected,35203.49043019193,3.734433791441349
LN03116,Female,Yes,3,Graduate,Unemployed,56114.61736042961,31129.781705930545,132466.33031707018,240,0,Urban,24.07706785405616,Rejected,87244.39906636016,1.5183362110880396
LN00718,Female,Yes,0,Graduate,Salaried,52727.75575572289,32445.838700752483,246904.74496965695,240,0,Urban,36.8722205752116,Rejected,85173.59445647537,2.898841437246469
LN02046,Male,Yes,2,Not Graduate,Salaried,60004.14129836394,8707.793271526376,134302.39065420697,360,1,Semiurban,37.6237560837904,Approved,68711.93456989032,1.954571523780943
LN01815,Male,Yes,1,Graduate,Salaried,42176.155491694255,16514.073960720187,97905.65337613158,240,0,Urban,29.96446915113768,Rejected,58690.22945241444,1.6681763606924163
LN04325,Female,Yes,3,Not Graduate,Self-Employed,80726.0578414496,1858.0047037689071,188592.52429033973,300,0,Semiurban,48.03413106534162,Rejected,82584.0625452185,2.283643096233935
LN01384,Female,No,2,Graduate,Self-Employed,74841.90744018614,12510.263447193249,71032.74189648699,300,0,Urban,37.52133578876512,Rejected,87352.1708873794,0.8131766065444146
LN00495,Male,No,2,Graduate,Self-Employed,70778.20087369317,18814.25617534342,122865.15630486932,240,1,Urban,39.14335146857201,Approved,89592.4570490366,1.3713783542918305
LN05650,Male,Yes,3,Graduate,Salaried,56477.751320802745,29911.6640428018,122779.94902105436,360,0,Urban,42.441920149756385,Rejected,86389.41536360455,1.4212383369453958
LN03446,Female,No,1,Graduate,Self-Employed,57769.82345714112,6997.772646000963,135370.2625046195,60,1,Urban,47.205979495547254,Approved,64767.59610314209,2.0900924327814017
LN04844,Male,nan,1,Not Graduate,Salaried,83327.41091338504,11187.627127271266,166650.106472452,300,0,Urban,49.940252704501695,Rejected,94515.0380406563,1.7632126053926602
LN05820,Male,Yes,2,Graduate,Self-Employed,60674.38109802106,9538.338957819804,136608.02837158443,120,1,Semiurban,29.92253033725936,Approved,70212.72005584087,1.9456307669456292
LN02760,Female,No,1,Graduate,Self-Employed,72590.59168443622,24714.1235767236,115275.07948759744,360,0,Urban,46.36319699906625,Rejected,97304.71526115981,1.1846813299664491
LN02428,Male,Yes,0,Graduate,Salaried,82487.06719741006,0.0,111870.9285251476,60,1,Urban,27.475659781113368,Approved,82487.06719741006,1.3562238581887676
LN00773,Female,No,2,Graduate,Salaried,79451.0889925346,3318.221721497998,186153.5162067789,180,1,Urban,34.067365732457105,Approved,82769.3107140326,2.2490644733038554
LN00839,Female,Yes,0,Not Graduate,Self-Employed,55720.22311548982,12419.91463802391,167914.99074663842,60,0,Semiurban,40.47948614655454,Rejected,68140.13775351373,2.464259631438442
LN00644,Male,Yes,1,Graduate,Salaried,55085.13871828112,5216.920501775021,165469.522122991,360,0,Urban,43.07191593488801,Rejected,60302.059220056144,2.7440111376487906
LN03059,Male,Yes,0,Graduate,Salaried,52086.38576487472,26516.655830474756,103129.31057818436,60,1,Semiurban,32.11599790259903,Approved,78603.04159534948,1.3120269710311816
LN04351,Male,Yes,0,Not Graduate,Self-Employed,60949.86936503286,0.0,79008.73432712152,300,0,Urban,36.01565926738542,Rejected,60949.86936503286,1.2962904621490312
LN04158,Male,Yes,1,Graduate,Unemployed,47003.46229005127,20025.46246454182,157592.37748207853,180,0,Urban,34.70915945090644,Rejected,67028.92475459308,2.351110032856072
LN05844,Female,Yes,0,Graduate,Salaried,74419.93905811271,15714.208325810932,47811.56492367518,120,0,Semiurban,35.98363402199193,Rejected,90134.14738392364,0.5304489620345914
LN05394,Female,Yes,1,Graduate,Salaried,31778.863378678365,6656.618134173374,139404.47032612594,300,0,Rural,37.81579576634013,Rejected,38435.48151285174,3.6269734328556034
LN04257,Male,No,1,Not Graduate,Salaried,88489.91642493896,12377.66430617144,21492.622570982363,180,0,Rural,37.46825188931906,Rejected,100867.5807311104,0.21307760546251936
LN04357,Female,Yes,3,Not Graduate,Salaried,53518.63649582059,0.0,115421.92986531132,120,0,Semiurban,40.312552593231885,Rejected,53518.63649582059,2.156667983765336
LN03919,Female,Yes,2,Graduate,Salaried,58811.69637455012,15954.620413582965,117579.25955205936,360,0,Urban,34.9330897801813,Rejected,74766.31678813309,1.5726234031996817
LN04831,Male,Yes,2,Not Graduate,Salaried,36273.27145780291,17845.667904745264,191078.20623123072,300,1,Urban,33.37311969205059,Approved,54118.939362548175,3.530708629583051
LN02854,Female,Yes,3,Graduate,Salaried,84359.18304611117,13495.318585050178,171838.38755552488,180,1,Semiurban,42.38047364592616,Approved,97854.50163116134,1.7560601167151997
LN01858,Male,No,1,Not Graduate,Salaried,65773.87258559714,0.0,155631.834091282,300,1,Urban,41.4257685382281,Approved,65773.87258559714,2.3661649827406017
LN02394,Male,Yes,3,Not Graduate,Self-Employed,58331.24060419278,6626.192103175332,164806.67949428025,360,0,Urban,40.52881756918853,Rejected,64957.43270736811,2.5371489085280037
LN01244,Male,Yes,1,Graduate,Salaried,47014.449098679856,21989.53071717421,149854.24242926028,300,1,Urban,40.54107006568849,Approved,69003.97981585407,2.1716753559601267
LN02234,Female,Yes,2,Not Graduate,Salaried,35776.56141438437,25561.01251669989,177571.82690877726,360,1,Urban,31.716928929472175,Approved,61337.57393108426,2.89499266971804
LN01301,Male,No,3,Graduate,Salaried,79840.84699073045,9850.612935667275,153434.03548252693,300,1,Urban,37.02532759249621,Approved,89691.45992639773,1.710687233861924
LN00705,Female,No,0,Graduate,Salaried,72120.1990269128,3369.5734971539823,196945.4416019779,360,0,Urban,35.97175813454664,Rejected,75489.77252406678,2.6089023057950005
LN03141,Female,Yes,1,Not Graduate,Salaried,17455.451592970094,13228.31884885238,99575.9286356842,240,0,Urban,28.160846013174073,Rejected,30683.770441822475,3.245231182539438
LN00744,Male,Yes,2,Graduate,Salaried,70353.18040938246,4986.85345802033,165334.84710149188,120,0,Urban,32.38966326620855,Rejected,75340.03386740279,2.1945151682899224
LN02960,Female,Yes,2,Graduate,Salaried,43509.71676944653,19604.15649842824,181446.95548482367,360,1,Urban,43.73135637178723,Approved,63113.87326787478,2.8749139624929487
LN04444,Male,Yes,2,Graduate,Self-Employed,21264.9459499507,19867.4150215806,129364.03604026178,60,0,Semiurban,41.74505877383746,Rejected,41132.3609715313,3.14506711953145
LN04715,Male,Yes,1,Graduate,Salaried,59242.138365663384,0.0,143247.7699068613,240,0,Rural,31.44242828505037,Rejected,59242.138365663384,2.4180047152026405
LN01407,Male,Yes,2,Graduate,Salaried,90026.67303910974,21994.64246895702,99601.8882543181,360,0,Semiurban,21.50448226637143,Rejected,112021.31550806676,0.8891333564739798
LN04332,Female,Yes,3,Graduate,Salaried,75094.66596135618,33955.07345991355,68539.54804599732,60,0,Rural,34.92514357523794,Rejected,109049.73942126973,0.6285163853645023
LN03385,Male,Yes,0,Not Graduate,Salaried,48721.05023883514,18666.06247013805,193802.2888335964,240,0,Urban,36.02556509008643,Rejected,67387.11270897319,2.8759547789289672
LN05070,Female,No,0,Graduate,Salaried,36421.5301740335,8024.580575248854,198130.67873558163,240,1,Urban,31.50366841659795,Approved,44446.11074928235,4.457773141349173
LN02556,Male,Yes,0,Graduate,Salaried,15000.0,11475.462683622582,65896.63581511073,120,0,Urban,27.89551686271245,Rejected,26475.46268362258,2.4889701306664467
LN02584,Male,Yes,0,Graduate,Salaried,81929.38467621767,12340.79925804448,100827.51182610144,360,0,Urban,29.83628660486539,Rejected,94270.18393426215,1.0695588744837068
LN00335,Male,Yes,2,Graduate,Salaried,57058.852369957225,15840.943882501964,84285.74510959399,300,1,Rural,42.10623187263979,Approved,72899.79625245919,1.1561862919027117
LN03487,Male,No,0,Not Graduate,Salaried,73298.54324603482,26951.774115114164,293704.13490049564,360,1,Urban,37.78410728701421,Approved,100250.31736114899,2.9297077817961874
LN02902,Male,No,0,Graduate,Salaried,48603.34143522482,5233.796841364439,124917.66606017711,60,0,Rural,21.0,Rejected,53837.13827658926,2.3202880030214525
LN02162,Female,No,0,Not Graduate,Self-Employed,69964.4349699357,22907.593122325292,155501.74119664246,240,1,Urban,21.0,Approved,92872.028092261,1.6743657308976154
LN04893,Female,Yes,1,Graduate,Self-Employed,57519.57225220006,20245.846830476148,103400.44373582302,120,0,Urban,26.864500557358543,Rejected,77765.4190826762,1.3296455539690846
LN00488,Female,Yes,2,Graduate,Salaried,93742.83270145128,19022.68077201298,149472.17825595735,300,1,Urban,32.228938948642075,Approved,112765.51347346426,1.3255132145620994
LN01966,Male,Yes,0,Graduate,Salaried,56053.23159385348,25302.49693969567,199797.7464113203,60,1,Rural,29.850271992722263,Approved,81355.72853354915,2.4558534477253007
LN03061,nan,Yes,0,Not Graduate,Salaried,53342.79191234978,15375.530766605629,151904.22528597462,360,0,Urban,23.08874364001209,Rejected,68718.3226789554,2.2105345323350627
LN05270,Female,No,3,Graduate,Salaried,85815.16848244856,33701.386928213054,89533.77661107933,180,0,Urban,31.53585126348948,Rejected,119516.55541066162,0.7491328402449287
LN05728,Male,Yes,1,Graduate,Self-Employed,62717.18848163314,9998.473187852704,152069.2881153557,60,0,Rural,36.103708968308695,Rejected,72715.66166948584,2.0912865897659785
LN04636,Female,Yes,0,Not Graduate,Salaried,70464.46371474066,7068.6533638606315,249163.632796038,120,1,Urban,38.796563931294344,Approved,77533.1170786013,3.2136413726722948
LN05017,Female,Yes,2,Graduate,Self-Employed,100843.5582106946,7525.707467507953,174426.00692370045,120,1,Rural,39.72584136969557,Approved,108369.26567820254,1.6095523563078327
LN01874,Male,No,1,Graduate,Salaried,86206.17492239217,43242.20426395203,156472.3321273722,300,1,Semiurban,25.23703646617001,Approved,129448.37918634419,1.2087623893855508
LN01172,Male,Yes,2,Not Graduate,Salaried,62084.02207903752,13315.80287971119,120702.4615643094,240,1,Urban,40.89133899120936,Approved,75399.82495874871,1.6008321190446502
LN05969,Male,Yes,1,Graduate,Self-Employed,48155.18310374371,0.0,96926.3513538186,300,1,Urban,29.230343459775657,Approved,48155.18310374371,2.012791668655981
LN02115,Female,No,0,Graduate,Self-Employed,49735.72867056829,13402.515020084134,169301.230935428,180,0,Rural,46.00161319868316,Rejected,63138.24369065242,2.681437129688372
LN05479,Male,No,3,Graduate,Salaried,81979.66714883929,2741.077365600542,119194.9923380358,240,0,Urban,29.013663262510683,Rejected,84720.74451443984,1.4069162519897374
LN01603,Male,Yes,0,Graduate,Salaried,44016.15986699493,6508.951490097765,217383.9042756312,180,1,Urban,39.651717351166866,Approved,50525.1113570927,4.302492333747522
LN02514,Female,Yes,1,Graduate,Salaried,57490.914799941995,10676.988141904589,141803.7011622242,300,1,Urban,38.2416112982138,Approved,68167.90294184658,2.0802121679347487
LN04648,Male,Yes,0,Graduate,Unemployed,27665.73250103971,11371.44372626393,170826.17723575857,300,1,Semiurban,41.567026510043746,Approved,39037.176227303644,4.375987039663954
LN05194,Male,Yes,0,Graduate,Salaried,23068.53904391166,11538.957282199848,99715.24563409032,300,1,Urban,46.20786208411141,Approved,34607.496326111504,2.8813192579566853
LN04109,Male,Yes,2,Graduate,Salaried,64636.84184269696,28134.731613252367,150962.96545156062,300,0,Rural,34.014008859502304,Rejected,92771.57345594933,1.6272545546857873
LN01099,Female,Yes,1,Graduate,Self-Employed,66929.76951795985,929.128052159831,151967.78774970977,180,0,Semiurban,38.7765372105774,Rejected,67858.89757011968,2.2394673829276264
LN04933,Male,Yes,0,Graduate,Salaried,82447.48437406319,16026.905167485873,221587.47421205393,300,1,Rural,34.46950167818722,Approved,98474.38954154907,2.2502040910704
LN03529,Male,No,0,Not Graduate,Self-Employed,38973.80176721311,13480.48876528014,182840.291425474,300,0,Urban,39.75619964236802,Rejected,52454.29053249325,3.4857070712301796
LN03596,Male,Yes,2,Graduate,Salaried,40532.42323945931,5271.721074170429,170220.40770357085,240,1,Semiurban,35.30878603484266,Approved,45804.144313629746,3.7162665137468593
LN04365,Male,No,0,Not Graduate,Salaried,101958.78678264862,21457.976416037112,196735.88729142465,360,1,Semiurban,38.60545531036269,Approved,123416.76319868573,1.5940775158290628
LN01063,Female,Yes,0,Graduate,Salaried,25205.724424438005,16171.242161498514,207506.8401839808,300,0,Rural,38.00710014233609,Rejected,41376.96658593652,5.015032693443255
LN04262,Male,Yes,0,Graduate,Self-Employed,75190.29774972216,20910.905313252217,132289.51191672756,240,1,Rural,46.61628444103273,Approved,96101.20306297438,1.3765645767206396
LN04056,Male,Yes,3,Graduate,Salaried,89243.91877435273,12774.25072775147,151001.48744121738,180,0,Urban,35.66081317939327,Rejected,102018.1695021042,1.4801430782200309
LN00363,Male,No,1,Graduate,Self-Employed,68034.23444197883,21832.12404001069,125355.75438081408,300,1,Urban,22.37872459356613,Approved,89866.35848198952,1.394913029728885
LN00097,Male,No,1,Not Graduate,Salaried,65221.105443597786,15874.737536807392,119905.14195336933,120,1,Urban,27.145528679697293,Approved,81095.84298040517,1.4785608922314486
LN02875,Female,Yes,1,Not Graduate,Salaried,41806.33166036333,11669.523790244775,132007.97696098062,120,1,Semiurban,38.15061455703582,Approved,53475.855450608105,2.4685528795870715
LN01626,Male,No,0,Graduate,Salaried,51053.562086824975,26017.37861786209,118359.62003889088,60,0,Urban,44.708333280946235,Rejected,77070.94070468706,1.5357230488779132
LN04532,Male,Yes,2,Graduate,Salaried,70016.63182008424,10652.053066277833,145609.5824182573,300,0,Urban,37.94931966233349,Rejected,80668.68488636207,1.805032307435995
LN04385,Male,Yes,0,Graduate,Unemployed,51912.760146199544,13646.657660768902,43831.073080088594,120,1,Semiurban,32.548454663956534,Approved,65559.41780696844,0.6685702000762689
LN05892,Male,No,1,Not Graduate,Salaried,32018.43143631049,5873.212393041329,138661.96016749277,180,0,Semiurban,41.26524432326541,Rejected,37891.643829351815,3.6594337472390612
LN01166,Male,Yes,1,Graduate,Salaried,87685.45637021036,33978.87292658706,182480.24325564428,300,0,Urban,35.508091618012855,Rejected,121664.32929679743,1.4998664301225693
LN03883,Male,Yes,0,Graduate,Salaried,42193.64303960257,19476.96266395012,,240,0,Semiurban,28.066458319317128,Rejected,61670.60570355269,
LN00322,Male,No,2,Graduate,Salaried,43635.58633533055,11121.242181375304,51020.28620737359,60,1,Semiurban,42.81020039236217,Approved,54756.82851670585,0.9317611627526552
LN00520,Male,Yes,1,Graduate,Salaried,26611.894377572564,11518.426031826868,150159.8995307644,180,0,Urban,37.935096069437975,Rejected,38130.32040939943,3.938070751006561
LN05584,Male,No,2,Graduate,Self-Employed,83350.19645972892,20553.9886065174,130543.2452011718,360,0,Rural,36.77255312196824,Rejected,103904.18506624631,1.25638101215982
LN04673,Male,Yes,0,Graduate,Salaried,38897.84649039101,5798.477685423142,137543.94982556405,240,0,Semiurban,21.0,Rejected,44696.32417581415,3.0772989135422266
LN00781,Male,Yes,0,Graduate,Salaried,33293.11282579797,15087.884426320716,81806.60331853293,60,0,Urban,38.4667979207313,Rejected,48380.99725211869,1.6908829491924224
LN02766,Male,No,0,Graduate,Salaried,59327.74870592574,25156.27883994471,158339.68322654965,240,1,Urban,31.060628908470505,Approved,84484.02754587046,1.874196671561135
LN01463,Male,Yes,2,Not Graduate,Self-Employed,42989.590915814,3483.1889096565646,94640.83650591198,360,0,Rural,37.037689977221206,Rejected,46472.77982547056,2.0364789208077827
LN05848,Male,Yes,2,Graduate,Salaried,41570.97953142157,0.0,163078.87420327036,360,1,Semiurban,34.74259565438395,Approved,41570.97953142157,3.9229018907290025
LN04949,Male,No,0,Graduate,Salaried,68690.0529218261,37331.15917132176,,180,1,Semiurban,29.7637486478458,Approved,106021.21209314786,
LN03525,Male,Yes,1,Graduate,Salaried,36522.40071182055,6806.131695012093,204871.13437113535,120,1,Semiurban,35.04853497053314,Approved,43328.532406832644,4.728319261947317
LN03488,Male,No,1,Graduate,Salaried,41508.717712438,10197.855658676006,163308.893260209,180,0,Urban,40.6499066795177,Rejected,51706.573371114006,3.1583777963411106
LN02019,Male,No,1,Graduate,Unemployed,35214.83210293055,24778.475646543317,143334.2096740947,300,1,Urban,30.225605683702035,Approved,59993.30774947387,2.389169976635464
LN03219,Male,Yes,1,Graduate,Self-Employed,74429.58647514686,10865.512965282049,194040.3426742111,360,0,Urban,31.973805415625502,Rejected,85295.09944042891,2.274929555709483
LN00353,Female,No,0,Graduate,Salaried,56801.229400731456,22344.76745001218,140132.2422332668,300,0,Urban,33.95095324328932,Rejected,79145.99685074363,1.7705537589921727
LN04032,Male,Yes,1,Graduate,Self-Employed,36976.925268942614,20043.6506571841,116389.05637237975,60,1,Urban,49.26341408634588,Approved,57020.57592612671,2.0411764434503112
LN03960,Female,No,1,Graduate,Salaried,45367.36522182944,4293.3359380982165,79150.49301595046,120,0,Urban,32.250563979086735,Rejected,49660.70115992765,1.593825523345989
LN02029,nan,No,0,Graduate,Salaried,50167.276287359055,15829.1185317204,224260.82920735583,360,0,Urban,38.28760076900767,Rejected,65996.39481907946,3.3980769680243554
LN02295,Male,No,2,Graduate,Salaried,70450.28210531516,25274.793433526916,171500.67619056776,180,0,Rural,32.71141747759234,Rejected,95725.07553884207,1.791596143697776
LN05373,Female,Yes,1,Not Graduate,Self-Employed,58642.57236601036,12453.920139861164,192864.57520615077,300,0,Urban,23.36661244701721,Rejected,71096.49250587153,2.7127157530341313
LN05120,Male,Yes,1,Graduate,Salaried,32388.025882006976,19133.72029130396,141154.99547545786,180,0,Urban,25.5478154294816,Rejected,51521.74617331094,2.7397168372483915
LN04731,Female,Yes,3,Not Graduate,Self-Employed,59002.39691743765,18367.122954206112,139221.52693201156,240,1,Urban,37.473568912855754,Approved,77369.51987164376,1.7994363563710936
LN03214,Male,Yes,0,Not Graduate,Salaried,74712.43994491494,8827.142931211129,168221.3038567674,180,1,Urban,35.797119098149295,Approved,83539.58287612606,2.0136718195757437
LN01197,Female,Yes,2,Graduate,Self-Employed,71049.79908834296,13956.415505619134,180923.11961941092,300,0,Rural,42.441446279578855,Rejected,85006.2145939621,2.1283516797401503
LN02927,Female,Yes,0,Not Graduate,Salaried,64294.26366341053,11998.712131718,180201.24234747764,120,1,Urban,35.13930042903946,Approved,76292.97579512853,2.3619637387244747
LN01457,Male,No,1,Graduate,Self-Employed,67623.16769765556,22595.00037516122,151374.38166804065,60,0,Semiurban,46.23631197120163,Rejected,90218.16807281678,1.677870266062857
LN02489,Female,Yes,2,Graduate,Self-Employed,21606.53687604687,7765.133775802,52412.86954947753,300,1,Semiurban,27.80563863760677,Approved,29371.67065184887,1.7844701505318792
LN04788,Female,nan,2,Graduate,Self-Employed,18193.94202293687,0.0,129747.45235272236,60,0,Urban,46.249239122365225,Rejected,18193.94202293687,7.1313546118346105
LN02758,Male,Yes,3,Graduate,Salaried,37387.69330124947,16633.346806775386,111318.0077530935,360,1,Urban,40.98717020409461,Approved,54021.040108024856,2.06064169683688
LN00724,Male,Yes,1,Not Graduate,Salaried,63417.30876255884,10008.610485296344,184388.19242808843,300,1,Urban,31.14393451697766,Approved,73425.91924785518,2.511213946204351
LN00671,Male,Yes,2,Graduate,Salaried,18532.195351837017,8343.065351064532,156577.58200887477,120,0,Rural,46.01960640826457,Rejected,26875.26070290155,5.826086070003038
LN00310,Female,No,0,Graduate,Salaried,55646.375935455595,13149.023505787813,231750.35828657093,180,0,Urban,46.87055154938176,Rejected,68795.39944124341,3.368689769502736
LN04046,Male,Yes,2,Graduate,Salaried,74014.01224241167,19508.123363318,104576.78312386115,300,0,Semiurban,26.376282431243077,Rejected,93522.13560572968,1.1182035402264083
LN00121,nan,Yes,1,Not Graduate,Salaried,41812.250904105225,16477.559074001285,146030.1809307253,300,1,Urban,24.712672453069544,Approved,58289.80997810651,2.505243729316905
LN03234,nan,Yes,0,Graduate,Salaried,34390.88857995067,26770.00636790337,192833.25599347032,120,1,Urban,21.0,Approved,61160.89494785404,3.152884799313034
LN00854,Male,Yes,1,Graduate,Salaried,88410.0849597971,15223.39239318608,91550.954489375,120,0,Urban,39.367327904980186,Rejected,103633.47735298317,0.8834110060549815
LN00672,Male,No,0,Not Graduate,Self-Employed,53146.24811839302,18690.16437825167,134468.53800815597,240,0,Semiurban,25.29908512611243,Rejected,71836.41249664468,1.871871566727204
LN04563,Male,No,0,Graduate,Salaried,64386.04674400872,13479.81094367302,119504.8646525399,240,1,Urban,21.0,Approved,77865.85768768174,1.5347530766548712
LN03847,Male,Yes,0,Graduate,Self-Employed,50741.209759494835,17509.51020712043,228479.2033140539,240,0,Urban,30.91301091246984,Rejected,68250.71996661526,3.3476453204569006
LN00558,Female,Yes,2,Graduate,Salaried,67889.04284756594,21852.90084710968,93917.68817334026,60,1,Urban,30.318273125986913,Approved,89741.94369467562,1.0465305776401674
LN02081,Male,Yes,1,Graduate,Salaried,72024.1349785823,26381.503309676184,241605.98037886503,300,0,Semiurban,26.76852901375644,Rejected,98405.63828825849,2.455204646619246
LN00542,Female,Yes,3,Not Graduate,Salaried,70596.08355830566,0.0,133815.86229794062,360,1,Urban,36.40446554838102,Approved,70596.08355830566,1.8955139655505313
LN01392,Male,Yes,2,Graduate,Self-Employed,100267.74495053246,1922.2343485233923,172716.57165761144,240,1,Semiurban,40.0623334307457,Approved,102189.97929905585,1.690151743275744
LN00811,Male,Yes,3,Graduate,Self-Employed,51205.3788345165,662.699751897715,134845.36401541368,180,1,Rural,29.787066918549485,Approved,51868.078586414216,2.599775578552734
LN03648,Male,No,3,Graduate,Salaried,75657.47469897145,18149.71871555332,28512.23511587275,60,0,Urban,32.7466190916194,Rejected,93807.19341452477,0.30394508222711647
LN03737,Female,Yes,1,Graduate,Salaried,56812.75535708187,10033.489478717533,165661.91245003557,300,0,Semiurban,27.335555179244366,Rejected,66846.2448357994,2.478253084477164
LN04464,Male,No,2,Not Graduate,Self-Employed,48399.673346926305,12321.012658415011,109511.97292000338,300,1,Semiurban,37.677339350872046,Rejected,60720.68600534132,1.8035364901900173
LN03902,Male,No,2,Graduate,Salaried,93381.39051652662,3826.7299106876544,204337.94885132823,240,0,Urban,34.42750821194539,Rejected,97208.12042721428,2.102066658148469
LN02386,Female,No,0,nan,Salaried,55391.98571588466,31301.299648744105,107581.67317884546,300,1,Rural,27.202671108696883,Approved,86693.28536462877,1.2409458555684088
LN05453,Female,No,0,Not Graduate,Salaried,37837.75083482261,4674.667237905895,109296.43887539086,120,0,Rural,48.93899692525867,Rejected,42512.418072728506,2.570929714899091
LN02752,Male,Yes,1,Graduate,Salaried,50683.888617636745,21190.8316938801,151547.40441339152,120,1,Semiurban,25.36883017774128,Approved,71874.72031151684,2.1084938314411548
LN01596,Male,No,0,Not Graduate,Salaried,72383.08522010395,0.0,158350.14608478692,360,0,Semiurban,22.26656621155174,Rejected,72383.08522010395,2.187667817740465
LN01458,Male,Yes,2,Not Graduate,Salaried,85795.05508165491,8832.246384802922,187523.4930967547,240,0,Rural,29.282784089226105,Rejected,94627.30146645784,1.9817060213137898
LN03369,Male,Yes,1,Graduate,Salaried,62621.303724316975,18692.637776499047,89207.80085873159,360,1,Rural,39.79957444575396,Approved,81313.94150081603,1.097078793774083
LN01328,Male,Yes,1,Graduate,Salaried,35806.10514317785,1243.6591121363815,152769.8455891667,360,0,Urban,27.815626713358604,Rejected,37049.76425531423,4.123368897475621
LN02011,Male,Yes,0,Not Graduate,Salaried,44745.50442867572,19310.22958010893,245964.06500722296,120,0,Urban,36.07512058079667,Rejected,64055.73400878465,3.839844610530749
LN02009,Male,Yes,2,Not Graduate,Salaried,78751.40275253117,25309.193383669073,245095.65743312504,120,1,Urban,28.63370547505593,Approved,104060.59613620024,2.3553166763750837
LN03150,Male,No,0,Not Graduate,Self-Employed,76839.67390904254,21586.319527905096,179513.5155537661,300,1,Semiurban,35.20834247519302,Approved,98425.99343694764,1.8238425570859356
LN04376,Male,Yes,1,Graduate,Self-Employed,15000.0,24606.13232503485,231730.2755880601,120,1,Urban,22.94220211469873,Approved,39606.13232503485,5.850868589902288
LN03034,Male,Yes,1,Graduate,Salaried,61179.684431791946,14706.482978843054,100197.7529915054,300,0,Urban,21.37380747641234,Rejected,75886.167410635,1.3203691319567588
LN05715,Female,Yes,0,Graduate,Salaried,51484.887906968186,0.0,171467.53568306353,180,1,Rural,38.187200766888765,Approved,51484.887906968186,3.3304439934471795
LN02174,Female,Yes,1,Graduate,Salaried,43297.14196739954,10292.44900875218,70588.645064609,360,1,Semiurban,29.75172336941131,Approved,53589.590976151725,1.317208132751417
LN02341,Female,Yes,0,Not Graduate,Salaried,68419.4588877878,14839.459607514138,209237.19493533403,360,0,Urban,31.25068981534698,Rejected,83258.91849530194,2.5130904738708644
LN00905,Male,Yes,3,Graduate,Salaried,60928.73096312297,17875.63905167328,61524.488182376386,300,1,Semiurban,22.710240208008468,Approved,78804.37001479625,0.7807243198673448
LN02847,Male,Yes,1,nan,Salaried,43254.75137900599,16214.61064199546,166507.4974695969,360,0,Urban,34.28149322450939,Rejected,59469.36202100145,2.799887064717379
LN01677,nan,No,3,Not Graduate,Salaried,90426.32103844902,0.0,154266.9887897447,120,1,Urban,35.2752391115774,Approved,90426.32103844902,1.7059965175864094
LN03340,Female,Yes,1,Graduate,Salaried,74121.57827630264,5654.061051015289,207646.70884873864,300,1,Rural,43.966995687154906,Approved,79775.63932731793,2.6028836697474547
LN02028,Female,Yes,2,Not Graduate,Salaried,64193.18830549251,0.0,186987.96453486345,240,1,Urban,21.0,Approved,64193.18830549251,2.9128941788184144
LN04348,Male,No,0,Graduate,Self-Employed,41192.02167031293,22811.753362875992,150357.6628048744,300,0,Urban,51.17979208899392,Rejected,64003.775033188926,2.349199914019243
LN03247,Female,No,1,Not Graduate,Salaried,45336.876057800066,5089.088646683864,83756.93480748805,300,0,Rural,39.42107843003432,Rejected,50425.96470448393,1.6609882487789134
LN02895,Female,Yes,1,Graduate,Salaried,138524.75412872655,35456.54547677154,179411.83972575294,360,1,Semiurban,35.14644914251151,Approved,173981.2996054981,1.0312133553006477
LN00354,Female,Yes,2,Graduate,Salaried,59619.67584194622,0.0,196217.86840130028,300,0,Semiurban,34.258005955502895,Rejected,59619.67584194622,3.2911595984097683
LN05901,Female,No,1,Not Graduate,Self-Employed,15000.0,2571.284139368652,130366.26732369578,60,1,Semiurban,34.878159677243005,Rejected,17571.284139368654,7.419279449907064
LN01702,Female,Yes,2,Graduate,Salaried,72694.4293712354,8429.64762982676,103563.18422336076,60,0,Semiurban,34.30587784723353,Rejected,81124.07700106216,1.2766023115678073
LN02640,Female,Yes,0,Graduate,Salaried,96186.1269946622,31170.449245216827,252246.93990155132,180,1,Semiurban,34.34308975120214,Approved,127356.57623987904,1.980635373130936
LN05201,Male,No,0,Not Graduate,Salaried,49796.78372699565,481.65254831564926,150579.69296626857,300,1,Urban,37.289840314842266,Approved,50278.4362753113,2.994915994239247
LN01064,Female,Yes,0,Not Graduate,Unemployed,52751.18117193736,17362.23646264233,153304.7123149488,360,1,Semiurban,29.772246961170325,Approved,70113.41763457969,2.1865245981011694
LN04652,Female,Yes,1,Graduate,Self-Employed,60911.277622837966,11124.1910874443,159652.54014790573,180,0,Urban,27.21619464195897,Rejected,72035.46871028226,2.2163045928111953
LN00596,Male,No,1,Graduate,Self-Employed,54602.50129413258,9957.019841873767,151000.69025008052,120,1,Semiurban,38.15955762119681,Approved,64559.52113600634,2.3389375818319684
LN02946,Male,No,0,Graduate,Self-Employed,61704.18899267802,13009.374462401302,,360,1,Urban,23.669171709640327,Approved,74713.56345507932,
LN04068,Male,Yes,0,Graduate,Salaried,36215.35069845742,17156.687709336187,61586.8245249257,300,0,Urban,21.373516450591584,Rejected,53372.0384077936,1.1539155400879826
LN03532,Male,Yes,1,Graduate,Salaried,57931.37551419432,0.0,180307.48498792347,120,0,Rural,25.099757565280107,Rejected,57931.37551419432,3.112432311291221
LN03360,Male,No,0,Graduate,Salaried,36933.351935885104,29239.538455411668,69349.15932115154,60,0,Urban,48.330303082862166,Rejected,66172.89039129677,1.0479995495296142
LN03199,Male,No,2,Not Graduate,Self-Employed,68746.26374077922,10417.76970743499,211636.41710341425,300,1,Rural,33.74415250183945,Rejected,79164.0334482142,2.6733910323285626
LN03506,Male,nan,1,Graduate,Salaried,66459.49007235336,13789.789689904355,163876.23422381477,180,0,Rural,34.86183613612166,Rejected,80249.27976225772,2.042089782105283
LN02696,Male,Yes,0,Not Graduate,Salaried,81635.33455345657,38456.24161896441,163871.05556186716,120,0,Rural,44.26945540384741,Rejected,120091.57617242099,1.3645507935260168
LN00476,Male,No,3,Graduate,Self-Employed,71531.13926111533,25371.814056490504,138960.5425103973,180,0,Semiurban,21.0,Rejected,96902.95331760583,1.4340176202364538
LN03260,Male,Yes,1,Graduate,Unemployed,55237.79127375892,0.0,113655.5308397644,60,0,Rural,24.02912529292093,Rejected,55237.79127375892,2.057568346215849
LN00855,Female,Yes,0,Graduate,Salaried,48585.07412501048,31935.47133413672,59418.00764408064,60,0,Semiurban,33.151181752518276,Rejected,80520.5454591472,0.737923561064634
LN05746,Male,Yes,1,Graduate,Salaried,52322.50517338434,19189.116113727865,242691.70787511105,120,1,Rural,40.74644570857895,Approved,71511.62128711221,3.39373801777934
LN05501,Male,Yes,1,Graduate,Self-Employed,70664.14635798625,19203.098174852043,165991.1531307033,120,1,Semiurban,29.257677550532083,Approved,89867.24453283829,1.8470706873631655
LN00507,Male,Yes,2,Graduate,Unemployed,42720.18460640368,19914.12756355527,127839.0653786152,120,1,Urban,48.79556081684143,Approved,62634.312169958954,2.0410388643164525
LN04018,Male,No,1,Graduate,Salaried,49646.14854261571,7851.927410085295,185174.67613555855,60,1,Semiurban,32.28431800391319,Approved,57498.075952701,3.2205369147984486
LN02140,Female,No,0,Graduate,Self-Employed,63295.216824730334,8699.515686516588,142375.01608450402,60,1,Urban,27.041171581445177,Approved,71994.73251124693,1.9775754575136781
LN02187,Male,Yes,1,Graduate,Salaried,54666.953415311706,21322.163140318506,141100.68960243274,240,0,Semiurban,25.933568941051067,Rejected,75989.11655563021,1.856853928537721
LN00682,Male,Yes,0,Graduate,Self-Employed,49509.59467440453,22151.743901280584,184377.53597962472,180,0,Semiurban,43.37243334448362,Rejected,71661.3385756851,2.5729010878703367
LN00101,Male,Yes,1,Graduate,Salaried,51587.09354469282,17306.108487662146,104069.17707384838,360,0,Rural,49.38894905119096,Rejected,68893.20203235497,1.5105870246090956
LN01005,Male,No,0,Not Graduate,Salaried,67869.70770843499,22769.31692354829,105666.74826578128,360,0,Rural,51.00424078942359,Rejected,90639.02463198328,1.1657974994194196
LN05015,Male,Yes,1,Graduate,Salaried,49764.728841153934,15765.180622437114,207575.7572966501,180,0,Urban,24.267552492887773,Rejected,65529.909463591044,3.1676490780439868
LN04497,Male,nan,3,Graduate,Self-Employed,81536.9628931536,15872.04992037267,186024.30541271437,180,0,Semiurban,29.530950756592212,Rejected,97409.01281352626,1.9097237518342136
LN03175,Female,Yes,1,Graduate,Salaried,44951.2952529393,11224.688514401749,181607.58148453865,300,1,Semiurban,31.842053807970466,Approved,56175.98376734105,3.2328331309102873
LN05887,Female,Yes,1,Graduate,Unemployed,43316.30302534753,11501.146508769967,183238.15448621812,240,1,Urban,32.279950024772155,Approved,54817.4495341175,3.3426975542190016
LN00584,Female,Yes,3,Graduate,Salaried,63637.3251011699,30941.779562040123,115037.79678854624,60,1,Urban,29.792823605184456,Approved,94579.10466321002,1.2163130238776132
LN00408,Male,Yes,0,Graduate,Self-Employed,62405.912634237975,10622.626775956753,108183.0731751856,240,1,Semiurban,23.925998881495794,Approved,73028.53941019473,1.4813807594799482
LN00330,Male,Yes,1,Graduate,Salaried,59755.06454306171,28181.970672340252,105803.85250858271,360,0,Rural,24.416142574538465,Rejected,87937.03521540196,1.2031773899292368
LN01652,Male,No,1,Graduate,Unemployed,63887.68603154672,14366.101479651892,,60,0,Urban,21.0,Rejected,78253.7875111986,
LN03797,Male,No,0,Graduate,Self-Employed,64241.86706148351,18753.59696144473,161583.49695093633,60,0,Semiurban,25.277143178158965,Rejected,82995.46402292824,1.9468955183658887
LN01548,Male,Yes,2,Not Graduate,Salaried,75321.6055676938,22399.44051379316,255292.8172181663,120,1,Semiurban,31.49124432491594,Approved,97721.04608148696,2.612465046733991
LN05014,Female,No,2,Graduate,Salaried,61532.18140903319,24416.19013551491,161793.25328747855,180,1,Rural,34.95594183961971,Approved,85948.3715445481,1.8824469897445248
LN00902,Female,Yes,0,Not Graduate,Salaried,60574.89645869635,19224.3497290144,224009.15384409323,360,0,Urban,26.00240119866935,Rejected,79799.24618771076,2.8071587708630648
LN02523,Male,Yes,1,Not Graduate,Salaried,53729.40627655204,4840.045688319709,209352.5575333191,300,1,Semiurban,31.907027678890863,Approved,58569.451964871754,3.5744325840522233
LN02870,Male,Yes,1,Graduate,Self-Employed,47253.8450594241,25579.607138387924,166341.610474176,180,0,Rural,44.86720326645635,Rejected,72833.45219781203,2.2838627780871965
LN04010,Male,Yes,0,Not Graduate,Salaried,60452.61705353738,24219.363780076168,225769.8374631796,180,0,Urban,25.79363235744585,Rejected,84671.98083361355,2.6664055244772573
LN00754,Female,Yes,1,Graduate,Salaried,41012.02222336114,0.0,62964.969680983224,180,0,Rural,32.15075074452903,Rejected,41012.02222336114,1.5352807851819925
LN03733,Male,No,1,Not Graduate,nan,62901.274919187636,2548.4942403991445,151514.1818276482,360,1,Urban,30.42813335971518,Approved,65449.76915958678,2.3149689261425777
LN01592,Female,No,0,Graduate,Salaried,68731.19608315335,7445.011168660508,71488.16729590777,360,1,Semiurban,35.7945312018198,Approved,76176.20725181386,0.9384579499946887
LN02624,Male,Yes,1,Not Graduate,Salaried,68195.25591918995,25219.627766781417,56786.50813717638,300,0,Rural,45.06242911004443,Rejected,93414.88368597136,0.6078957217146793
LN04086,Male,Yes,0,Not Graduate,Self-Employed,77191.69744687113,5315.1635303810435,155676.0748238971,240,0,Rural,26.451176277677337,Rejected,82506.86097725217,1.8868258103628288
LN04314,Female,Yes,2,Graduate,Salaried,51813.830518085575,8462.579701930325,158718.37938841517,120,0,Semiurban,41.59271441730279,Rejected,60276.410220015896,2.633175711842737
LN00525,Male,Yes,1,Graduate,Self-Employed,23902.35798670962,17830.53162258654,182668.41918979428,60,0,Urban,31.509397646547672,Rejected,41732.88960929616,4.377085337246913
LN02382,Female,Yes,2,nan,Self-Employed,66875.75763099772,15926.275879489236,233152.11297980585,360,1,Urban,21.0,Approved,82802.03351048694,2.8157776215758874
LN01142,Male,Yes,1,Graduate,Self-Employed,56998.88825934946,15342.718142002224,144306.16961321296,300,1,Urban,43.97864157145555,Approved,72341.60640135169,1.9947880174598476
LN02711,Male,Yes,0,Graduate,Salaried,90647.35449356232,10473.098514904666,121822.34093756496,60,1,Rural,37.17074501845288,Approved,101120.45300846698,1.2047250315162708
LN02833,Male,Yes,0,Graduate,Self-Employed,54520.13836341391,24435.97776272946,173830.67535099073,120,0,Urban,34.39410427319959,Rejected,78956.11612614337,2.201611273194746
LN03103,Male,Yes,0,Graduate,Salaried,81412.21119958372,28781.42680497613,74146.34815471836,120,0,Semiurban,36.72018768697574,Rejected,110193.63800455985,0.6728732211532045
LN00588,Male,No,0,Graduate,Salaried,76606.71633088491,6199.88018309236,69669.8632320997,60,1,Semiurban,25.338047320792967,Approved,82806.59651397727,0.8413564397655183
LN01557,Male,Yes,0,Graduate,nan,43936.4209863931,14845.283592732603,114817.18113424584,360,0,Urban,32.54513949508183,Rejected,58781.704579125704,1.9532809052805047
LN04934,Male,Yes,0,Graduate,Self-Employed,50804.70768339047,17478.46281901825,128650.98142466188,120,1,Rural,37.32039327919645,Approved,68283.17050240873,1.8840803740963323
LN01634,Male,No,1,nan,Salaried,53304.493357869185,33520.4004481367,38582.87800251099,120,0,Urban,31.74253040037476,Rejected,86824.89380600589,0.4443757580483458
LN05782,Female,Yes,1,Not Graduate,Salaried,69146.48562173531,0.0,80612.34594992816,300,0,Semiurban,48.23173935963659,Rejected,69146.48562173531,1.1658198565711155
LN03658,Male,Yes,1,Graduate,Salaried,63209.7924794696,28048.347633193294,152523.55268417308,240,0,Rural,39.61866910080073,Rejected,91258.14011266289,1.6713418934012338
LN05619,Female,No,2,Graduate,Salaried,56921.895460506246,24078.523849098703,287155.6436231873,60,1,Rural,35.72699114421651,Approved,81000.41930960494,3.545113050904129
LN04418,Male,Yes,0,Not Graduate,Salaried,52983.01139847051,23549.039226364024,77141.36507895218,120,0,Urban,31.16056813942579,Rejected,76532.05062483453,1.0079615592309756
LN01781,Female,Yes,1,Graduate,Salaried,58337.888547426104,25152.208918143053,112815.00415474083,180,1,Urban,43.339520815405635,Approved,83490.09746556915,1.3512381417600465
LN00320,Female,No,0,Graduate,Salaried,61939.919299854366,27334.060763526693,181138.4562613775,240,0,Urban,37.03584011400443,Rejected,89273.98006338105,2.0290173702659637
LN02843,Male,Yes,1,Graduate,Salaried,36644.4089746413,12128.904951376571,173659.8291612613,60,1,Semiurban,33.04048001849298,Approved,48773.31392601787,3.560550128389438
LN03861,Female,Yes,1,Graduate,Salaried,44213.22988560652,19726.397629900115,224406.7313620101,240,0,Urban,47.76885679066304,Rejected,63939.62751550663,3.5096659158295376
LN02952,Male,Yes,2,Graduate,Self-Employed,69333.41963932163,5615.328942589151,185024.85315790816,120,0,Urban,53.539188010825214,Rejected,74948.74858191078,2.4686850235490754
LN00833,Male,Yes,0,Not Graduate,Self-Employed,44644.04869791743,16090.82970349832,218613.94567232876,180,0,Urban,38.235069298863735,Rejected,60734.87840141575,3.5994794330111444
LN03876,Male,No,3,Graduate,Self-Employed,79000.31657339292,33961.23276254347,135935.3173665215,240,0,Rural,33.17546218982727,Rejected,112961.54933593639,1.2033768850165416
LN03627,Female,Yes,0,Not Graduate,Salaried,75280.5956314572,39015.83661030352,179342.5769392434,180,1,Semiurban,31.34537088217232,Approved,114296.43224176072,1.5691003946640831
LN01696,Male,Yes,2,Graduate,Self-Employed,39993.37350788851,25316.53774575175,185795.52080644047,240,0,Urban,31.84585984431976,Rejected,65309.91125364025,2.8448288665540726
LN00241,Female,Yes,2,Graduate,Salaried,57705.27117066202,5607.584593179932,155140.71215775344,120,0,Semiurban,30.4534800768445,Rejected,63312.85576384195,2.4503824742392126
LN05554,Female,No,2,Not Graduate,Self-Employed,58728.52921627757,19301.429743153712,93183.18884220048,240,0,Rural,42.70004165167421,Rejected,78029.95895943129,1.1941975887831435
LN02390,Male,No,1,Graduate,Salaried,23076.242755238127,18959.142209580456,94626.92956861548,60,0,Urban,30.408527078167975,Rejected,42035.384964818586,2.251125561186445
LN00721,Female,Yes,2,Graduate,Salaried,25796.632146867487,25863.807112058377,139357.00586218163,300,1,Semiurban,31.115513613553833,Approved,51660.439258925864,2.697557509407038
LN02744,Male,nan,2,Graduate,Salaried,15000.0,35512.469432694634,173652.26364190006,360,0,Urban,30.869276949103956,Rejected,50512.469432694634,3.4378098238353427
LN04610,Male,Yes,0,Graduate,Salaried,61356.77027833875,12966.817145824933,261574.8167601233,120,1,Semiurban,44.84608874710679,Approved,74323.58742416368,3.519405155557407
LN01691,Female,Yes,1,Graduate,nan,50501.92686754951,9030.064115790676,115567.50456816165,60,1,Urban,38.068879831215,Approved,59531.99098334019,1.9412672524341206
LN00503,Male,No,3,Not Graduate,Salaried,71259.38473381141,1299.7337263557074,101029.21308924229,60,0,Urban,37.10038716114512,Rejected,72559.11846016713,1.392371010470647
LN04571,Male,nan,1,Graduate,Unemployed,54016.36455145131,9782.333427009282,176033.8883540037,300,1,Semiurban,34.41815999028909,Approved,63798.697978460594,2.7592081646154503
LN04216,nan,No,0,Not Graduate,Self-Employed,97132.9487312391,23964.99670200166,79554.80477872975,60,1,Rural,45.07957344718341,Approved,121097.94543324076,0.6569459497773805
LN04015,Male,No,0,Graduate,Salaried,48417.51780728507,15415.418405638946,157093.90213142475,240,0,Rural,38.201320314560675,Rejected,63832.93621292402,2.461016388270395
LN01231,Male,No,1,Graduate,Salaried,32603.940408418443,31875.480552367935,158470.1537456035,60,1,Semiurban,30.441707970413272,Approved,64479.420960786374,2.4576857450686207
LN02808,Male,Yes,0,Graduate,Unemployed,78307.80551120323,19872.18194630427,113521.35333898048,180,1,Rural,42.6353718698178,Approved,98179.9874575075,1.1562575661166463
LN05427,Male,Yes,0,Graduate,Salaried,59598.02496460696,9097.780336943651,225416.80490288645,120,0,Semiurban,38.124593176137395,Rejected,68695.8053015506,3.2813765544109335
LN05705,Male,Yes,1,Graduate,Salaried,18284.15122189992,22496.98021444869,186017.8749196754,120,1,Urban,35.75071351124908,Approved,40781.13143634861,4.5613711137468815
LN04992,Male,Yes,0,Graduate,Self-Employed,57703.95502481873,9053.270128378314,87090.13549865372,60,1,Urban,36.07129701348341,Approved,66757.22515319704,1.3045799207321145
LN05447,Male,Yes,2,Graduate,Salaried,95363.38586119568,23255.570748695653,143243.49964621488,120,0,Urban,32.58438527556282,Rejected,118618.95660989133,1.2075936573722161
LN00890,Male,No,1,Graduate,Salaried,76409.64362394728,25108.397350203137,199100.5493060795,360,1,Urban,29.207779513437053,Approved,101518.04097415041,1.96123316994244
LN03264,Female,Yes,1,Graduate,Salaried,73308.33647383557,5668.809113138583,165365.4676868169,360,1,Urban,35.28284236719598,Approved,78977.14558697416,2.093839508351273
LN01163,Female,Yes,1,Graduate,Salaried,27092.025060862165,1605.1063347134111,181595.01695789065,180,0,Semiurban,37.98598652328488,Rejected,28697.131395575576,6.327984998036714
LN00394,Male,Yes,1,Graduate,Self-Employed,83588.80241442574,5971.910730372003,115209.51946869172,300,1,Rural,48.81573310146865,Approved,89560.71314479774,1.2863845700114753
LN00864,Female,Yes,2,Not Graduate,Salaried,47744.22619031228,14884.84911923355,140473.74051899812,360,1,Urban,37.41548812798101,Approved,62629.07530954583,2.2429477016019
LN00091,Male,Yes,1,Graduate,Self-Employed,79372.89981065778,15935.234964386096,84467.71078478137,360,0,Rural,36.27780513431509,Rejected,95308.13477504387,0.8862591948121827
LN01437,Female,Yes,0,Graduate,Self-Employed,92146.91152039984,14420.360003316977,191702.77259246845,240,1,Rural,38.28831775133612,Approved,106567.27152371682,1.798889751529432
LN05412,Male,Yes,3,Graduate,Self-Employed,44716.26426724307,19021.978249123513,83233.87306222475,360,1,Rural,21.91236437891339,Approved,63738.242516366576,1.3058702244708447
LN02807,Male,Yes,0,Graduate,Salaried,43338.87885998483,14703.112097140216,118648.17454250775,60,1,Urban,29.88919105192732,Approved,58041.99095712505,2.0441782334818908
LN00151,Male,Yes,2,Graduate,Salaried,66928.96418993952,6162.808593089372,136857.97502688033,300,0,Semiurban,43.29097440363152,Rejected,73091.7727830289,1.8724128560014521
LN04883,Female,Yes,0,Graduate,Salaried,69507.31221384021,17426.028130549414,147822.71639605597,180,0,Urban,35.42601392215978,Rejected,86933.34034438962,1.7004145453338253
LN05378,Female,Yes,0,Graduate,nan,72174.71178248833,20849.534930864444,193102.87952732728,360,0,Urban,41.58893449681199,Rejected,93024.24671335277,2.075833842786809
LN01689,nan,No,1,Graduate,nan,54821.900525918456,13039.067893230622,190199.3247945251,180,1,Rural,36.24169665095253,Approved,67860.96841914908,2.8027794065617027
LN02566,Female,Yes,1,Graduate,Salaried,40083.69210419542,27304.600477599754,113870.16092992612,360,0,Urban,33.24608115699903,Rejected,67388.29258179518,1.689761775633531
LN05884,Female,Yes,1,Graduate,Salaried,30424.457523074285,15405.2294231701,166929.72165579314,180,1,Urban,34.016107404695404,Approved,45829.68694624439,3.6423927977424806
LN01854,Male,No,1,Not Graduate,nan,80011.64636085957,4993.706275167593,142435.04801151462,180,0,Semiurban,27.261364545564895,Rejected,85005.35263602716,1.675600930936524
LN02194,Female,Yes,0,Not Graduate,Self-Employed,63794.12335220791,16076.994491066183,93494.16838155258,180,0,Urban,38.37828024895173,Rejected,79871.1178432741,1.1705629131798319
LN04803,Female,Yes,1,Graduate,Self-Employed,45841.78118651849,15439.005331233884,116667.7403521011,180,0,Urban,40.150188842129815,Rejected,61280.78651775238,1.9038225026420592
LN05379,Male,Yes,2,Graduate,Salaried,48857.38854855538,15567.066488392657,144424.05517471035,360,1,Semiurban,28.373512676298233,Approved,64424.455036948035,2.2417582747402642
LN03863,Female,No,1,Graduate,Salaried,55687.80842863955,4268.097259329506,49539.23279872192,180,0,Urban,39.06755928406787,Rejected,59955.90568796906,0.8262611035606892
LN02987,Female,Yes,0,Graduate,Self-Employed,61867.447485533026,8858.564687528153,201819.29542935127,60,1,Rural,40.041349752651485,Approved,70726.01217306117,2.853537040028707
LN01096,Male,Yes,0,Not Graduate,Self-Employed,61572.70380632181,42107.942990405325,227919.20059403908,300,1,Urban,39.21957736002823,Approved,103680.64679672715,2.198281045071892
LN02577,Male,Yes,1,Graduate,Self-Employed,79937.17546931616,5130.572634984432,162521.51415005224,300,1,Urban,36.28319404575272,Approved,85067.7481043006,1.91049507917838
LN04977,Female,Yes,0,Graduate,Salaried,62316.49174453892,9118.914010756904,146046.74902563138,120,0,Urban,35.413761095131136,Rejected,71435.40575529583,2.0444588713602188
LN00070,nan,Yes,0,Graduate,Salaried,67227.91211016828,20764.513451224226,185239.47212194937,60,1,Rural,42.53449848574111,Approved,87992.4255613925,2.105175200480266
LN04846,Male,Yes,1,Graduate,Salaried,16435.773605371396,27700.88025254897,135846.04632008748,240,1,Urban,33.91685604020843,Approved,44136.65385792036,3.077851047734326
LN04414,Male,Yes,0,Graduate,Salaried,64009.19262827458,15035.826018327833,170967.09362308125,120,1,Rural,30.9698847263323,Approved,79045.0186466024,2.1629078789575304
LN02291,Male,Yes,3,Graduate,Salaried,79577.16101563591,37106.89726015764,120161.37618161924,180,1,Semiurban,34.85369440717769,Approved,116684.05827579355,1.0298011395661841
LN01066,Male,No,0,Not Graduate,Salaried,34106.37048558188,11156.126234070787,269922.46427940344,240,1,Semiurban,29.39432934945475,Rejected,45262.49671965267,5.963490391421668
LN00731,Male,Yes,0,Graduate,Salaried,40432.54444769936,6161.311048592706,178529.235005993,360,0,Urban,34.518316883138134,Rejected,46593.85549629206,3.831604684875248
LN05977,Female,No,1,Graduate,Salaried,72461.7469577819,891.9771490904077,90619.94413113264,120,0,Urban,41.697829607545714,Rejected,73353.72410687231,1.235383005218718
LN00020,Female,Yes,2,Graduate,Self-Employed,89312.97537843109,17494.509459300723,120183.76554540396,120,1,Urban,27.35170991032471,Approved,106807.48483773181,1.1252372970676556
LN04207,Male,No,0,Graduate,nan,15000.0,0.0,126546.46910280907,360,1,Semiurban,40.59830108061924,Approved,15000.0,8.436431273520604
LN05980,Male,No,0,Not Graduate,Salaried,40031.18294246563,1706.409410659362,192715.86695868915,60,0,Rural,33.48597945555203,Rejected,41737.592353124994,4.617321126915939
LN04386,Female,Yes,0,Graduate,Self-Employed,46274.417284898314,2705.0484229191206,165330.9893490961,180,0,Rural,44.351340552161105,Rejected,48979.465707817435,3.375516391611194
LN00146,Female,No,0,Graduate,Self-Employed,35260.985782438365,15636.490614965178,203667.0088431773,300,0,Semiurban,35.168599541413506,Rejected,50897.476397403545,4.001514873801622
LN03466,Male,No,3,Graduate,Salaried,51763.53262072685,29336.336088178778,193599.67327134317,360,0,Semiurban,28.60529725741683,Rejected,81099.86870890563,2.38717616136022
LN01886,Female,Yes,0,Graduate,Salaried,43807.92960156708,26706.6162931766,192731.36552753515,120,1,Rural,45.069113417552984,Approved,70514.54589474367,2.7332143046801045
LN03350,Female,No,3,Not Graduate,Self-Employed,49612.07256347747,18247.815941101144,130436.61425462295,240,1,Semiurban,43.53651589427242,Rejected,67859.88850457862,1.9221460148114182
LN03055,nan,Yes,0,Not Graduate,Salaried,42864.55812346414,8097.237667627954,88152.33707785774,300,1,Semiurban,29.30041280816605,Approved,50961.795791092096,1.7297729742338945
LN05030,Male,Yes,1,Graduate,Salaried,35277.28407939075,8967.031512218451,154082.23545091267,120,0,Urban,28.325602249559708,Rejected,44244.31559160921,3.4825317872050863
LN05303,Female,Yes,2,Graduate,Salaried,71071.39062135587,0.0,71978.32660974844,60,0,Urban,47.44309513845974,Rejected,71071.39062135587,1.01276091519335
LN02762,Female,No,1,Graduate,Salaried,77907.10861525199,3124.4683322495985,41954.3698616639,180,1,Rural,29.075306813141623,Approved,81031.57694750158,0.5177533431053073
LN01477,Male,No,0,Graduate,Salaried,68390.64887814055,16954.032212833205,100190.53772020015,60,1,Urban,32.405669235535214,Approved,85344.68109097375,1.1739517500030419
LN02468,Male,Yes,0,Graduate,Salaried,73666.57985622139,2911.4113537927806,58221.476156456265,120,0,Urban,28.755898906245772,Rejected,76577.99121001417,0.7602899375720709
LN00192,Male,Yes,0,Not Graduate,Salaried,64281.87488260408,8262.098943405235,163043.30873609878,360,1,Urban,38.268642906417575,Approved,72543.97382600931,2.2475100292568007
LN05360,Female,No,0,Not Graduate,Salaried,59074.77565467315,28295.342439705244,100951.45407369624,120,1,Urban,39.23264770859297,Approved,87370.11809437838,1.1554460068904464
LN00680,Female,No,0,Graduate,Salaried,74433.4412808647,11847.336660837442,173934.05903254685,300,1,Urban,21.0,Approved,86280.77794170214,2.0159074035015068
LN04311,Male,Yes,0,Graduate,Self-Employed,25085.851342806956,9775.852716224908,61398.60857879788,120,0,Semiurban,21.594678658815702,Rejected,34861.704059031865,1.761205031022886
LN05426,Male,No,2,Graduate,Self-Employed,79278.13868151724,0.0,137784.14806801756,120,1,Urban,29.67970023102918,Approved,79278.13868151724,1.7379841449297333
LN05852,Male,No,1,Graduate,Self-Employed,72246.64428005024,27322.042374139113,138930.08709074525,240,1,Urban,45.58313691535867,Approved,99568.68665418935,1.3953190682655225
LN03463,Male,No,0,Not Graduate,Salaried,80470.6128837069,17589.304282256897,179253.5101229186,60,0,Urban,21.0,Rejected,98059.9171659638,1.827999811783818
LN04855,Male,No,0,nan,Salaried,106873.0810562525,7303.335909886115,183369.15515702844,60,0,Semiurban,31.5519452819111,Rejected,114176.41696613861,1.606016023531465
LN01618,Male,No,2,Not Graduate,Self-Employed,51472.84807588914,1870.3147005272713,57812.35206036852,360,1,Semiurban,31.604342766869458,Rejected,53343.16277641641,1.0837818579052831
LN03988,Male,No,1,Graduate,Self-Employed,98468.91589649906,5190.532729866305,163725.69937466417,180,1,Urban,25.72482624449723,Approved,103659.44862636537,1.579457555912768
LN02753,Male,nan,0,Graduate,Self-Employed,56983.24576866609,11244.910193605005,74746.40628730983,300,0,Urban,34.723608579278086,Rejected,68228.15596227109,1.0955360764644322
LN05376,Male,Yes,0,Graduate,Self-Employed,111439.90634989938,14916.392127285431,182693.2252321189,60,1,Semiurban,31.087270076291997,Approved,126356.29847718481,1.4458576852431808
LN04193,Female,Yes,0,Graduate,Salaried,15000.0,14821.378451122666,131514.16576203535,180,0,Semiurban,30.620408759173763,Rejected,29821.378451122666,4.4100632697977895
LN02969,Male,Yes,1,Graduate,Self-Employed,65401.14716782844,29929.526227538277,182264.84792155217,360,0,Semiurban,43.047135381814286,Rejected,95330.67339536673,1.911922379543483
LN04118,Female,Yes,1,Graduate,Salaried,50904.105652446146,7468.826693794201,119408.55916300486,300,0,Semiurban,34.23890290282584,Rejected,58372.93234624035,2.045615225473518
LN02473,Female,No,0,Graduate,Salaried,32379.1079369245,9054.963040509929,141774.2734101915,240,0,Urban,38.673922383648616,Rejected,41434.07097743443,3.4216834133291836
LN01190,Male,Yes,2,Graduate,Salaried,62107.5101229192,16580.93898576786,106739.54730738766,60,0,Urban,36.53248722837853,Rejected,78688.44910868705,1.3564830482292962
LN00788,Male,No,1,Graduate,Self-Employed,58596.68577082706,4010.837452718061,101178.72301342008,240,0,Semiurban,37.809824573244214,Rejected,62607.523223545126,1.616079311301829
LN04543,Male,No,0,Graduate,Salaried,48046.646334902856,0.0,82422.62728678831,60,1,Urban,33.81760828915752,Approved,48046.646334902856,1.7154709761066813
LN02364,Female,nan,0,Graduate,Salaried,47414.73212614423,23775.475534514204,86503.84563362264,180,0,Urban,28.175004103890604,Rejected,71190.20766065843,1.2151087695369502
LN02318,Female,Yes,0,Graduate,Self-Employed,48833.96492107939,6747.0803916913555,178576.5348450371,240,0,Semiurban,40.44157546638582,Rejected,55581.045312770744,3.2129034968690293
LN01804,nan,Yes,0,Graduate,Salaried,23937.206474881095,13394.403904982026,187318.66209126863,360,0,Urban,35.615655832262576,Rejected,37331.61037986312,5.017695732523485
LN01147,Male,Yes,0,Graduate,Salaried,31198.98234811411,0.0,195038.75658952788,180,0,Urban,33.82025115060929,Rejected,31198.98234811411,6.251446102097539
LN05859,Female,Yes,1,Graduate,Salaried,47371.259450336336,15283.202636777642,177149.26011955526,360,1,Urban,41.138780556482665,Approved,62654.46208711398,2.8274005428894937
LN02112,Male,nan,0,Graduate,Self-Employed,60818.38350791442,0.0,138200.9950566527,60,0,Urban,34.28499937146,Rejected,60818.38350791442,2.27235561166581
LN04958,Male,Yes,1,Graduate,Self-Employed,58969.54142950708,18496.15331028385,50673.64290112388,300,0,Semiurban,36.72064845037016,Rejected,77465.69473979092,0.6541430122241572
LN00285,Male,No,1,Graduate,Unemployed,20958.24400954996,8838.565419510565,180339.75125298172,60,1,Urban,35.03398521445265,Approved,29796.809429060522,6.052317503400153
LN00929,Male,Yes,3,Graduate,Salaried,58684.99477854025,4253.389605671369,38516.16796350095,60,0,Urban,37.24325854058045,Rejected,62938.38438421162,0.6119662641541035
LN04182,Female,Yes,0,Graduate,Self-Employed,43072.805602260545,22367.633451678972,198666.87248067104,120,0,Urban,43.29157180802629,Rejected,65440.43905393952,3.035842597524738
LN00747,Female,Yes,1,Graduate,Salaried,44892.34135293355,20182.189504454116,110185.49055039548,240,0,Urban,43.005478309899544,Rejected,65074.53085738767,1.6932198987629972
LN05139,Female,Yes,1,Graduate,Self-Employed,46819.2145022271,13170.984325760732,233832.54013806797,300,0,Urban,33.30965203750031,Rejected,59990.19882798783,3.8978457265751842
LN04605,Male,No,1,Not Graduate,Salaried,54926.47844915238,0.0,129155.01819403052,300,1,Rural,37.76604862193832,Approved,54926.47844915238,2.3514163267101575
LN05689,Male,No,1,Graduate,Salaried,56634.81731024917,28071.35423150714,110241.2493793083,360,0,Semiurban,38.13723106880467,Rejected,84706.17154175631,1.3014547508496987
LN05905,Female,Yes,1,Not Graduate,Salaried,52240.70062185096,40802.91898690775,156580.76866363708,180,0,Semiurban,50.003605414447826,Rejected,93043.61960875872,1.682874863661229
LN02820,Male,Yes,0,Graduate,Salaried,54422.33211698487,18808.26418345254,75475.35671315533,300,0,Semiurban,44.543738959957416,Rejected,73230.5963004374,1.0306533133160425
LN03591,Female,No,2,Graduate,Salaried,72082.41779177036,11882.144267439751,138871.74646142934,180,1,Urban,47.41548600939676,Approved,83964.56205921012,1.6539328385170375
LN00393,Male,Yes,0,Graduate,Salaried,96629.17531708708,8353.489024979375,111231.04851636969,300,1,Urban,27.694801090403367,Approved,104982.66434206645,1.0595182472597957
LN01795,nan,Yes,0,Graduate,Salaried,44960.61336522362,26935.86535476262,172810.16595758716,240,0,Semiurban,24.801715712265462,Rejected,71896.47871998623,2.4035970750476867
LN02948,Female,Yes,0,Not Graduate,Salaried,56262.0768367603,18327.604786370102,187704.29025192492,60,0,Urban,28.783625400910495,Rejected,74589.6816231304,2.5164913720950577
LN02332,Male,Yes,0,Graduate,Salaried,29642.525066383812,16501.35653956203,85582.42903979792,120,1,Urban,39.41878394854967,Approved,46143.88160594585,1.8546863866079752
LN02825,Male,No,1,Graduate,Self-Employed,94082.11032510982,1338.0166233108248,172614.4996285459,360,1,Rural,41.26694991854201,Approved,95420.12694842066,1.8089946549940417
LN00266,Male,No,3,Graduate,Salaried,92648.22607863272,15733.367447781367,119764.0566682261,360,1,Semiurban,38.42201451797819,Approved,108381.59352641409,1.1050221054282428
LN00067,Female,No,1,Graduate,nan,80070.65795784048,25972.201916064383,133148.68126593117,240,1,Urban,26.666254199872434,Approved,106042.85987390486,1.2556119424189214
LN04517,Male,Yes,0,Not Graduate,Self-Employed,66881.07843126933,27724.833308487592,178148.95909524278,300,1,Semiurban,27.71946365363228,Approved,94605.91173975692,1.8830637094360136
LN00177,Female,Yes,1,Graduate,Salaried,,2898.390565858422,106420.4764465786,120,0,Urban,30.553455661382316,Rejected,2898.390565858422,36.71709316893247
LN05704,Male,Yes,1,Graduate,Salaried,53135.881463139245,20136.092944152217,210997.15996164156,120,1,Urban,55.758865687062496,Approved,73271.97440729146,2.8796434335014283
LN00685,Male,No,1,Not Graduate,Salaried,74259.96860344776,16433.063050000037,229344.98285165455,240,1,Urban,31.335491679832877,Approved,90693.0316534478,2.5288049001164437
LN05507,Female,Yes,1,Graduate,Salaried,15000.0,11483.39816165785,130266.01456697485,120,1,Semiurban,53.334173726086256,Approved,26483.39816165785,4.918780202291844
LN05206,Male,No,2,Not Graduate,Self-Employed,83196.79932776689,19500.546711851464,231805.25552981597,360,0,Urban,32.82451444979312,Rejected,102697.34603961835,2.257168899383151
LN02122,Male,Yes,1,Graduate,Salaried,59614.79240531211,19187.045782923684,195055.5890531086,360,0,Urban,33.62191705994822,Rejected,78801.8381882358,2.475266992975148
LN04104,Male,No,2,Graduate,Self-Employed,58747.2084534553,6417.839682283733,205945.6135853587,180,1,Rural,24.13472125213779,Approved,65165.04813573903,3.16036923898795
LN01510,Female,Yes,1,Graduate,Salaried,37166.2177173299,32448.614066234935,138113.83133264436,240,1,Urban,38.512711149831155,Approved,69614.83178356483,1.983971343377594
LN01673,Male,Yes,0,Graduate,Self-Employed,41551.79631002995,12100.1864556336,148432.9423665139,60,1,Urban,40.230865044796865,Approved,53651.98276566355,2.766588198889617
LN01302,Male,No,2,Not Graduate,Self-Employed,56500.80486609183,10433.023849767536,122804.49732433712,180,0,Rural,30.51540780852313,Rejected,66933.82871585936,1.834714966712187
LN05565,Male,Yes,2,Not Graduate,Self-Employed,73801.47352673225,14958.574150558456,170021.59969281402,240,1,Rural,29.68290374660014,Approved,88760.04767729071,1.9155194723528084
LN01158,Male,Yes,2,Graduate,Self-Employed,79635.3097398319,6455.065372619458,72770.01365471883,300,0,Semiurban,26.007947245088193,Rejected,86090.37511245135,0.845274672803627
LN04151,Male,Yes,2,Graduate,Self-Employed,82555.60501267797,6453.7535824493425,207666.3881698445,60,1,Semiurban,33.48100521625154,Approved,89009.35859512731,2.3330848738551957
LN04442,Male,No,2,Graduate,Salaried,71037.71943644308,14129.847766818626,167683.9687945524,120,0,Semiurban,21.0,Rejected,85167.5672032617,1.9688711830215404
LN01777,Male,Yes,2,Not Graduate,Salaried,59259.26405903176,4811.3004293326485,122961.8322511389,240,0,Semiurban,54.71914561877864,Rejected,64070.56448836441,1.9191626175459946
LN04367,Male,No,1,Graduate,Salaried,60648.14026680272,20382.11605492257,106461.68117796308,240,1,Urban,28.33790826459352,Approved,81030.25632172529,1.3138509738296271
LN00516,Female,Yes,2,Graduate,Salaried,70018.34375248762,31923.46572463205,174287.357372773,240,1,Urban,38.55629362733423,Approved,101941.80947711968,1.709674943644108
LN01704,Male,Yes,0,Graduate,Salaried,68196.37313857026,7382.396293173543,176079.75801762537,240,1,Semiurban,31.750439544856484,Approved,75578.7694317438,2.3297515868744774
LN02277,Male,Yes,0,Not Graduate,Salaried,37024.11929682687,22814.97239460632,96159.1513186472,120,0,Urban,36.6125529171981,Rejected,59839.09169143319,1.6069620811509366
LN00651,nan,No,3,Graduate,Salaried,82531.30059095514,11555.227912475471,81689.42045488869,300,0,Urban,42.56072119877815,Rejected,94086.52850343061,0.8682371616241543
LN05183,Male,No,1,Graduate,Salaried,67350.20821081204,11096.055328828574,170202.45832664846,240,1,Urban,35.557769568636466,Approved,78446.26353964061,2.1696694099476317
LN03519,Male,No,3,Graduate,Salaried,15663.623212918712,10953.041431366735,159572.10236723046,360,1,Urban,52.71801338110285,Approved,26616.664644285447,5.995195284601158
LN05317,Male,No,2,Graduate,Salaried,55589.235416869255,19058.50266692899,154007.98802437767,180,1,Rural,37.63235251975101,Approved,74647.73808379825,2.0631300020302152
LN05020,Male,No,1,Graduate,Salaried,58841.84500246183,20546.387081318073,193592.22849370455,300,0,Urban,46.35011773999508,Rejected,79388.2320837799,2.438550694634477
LN01685,Female,No,0,Graduate,Salaried,83753.58776923128,24022.713999434527,223570.0174083261,240,1,Urban,39.49753410078805,Approved,107776.30176866581,2.0743893948801775
LN04737,Male,Yes,0,Graduate,Salaried,60680.16192456293,4997.294772232117,104428.6281231018,360,0,Urban,36.70433731049799,Rejected,65677.45669679505,1.5900224121832922
LN01247,Male,Yes,2,Not Graduate,Self-Employed,44600.53537882716,15150.27750287097,141561.4030281045,60,1,Semiurban,38.63166546504413,Approved,59750.81288169813,2.3691962703232985
LN03479,Male,Yes,0,Graduate,Salaried,87726.98794525687,25440.251294423797,65725.38035657113,120,0,Urban,31.60041425637924,Rejected,113167.23923968067,0.5807809821830959
LN04802,Female,Yes,0,Graduate,nan,32091.02990489856,17900.878996354324,152442.41966047423,300,0,Urban,35.01621377005198,Rejected,49991.908901252886,3.049341843728911
LN05118,nan,No,1,Graduate,Salaried,28351.4405195272,25929.591108966684,172733.637047129,120,1,Semiurban,46.7260319805218,Approved,54281.03162849389,3.1822099150461884
LN04661,Female,No,2,Graduate,Salaried,54335.63922109535,17452.358478942362,138958.27539814587,300,0,Rural,24.635913647563903,Rejected,71787.99770003771,1.9356755982911733
LN00508,Female,Yes,2,Graduate,Self-Employed,60970.43255889654,2767.7976993807006,73719.2534977378,120,0,Urban,45.76251059315326,Rejected,63738.23025827724,1.1565939813360975
LN05702,Male,Yes,0,Graduate,Self-Employed,61167.40581635791,0.0,213417.93057480335,60,0,Rural,39.05903024521478,Rejected,61167.40581635791,3.489079318085602
LN03721,Male,Yes,0,Not Graduate,Self-Employed,94063.45219836076,17377.317279059862,179873.64669483807,300,0,Urban,45.286956491297296,Rejected,111440.76947742062,1.6140739833215425
LN00054,Female,Yes,1,Not Graduate,Salaried,80619.99044991902,18412.158424920333,141583.11828814045,120,0,Semiurban,35.590432034132604,Rejected,99032.14887483935,1.429668243057905
LN03672,Male,Yes,1,Graduate,Self-Employed,37139.613758525426,4727.481124948712,105458.4159934609,60,1,Semiurban,30.370097489863483,Approved,41867.094883474136,2.5188854466013515
LN03581,Male,Yes,2,Graduate,nan,86626.78123976805,907.8420197548658,163679.7286630839,360,0,Rural,43.74874490881577,Rejected,87534.62325952292,1.8698855671978587
LN05576,Male,Yes,2,Graduate,Salaried,46637.13903344466,9626.374106866002,125436.8486169339,120,1,Urban,34.14387600078379,Approved,56263.513140310664,2.2294528303648207
LN04634,Female,Yes,0,Graduate,Salaried,46415.3869361409,18105.39637914204,184414.2554244116,180,1,Urban,56.35801498864289,Approved,64520.78331528294,2.8582147635013238
LN02334,Male,Yes,1,Graduate,Salaried,77807.66327039571,25313.80525277331,103245.85817862264,180,1,Semiurban,37.79049417507842,Approved,103121.46852316902,1.0012062440269232
LN03311,Male,No,1,Graduate,Salaried,68989.47825664614,5469.595366351501,140185.31911271167,180,1,Urban,43.06804840485423,Approved,74459.07362299763,1.8827164009923119
LN00142,Male,Yes,1,Graduate,Salaried,27850.335308775448,14834.315901774798,168368.01745737434,120,1,Urban,42.193951211791074,Approved,42684.65121055025,3.9444627678194375
LN05208,Male,Yes,3,Not Graduate,Salaried,39482.63788061048,19868.42068967491,103844.04078817352,360,1,Semiurban,21.0,Approved,59351.058570285386,1.7496577700496807
LN00863,Male,No,2,Graduate,Self-Employed,95917.55346191044,17567.507986617875,,180,0,Urban,24.63134670797081,Rejected,113485.06144852831,
LN00396,Female,Yes,0,Graduate,Salaried,25737.30941818245,16168.301741721838,239227.9444426793,60,1,Urban,48.251117422978766,Approved,41905.611159904285,5.708732979214369
LN00289,Female,Yes,0,Graduate,Salaried,47546.00960358812,11849.180720910766,119372.45488229692,120,1,Rural,40.68194030685756,Approved,59395.190324498886,2.0098000230341726
LN04604,Female,Yes,0,Not Graduate,Salaried,38157.16813142534,16829.14563620256,251802.1416420056,360,1,Urban,36.61364641141576,Approved,54986.3137676279,4.579360287836736
LN02984,Female,nan,0,Not Graduate,Unemployed,26902.25127543408,12746.485149558002,67302.02201918428,360,0,Semiurban,33.203764431031274,Rejected,39648.73642499208,1.6974569201343148
LN00814,Male,Yes,1,Graduate,Salaried,80636.8907893727,760.418878023931,177707.14632563744,240,1,Urban,40.343842874540194,Approved,81397.30966739664,2.1832066324032
LN03798,Male,Yes,0,Graduate,Salaried,40132.826008360986,13848.11671223521,112364.0379048466,300,0,Rural,29.590313434513455,Rejected,53980.9427205962,2.0815501219835975
LN03577,Male,No,1,Graduate,Salaried,47234.34546943012,22531.89949732549,163546.06713537205,180,1,Rural,39.2066966713349,Approved,69766.2449667556,2.3442005114837925
LN02629,Male,Yes,2,Graduate,Salaried,50410.140652015136,8155.595979138174,226913.28204560175,180,1,Urban,33.103044921165385,Approved,58565.73663115331,3.874505728062474
LN01152,Female,Yes,0,Not Graduate,Salaried,47220.765046209955,6233.029143807071,104689.09369036526,60,0,Urban,22.3770241684283,Rejected,53453.794190017026,1.9584969650277302
LN02942,Female,No,0,Not Graduate,Salaried,72809.59590401647,13546.505776861148,112580.84096544833,360,1,Rural,39.217776380604676,Approved,86356.10168087762,1.303681370211479
LN03772,Male,Yes,2,Graduate,Salaried,44359.93014977926,752.3434627851057,109809.84099514571,240,0,Semiurban,32.458678153877,Rejected,45112.27361256437,2.43414557063163
LN03404,Male,Yes,0,Graduate,Unemployed,68719.50779000092,21235.257988258585,165433.7647027808,180,1,Urban,27.736657038938596,Approved,89954.7657782595,1.8390772659069416
LN03006,Female,Yes,0,Graduate,nan,69720.72578835273,12973.94227081926,211830.9871071487,180,0,Urban,36.99151821549019,Rejected,82694.66805917199,2.561603935039361
LN05736,Female,Yes,0,Not Graduate,Salaried,71586.93519513552,11600.162776484807,229185.87728197695,240,1,Urban,39.71731524922723,Approved,83187.09797162033,2.7550651828263657
LN01508,Female,Yes,0,Not Graduate,Salaried,61768.13772583695,6996.645938346963,93854.94219615836,300,0,Urban,43.208194331749056,Rejected,68764.78366418391,1.3648693007528887
LN03929,Male,Yes,2,Not Graduate,Self-Employed,63445.08772822075,20477.389787375607,119558.84187883176,120,1,Rural,25.941326249315292,Approved,83922.47751559636,1.4246343222721547
LN02054,Male,Yes,0,Not Graduate,Self-Employed,33082.5815305357,9620.214711780449,146104.59768343408,240,1,Urban,31.304964156017533,Approved,42702.79624231615,3.421429286606116
LN02216,Male,Yes,1,Graduate,Salaried,51265.605279188094,29854.773692725495,151697.8442582584,180,1,Urban,28.980045847269743,Approved,81120.3789719136,1.8700337224852084
LN04795,Female,Yes,0,Graduate,Salaried,34719.876641052724,12218.80135633666,151350.52771509532,300,1,Rural,47.83573856952428,Approved,46938.677997389386,3.224430984688428
LN00369,Female,Yes,3,Graduate,Salaried,44539.80432289067,10731.958050647425,183494.22451078703,360,0,Semiurban,38.79267579924517,Rejected,55271.76237353809,3.3198547799271316
LN01113,Male,No,0,Not Graduate,Salaried,69913.63775945209,5512.513047319999,141687.8963839585,360,1,Urban,35.882590799639864,Approved,75426.15080677209,1.8784983042146324
LN04979,Male,No,0,Not Graduate,Self-Employed,15591.579821297484,18820.337057160108,157783.76938441934,120,0,Urban,40.419943109794936,Rejected,34411.91687845759,4.585149090697546
LN04912,Male,Yes,0,Graduate,Unemployed,76542.30857131536,636.4754296083938,80971.44912765018,360,0,Urban,33.047787414791614,Rejected,77178.78400092376,1.0491412915585847
LN01641,Male,Yes,1,Graduate,Salaried,88244.41110830859,15893.952789316132,130028.76095069916,180,1,Urban,21.0,Approved,104138.36389762472,1.248615362139994
LN04999,Male,No,1,Graduate,Salaried,43038.68803938983,12152.044433525669,164746.7367555068,180,1,Rural,38.742448228928694,Approved,55190.7324729155,2.985043491429566
LN02133,Male,Yes,1,Not Graduate,Salaried,71836.28267482755,33325.612403560124,99001.56406161556,300,1,Urban,27.34054272043615,Approved,105161.89507838768,0.9414205020537124
LN04589,Male,Yes,1,Not Graduate,Unemployed,38403.15104437026,11299.775341627555,240783.8727540158,300,1,Semiurban,28.431390381889603,Rejected,49702.92638599781,4.844460683945742
LN02263,Male,Yes,0,Not Graduate,Salaried,38578.926407019026,14136.621417532731,195411.12620458644,120,1,Rural,38.04494839135735,Approved,52715.54782455176,3.7068973816786475
LN03498,Male,Yes,2,Graduate,Salaried,56336.99057893411,15658.9160860224,205154.16391466837,120,1,Semiurban,21.0,Approved,71995.9066649565,2.849525388566649
LN04203,Male,Yes,2,Not Graduate,Self-Employed,40605.12560730651,15551.70637871464,287661.4755401603,180,1,Urban,24.010466145864143,Rejected,56156.83198602115,5.1224662319228855
LN03635,Male,Yes,1,Graduate,Self-Employed,65336.36792590804,932.8056744044206,186203.7525372152,60,0,Urban,26.120255868118917,Rejected,66269.17360031245,2.80980948487846
LN05063,Female,Yes,0,Graduate,Self-Employed,33178.70573396863,25071.17823412373,97891.25964507778,300,1,Rural,28.849431268287383,Approved,58249.883968092356,1.680539993842732
LN05874,Male,Yes,0,Graduate,Salaried,85421.30652014067,11435.728794749211,23599.770548975488,360,1,Semiurban,27.900702270924775,Approved,96857.03531488989,0.24365571868115482
LN00518,Female,Yes,0,Graduate,Salaried,61986.646108584515,0.0,194422.3465179277,240,1,Urban,44.53867901697902,Approved,61986.646108584515,3.136519859089492
LN04117,Female,Yes,1,Graduate,Self-Employed,22199.79657634114,19338.352400888765,124198.67341391358,240,1,Rural,30.115947558357064,Approved,41538.14897722991,2.9899905622177805
LN04372,Male,Yes,0,Graduate,Self-Employed,38157.57599302866,18306.13261090406,164465.23179368806,180,1,Urban,34.89447840689185,Approved,56463.70860393272,2.9127599985919628
LN03326,Male,Yes,1,Graduate,Self-Employed,59951.92318162292,7025.618829299011,130362.05237915956,60,1,Semiurban,35.416444233111285,Approved,66977.54201092193,1.9463546804673963
LN00312,Female,Yes,3,Graduate,Salaried,76508.3269797606,2604.1198747497183,108070.96702592488,60,1,Semiurban,21.0,Approved,79112.44685451032,1.3660425296245733
LN03741,Male,Yes,0,Graduate,Unemployed,70425.59810027629,3347.9800003471155,155033.7751549467,360,0,Rural,45.59604528785748,Rejected,73773.5781006234,2.1014810335414196
LN00342,Female,Yes,0,Graduate,Salaried,64899.33142217446,13563.40470102882,113583.53657891296,120,0,Semiurban,51.16990703774384,Rejected,78462.73612320327,1.4476112125450549
LN02681,Male,Yes,1,Graduate,Salaried,53959.090010202715,16025.414398175224,178828.05602544974,240,1,Urban,27.63137165524541,Approved,69984.50440837794,2.5552521595629387
LN02646,Female,Yes,2,Graduate,Unemployed,52589.83802819942,0.0,201434.935794495,360,0,Urban,32.45949340303793,Rejected,52589.83802819942,3.8303015059008683
LN03027,Female,Yes,0,Graduate,Salaried,68984.37442570069,25716.803738905895,187016.6711278239,360,1,Semiurban,41.11274500207061,Approved,94701.1781646066,1.9748082838289238
LN00039,Female,Yes,1,Graduate,Salaried,63937.22471738247,23173.06203738326,96476.58784899644,120,1,Semiurban,42.02516840553824,Approved,87110.28675476574,1.1075223310950504
LN05573,Female,Yes,1,Graduate,Salaried,52509.316984994985,15217.130184848427,94361.79608394728,360,0,Semiurban,31.60398445052523,Rejected,67726.4471698434,1.3932784019706235
LN00228,Male,Yes,0,Graduate,Self-Employed,45693.925814800634,23293.23772582862,198345.8700537734,240,1,Semiurban,36.615537695163376,Approved,68987.16354062926,2.8751127003063357
LN01036,Male,No,2,Not Graduate,Salaried,35484.68673995318,0.0,243137.98431901413,300,1,Rural,33.911212431228755,Rejected,35484.68673995318,6.85191294207646
LN02525,Male,No,2,Graduate,nan,69653.75774418426,4446.758414075404,216747.33641918216,300,1,Semiurban,25.98422682063962,Approved,74100.51615825966,2.9250448938340123
LN05099,Female,Yes,1,Graduate,Salaried,61361.44538497242,13013.30866177097,151042.0741068886,300,0,Rural,31.096660960580632,Rejected,74374.75404674339,2.0308245189215817
LN00591,Male,Yes,1,Graduate,Unemployed,50446.851064697665,3222.3854200864207,,360,1,Urban,41.90840298906069,Approved,53669.23648478409,
LN00208,Male,Yes,1,Graduate,Salaried,70300.95372612096,14367.26040103084,214916.7244887708,120,1,Urban,35.52551739329192,Approved,84668.2141271518,2.538340116233186
LN01932,Female,Yes,0,Not Graduate,Self-Employed,50693.790864398936,13253.52054318372,112340.55436057669,120,0,Rural,39.304432273114,Rejected,63947.31140758266,1.7567674369380246
LN03135,Male,Yes,0,nan,Salaried,68860.04260894751,9685.88598861575,239022.6375646203,60,1,Rural,30.80661606224153,Approved,78545.92859756325,3.043093917563482
LN00361,Male,No,0,Not Graduate,Self-Employed,90654.77826005156,26247.767199858125,198424.94013124375,300,0,Urban,41.27502286804375,Rejected,116902.54545990968,1.6973534609585657
LN05997,Male,No,0,Not Graduate,Self-Employed,35651.92413006096,23380.1405453631,189262.76797857735,60,1,Semiurban,34.572575265641895,Approved,59032.06467542406,3.206101108257023
LN01802,Male,Yes,2,Not Graduate,Self-Employed,45831.86466179074,7040.2962614950175,272089.4292664885,240,1,Urban,34.44729692442402,Rejected,52872.16092328576,5.146175690856923
LN04980,Female,Yes,1,Graduate,Salaried,36040.67141565477,0.0,152773.995938269,240,0,Rural,50.26764624926635,Rejected,36040.67141565477,4.238933125754963
LN02436,Male,Yes,0,Not Graduate,Salaried,57370.54808656665,16576.34558440944,162317.39764742495,360,0,Rural,47.42417533860268,Rejected,73946.89367097609,2.195053633620502
LN04985,Male,No,2,Not Graduate,Salaried,92715.9561227163,16951.62047141818,157543.38142557812,360,1,Urban,41.75498547964075,Approved,109667.57659413449,1.4365538686846868
LN02128,Male,Yes,0,Not Graduate,Self-Employed,74307.62630882488,13178.39416142076,164361.01725876398,300,1,Semiurban,35.38993818453365,Approved,87486.02047024564,1.878711780182799
LN02279,Male,Yes,1,Graduate,Self-Employed,69251.82585707902,26356.20585491476,163762.4343784182,180,0,Semiurban,48.47423516508794,Rejected,95608.03171199378,1.712852272408769
LN04574,Male,No,3,nan,Salaried,45012.84621154445,3869.358988128224,75587.08935884837,180,0,Urban,39.32057058386285,Rejected,48882.20519967267,1.5463109540597102
LN01780,Male,No,3,Not Graduate,Salaried,31873.650726563323,11138.872239138584,265384.4113867725,300,1,Semiurban,30.307768460754097,Rejected,43012.52296570191,6.1699336167373735
LN03108,Male,No,0,Graduate,Salaried,69012.06825725078,30323.803825876217,180521.9999658425,180,1,Rural,22.014768148280424,Approved,99335.872083127,1.817289124061615
LN03315,Male,No,1,Graduate,Unemployed,68328.92076202905,0.0,54206.54868457759,120,0,Urban,43.92384344629626,Rejected,68328.92076202905,0.7933177939889344
LN01965,Female,Yes,0,Not Graduate,Salaried,61791.613625104976,10396.932374256368,141309.25747653146,180,1,Urban,39.897576119079304,Approved,72188.54599936135,1.9575024752234464
LN02004,Female,No,0,nan,Unemployed,22127.70666092429,27778.56655030514,274032.5458756072,240,1,Semiurban,35.332707942356684,Rejected,49906.27321122943,5.4909438882714845
LN05399,Male,No,3,Graduate,Salaried,66229.8171759558,12894.65059647008,173955.9563891386,120,0,Semiurban,43.89947129690782,Rejected,79124.46777242588,2.1985102874810183
LN01276,Male,No,0,Graduate,Salaried,106386.59079963388,4452.955450340802,134537.80461836353,60,1,Urban,30.025685173200607,Approved,110839.54624997468,1.2138068872543248
LN04053,Female,Yes,2,Graduate,Salaried,63896.84680540276,4041.608369960421,125978.98902982529,240,1,Urban,48.11854033471173,Approved,67938.45517536318,1.8543104741585232
LN00261,Female,Yes,3,Graduate,Salaried,58809.492878763995,22732.399866657594,145533.2067264477,180,1,Rural,42.851213960756134,Approved,81541.89274542159,1.7847661101123888
LN04742,Male,Yes,0,Graduate,Salaried,60032.380627138824,6736.347147341314,151813.96463191675,300,1,Urban,37.23712120326242,Approved,66768.72777448014,2.2737285806116856
LN03885,Male,Yes,1,Not Graduate,Salaried,70725.8181903438,4055.056391651038,173002.2695441778,180,0,Urban,34.63245964369733,Rejected,74780.87458199484,2.3134560876857138
LN01849,Male,No,0,Graduate,Salaried,68543.8872374337,11733.524368113884,206852.94300227612,240,0,Urban,28.77186300848713,Rejected,80277.41160554758,2.5767266141897074
LN03912,Male,Yes,0,Graduate,Self-Employed,80189.43577191938,7821.467856459645,101597.5102225152,300,0,Rural,39.048376866490166,Rejected,88010.90362837902,1.154374129045474
LN03504,Female,Yes,2,Not Graduate,Salaried,49964.31614376936,33480.4019177085,96681.84623075904,60,1,Semiurban,39.86636567889474,Approved,83444.71806147786,1.1586335058323132
LN00819,Female,Yes,0,Not Graduate,Salaried,81309.60750130702,9563.931039069474,213176.9505398254,180,0,Urban,29.60599008841256,Rejected,90873.5385403765,2.3458638671268166
LN04125,Female,Yes,1,Graduate,Salaried,38089.61222308875,13728.00616017557,150860.97913652804,180,1,Urban,25.915767326415622,Approved,51817.618383264315,2.911383885316737
LN02424,Male,Yes,1,Not Graduate,Salaried,29377.849948885556,21134.60165671837,128608.28921410638,60,1,Rural,47.265625908191275,Approved,50512.45160560393,2.5460710206320374
LN05344,Male,No,0,Not Graduate,Self-Employed,53410.21399564028,16119.819326212575,134661.3657668185,120,0,Rural,41.50591655236766,Rejected,69530.03332185285,1.9367366781412898
LN03560,Female,No,0,Graduate,Salaried,64655.73485880328,11828.971674260343,20000.0,180,1,Rural,57.85522629576435,Approved,76484.70653306363,0.26149018420243514
LN01402,Male,No,2,Graduate,Salaried,,13901.358768980645,147420.9371392211,180,1,Urban,26.56173310536967,Approved,13901.358768980645,10.604786164369393
LN05248,Male,No,2,Not Graduate,Salaried,76387.46536278812,27373.69793563599,101117.65814225972,60,0,Urban,31.777365650117098,Rejected,103761.16329842412,0.9745231734867746
LN03441,Female,Yes,3,Not Graduate,Salaried,47717.54869983368,12488.821653575593,130645.78777625304,60,1,Semiurban,42.068915454230705,Approved,60206.37035340927,2.1699661847968392
LN03276,Male,Yes,0,Graduate,Salaried,83403.97418393208,10754.018339778577,84357.9863453637,240,0,Urban,23.570931081904675,Rejected,94157.99252371065,0.8959195505800621
LN04780,Female,Yes,2,Graduate,Self-Employed,65581.6771669037,2534.3803384057355,202226.32149090705,60,0,Urban,38.72063586327704,Rejected,68116.05750530944,2.968849473931226
LN00414,Female,Yes,1,Graduate,Salaried,66646.28023959184,18645.61477355457,225603.39745707263,240,0,Rural,31.67708323796715,Rejected,85291.89501314641,2.6450742760762838
LN00399,Male,No,2,Graduate,Salaried,84756.32623946923,661.9417607158557,124941.14315234825,300,0,Rural,39.34389800910586,Rejected,85418.26800018508,1.4626981566996597
LN00848,Male,No,1,Graduate,Salaried,47245.200314973685,40299.277492519526,71339.35302191465,180,1,Semiurban,36.6384464948092,Approved,87544.47780749321,0.8148926672312446
LN02361,Male,No,0,Not Graduate,Salaried,32946.59428312931,17569.974455858304,160875.67479693927,240,0,Urban,39.13626142285161,Rejected,50516.56873898761,3.1846120750631832
LN05923,Male,Yes,2,Not Graduate,Salaried,61639.77627649439,8883.068782982016,117842.30013994442,120,0,Semiurban,40.94153955573226,Rejected,70522.84505947641,1.6709805175976733
LN03709,Male,Yes,0,Graduate,Self-Employed,60788.94096481479,4248.969518832444,82115.0636566224,360,0,Rural,41.98359193637198,Rejected,65037.91048364724,1.2625722912372614
LN03763,Female,Yes,0,Graduate,Salaried,76465.5983135541,18252.594982295817,132222.6664404647,120,1,Urban,41.9704721947047,Approved,94718.19329584992,1.3959584937127179
LN05911,nan,Yes,1,Graduate,Salaried,58265.977277035825,1852.5113968957703,107284.51747928189,360,1,Rural,43.96477785135188,Approved,60118.4886739316,1.784551139686289
LN02659,Male,nan,1,Graduate,Self-Employed,71065.02439969567,16263.125145869994,159466.7018090083,300,0,Urban,31.66283771265951,Rejected,87328.14954556567,1.8260629892976548
LN02976,Female,No,1,Graduate,Salaried,85274.13355309337,18070.392372518218,102001.37404279796,240,1,Urban,39.48889265775122,Approved,103344.52592561158,0.9870031637304095
LN00565,Male,Yes,2,Not Graduate,Salaried,51838.49253956897,22072.313738042765,128258.96935669427,180,0,Semiurban,30.317083310911045,Rejected,73910.80627761173,1.735320933652771
LN01988,Male,Yes,1,Graduate,Salaried,47170.36809554096,18247.58239533542,103149.65093769463,360,1,Semiurban,31.32644996367199,Approved,65417.95049087638,1.5767790058186029
LN04821,Male,No,3,Graduate,Salaried,56322.9221368158,14357.962050472865,101937.42562744662,300,1,Urban,41.8701842422572,Approved,70680.88418728867,1.4422205777354884
LN02881,Female,Yes,3,Not Graduate,Salaried,17585.996947298678,11287.426293296065,199823.1307706492,360,1,Rural,43.666622745194175,Approved,28873.42324059474,6.920659497336874
LN01869,Male,Yes,0,Graduate,Self-Employed,51783.7142409083,22250.81044447508,183688.441716813,120,0,Semiurban,25.76468410270667,Rejected,74034.52468538338,2.4811186739891173
LN00213,Female,Yes,0,Graduate,Unemployed,73027.82502611596,1954.105561995275,211532.29020890055,360,1,Rural,35.38865535869777,Approved,74981.93058811122,2.8211102134844217
LN03086,Female,Yes,0,Graduate,Salaried,58868.23022200209,35355.31456719595,38521.22129440613,300,1,Urban,33.739733306144764,Approved,94223.54478919803,0.40882797798138326
LN01140,Male,Yes,1,Graduate,Self-Employed,54048.72993280016,0.0,151678.3824034503,180,0,Semiurban,46.93150077658492,Rejected,54048.72993280016,2.806326487079992
LN02269,Female,Yes,2,Graduate,Self-Employed,58369.54653796708,22927.110177336646,,180,1,Urban,43.48675370311155,Approved,81296.65671530372,
LN03263,Female,No,1,Graduate,Salaried,83455.13690534889,7335.335689802123,103764.40597994142,120,0,Rural,34.61298352572807,Rejected,90790.47259515102,1.1428997229989453
LN03766,Female,Yes,2,Graduate,Salaried,40492.679454435,24330.666057209855,149206.70407732434,60,0,Urban,28.611830841477527,Rejected,64823.34551164485,2.301743344155554
LN00069,Male,Yes,2,Not Graduate,Self-Employed,47097.60490789751,10026.456285859069,224141.64331929537,240,1,Urban,38.45099019613853,Rejected,57124.061193756585,3.923769400061372
LN02100,Male,Yes,2,Not Graduate,Salaried,67528.19052195034,0.0,41947.200132536454,60,0,Semiurban,43.97258866275059,Rejected,67528.19052195034,0.6211805737472165
LN04943,Male,Yes,0,Graduate,Salaried,45436.561980603685,11528.3851758155,157160.65416030653,120,0,Urban,31.867025011340885,Rejected,56964.947156419184,2.7589010787416597
LN02500,Male,Yes,3,Not Graduate,Salaried,71412.25994439062,40054.489053568934,208644.7139315739,60,0,Semiurban,29.721343376587686,Rejected,111466.74899795956,1.8718112424306304
LN02529,Male,Yes,0,Graduate,Salaried,37382.23129348169,10542.425402031511,,360,0,Semiurban,36.06610577371205,Rejected,47924.6566955132,
LN03505,Male,nan,2,Graduate,Self-Employed,32550.689042317983,24907.108466240858,146652.0554842377,240,0,Urban,37.75180020841574,Rejected,57457.79750855884,2.552343839187233
LN02979,Female,No,1,nan,Self-Employed,63996.20867437427,12767.284115666904,176782.01125083046,180,0,Semiurban,27.335106727825487,Rejected,76763.49279004117,2.3029438190671425
LN01729,Female,No,1,Not Graduate,Salaried,96763.67353590246,16664.931271151247,168819.42809445996,120,0,Urban,32.66865584775708,Rejected,113428.6048070537,1.488332051528167
LN01337,Female,Yes,1,Not Graduate,Salaried,53950.60627023743,0.0,119989.7887707186,60,0,Semiurban,45.69595666918152,Rejected,53950.60627023743,2.2240674770120714
LN01003,Female,Yes,0,Graduate,Self-Employed,47061.26444588852,12662.759421482746,104005.09147769232,180,1,Semiurban,39.84551376920318,Approved,59724.02386737127,1.741428067684383
LN01021,Male,Yes,1,Graduate,Salaried,48525.99992122842,0.0,200647.14423348903,300,1,Semiurban,44.8116281944518,Approved,48525.99992122842,4.1348379128548975
LN01812,Male,Yes,1,Graduate,Self-Employed,92244.41256510848,16551.553428653562,164395.9810623,300,1,Rural,24.24145823300357,Approved,108795.96599376205,1.5110484985419943
LN00714,Male,Yes,2,Graduate,Unemployed,59247.30595150303,0.0,157969.65988881112,180,1,Semiurban,45.58542741438399,Approved,59247.30595150303,2.6662758306363736
LN01758,Male,Yes,0,Graduate,Self-Employed,92245.5651597729,927.0655650759744,185916.57715971232,240,0,Semiurban,46.494045484308415,Rejected,93172.63072484887,1.9953990320263535
LN03896,Female,Yes,0,Not Graduate,Salaried,87869.09055048863,10565.705817649645,,240,0,Semiurban,34.15666571277745,Rejected,98434.79636813828,
LN00134,Female,Yes,3,Graduate,Self-Employed,41611.51531532394,6978.005919648208,130850.03927582712,360,0,Urban,40.00609021068651,Rejected,48589.52123497215,2.6929682769059315
LN00762,Male,Yes,0,Graduate,Self-Employed,111201.69076537588,17972.272215850862,120662.76196349942,120,1,Urban,38.99787947651395,Approved,129173.96298122674,0.9341105527670133
LN00153,Female,Yes,1,Graduate,Salaried,64645.07394322007,6292.722283562587,93791.7007619033,300,0,Urban,32.352142504527194,Rejected,70937.79622678267,1.3221682340124925
LN01900,Female,nan,0,Graduate,Salaried,73939.08809021472,121.3829650937696,147452.88604682984,300,1,Urban,29.62053241640122,Approved,74060.47105530849,1.9909795866233657
LN02537,Female,No,1,Graduate,Salaried,78369.08887884827,31976.23779709341,104084.19313357996,120,0,Urban,32.2907015264457,Rejected,110345.32667594167,0.9432587339131344
LN03957,Male,No,0,Graduate,Salaried,55209.961559565,4654.020403933451,191705.02859550345,60,0,Semiurban,21.0,Rejected,59863.98196349845,3.2023434176562784
LN03991,Male,Yes,1,Not Graduate,Salaried,50574.7251859496,16914.507159573524,181847.62699974352,180,1,Semiurban,41.30125420390398,Approved,67489.23234552312,2.6944687423431084
LN02093,Male,Yes,2,Graduate,Salaried,37223.33764438462,10104.293529693285,130008.86582022662,60,0,Urban,30.585988513091408,Rejected,47327.631174077906,2.7469971049688735
LN04519,Male,No,2,nan,Salaried,42043.39867148741,36173.24144370953,241167.9481018233,360,0,Urban,21.0,Rejected,78216.64011519693,3.083333006207283
LN05104,nan,Yes,1,Graduate,Salaried,68004.71711053551,21785.496546210517,210040.04097142257,240,1,Urban,42.1020018249925,Approved,89790.21365674603,2.339230885164979
LN03105,Female,No,1,Graduate,Salaried,67228.34634546205,11568.08431313288,243095.7439075086,240,1,Urban,32.07002166133184,Approved,78796.43065859494,3.0851111132277187
LN01349,Female,Yes,1,Graduate,Self-Employed,55504.69196214633,29194.55680797839,121234.56957991034,180,0,Semiurban,40.58587649307696,Rejected,84699.24877012472,1.4313535402060429
LN04355,Female,Yes,2,Not Graduate,Self-Employed,74317.45489381919,40727.52389244474,147282.95794816752,240,0,Semiurban,51.91742889820031,Rejected,115044.97878626394,1.2802206537131606
LN00352,Male,Yes,1,Graduate,Salaried,77153.19246404039,1462.4532529024143,31548.78442093743,360,0,Semiurban,47.92071881540936,Rejected,78615.6457169428,0.40130414414618504
LN05307,Female,No,0,Graduate,Salaried,42966.75651331214,3703.325406894632,213980.70595888735,60,0,Urban,41.12034246824256,Rejected,46670.08192020677,4.58496529585563
LN04913,Male,Yes,0,Not Graduate,Salaried,63159.48624502903,20501.284812178794,138370.03807822568,180,0,Urban,33.54332854923067,Rejected,83660.77105720782,1.6539417020625746
LN00909,Male,Yes,0,Graduate,Salaried,103265.0944661092,6094.311894089857,152113.15324824897,300,0,Urban,37.781214093580054,Rejected,109359.40636019906,1.3909471376173268
LN01471,Female,No,3,Graduate,Salaried,47804.34191361235,11940.45568468408,48803.41945085279,360,1,Semiurban,40.337896202060485,Approved,59744.79759829643,0.8168647549698014
LN01836,Male,Yes,1,nan,Salaried,37125.475853586766,22034.921482250247,195088.2343970142,240,1,Urban,38.39516067149441,Approved,59160.39733583701,3.297615350511473
LN02297,Female,No,0,Graduate,Salaried,88031.97185892859,18772.632593422262,106132.21324225533,60,0,Urban,41.01649307834818,Rejected,106804.60445235085,0.9937044735707485
LN02809,Male,No,1,Graduate,Salaried,49009.194508089306,22673.073626024867,129579.00749343415,60,0,Rural,30.713406610678312,Rejected,71682.26813411417,1.807685650389827
LN00389,nan,No,0,Not Graduate,Salaried,48461.92688675194,22549.58766141965,145118.9652112962,240,0,Rural,33.200200269180684,Rejected,71011.51454817159,2.0435976634867132
LN05579,Female,No,0,Graduate,Salaried,60313.64472943249,7806.783131918263,141070.88652428874,60,1,Urban,31.605716637494105,Approved,68120.42786135075,2.0709042933702366
LN05491,Male,nan,0,Graduate,Salaried,80432.45968146078,16804.681418312066,95603.32706854626,60,1,Semiurban,28.449319303158347,Approved,97237.14109977285,0.9831976340239151
LN01819,Female,Yes,1,Graduate,Salaried,40256.409456976326,17342.592644567656,158500.5109490105,120,0,Semiurban,32.72663820146772,Rejected,57599.002101543985,2.7517926555321655
LN02488,Female,Yes,0,Not Graduate,Salaried,60507.768410848206,20711.412420380737,101296.99215408892,60,1,Semiurban,26.68349755954865,Approved,81219.18083122894,1.2472052921166625
LN03173,Male,Yes,3,Graduate,Salaried,75520.5582768695,3487.7334249285577,154019.25193818274,120,1,Urban,38.1299073447914,Approved,79008.29170179807,1.949406177765486
LN01785,Male,No,0,Graduate,Salaried,30848.97001070139,15596.918805797362,204911.79017617137,180,0,Urban,33.23885043756897,Rejected,46445.88881649875,4.411839140074364
LN01353,Male,No,1,Graduate,Salaried,75183.10320605294,26788.65937036939,196928.55335299697,300,0,Rural,57.52099420360106,Rejected,101971.76257642233,1.9312067221100513
LN04349,Male,Yes,2,Graduate,Self-Employed,48784.78186040279,12846.117111399237,182081.26162206044,360,0,Rural,34.34380560280228,Rejected,61630.89897180203,2.9543826986098
LN02392,Male,Yes,0,Graduate,Self-Employed,30069.414898198414,30741.46786032409,122756.4964588244,120,1,Urban,34.239789126988036,Approved,60810.88275852251,2.0186599978540904
LN01098,Female,Yes,2,Graduate,Self-Employed,78326.55349404963,6225.1597784436835,154956.289623808,180,0,Rural,30.90117113043615,Rejected,84551.71327249332,1.8326806592838014
LN05733,Male,Yes,0,Graduate,Self-Employed,56191.07628141566,13073.93561239194,215627.4597170113,360,0,Urban,37.59763322340648,Rejected,69265.0118938076,3.113079083096046
LN05416,Female,Yes,1,Graduate,Salaried,52350.9520466142,14654.27774514181,183213.7602128563,120,0,Urban,54.15924781159897,Rejected,67005.229791756,2.734320302792216
LN00397,Female,Yes,0,Not Graduate,Salaried,87077.44748330826,2144.0899924397236,141728.79739090533,120,1,Urban,38.960756059687334,Approved,89221.53747574799,1.5885043163421135
LN03868,Male,Yes,0,Graduate,Unemployed,62797.74465678255,18796.99677417113,153150.88294496143,240,0,Semiurban,36.35550051658372,Rejected,81594.74143095367,1.8769700137423602
LN00137,Male,No,0,Graduate,Salaried,53558.76967588649,9288.160259158136,153713.68450950723,120,0,Semiurban,31.12888280151861,Rejected,62846.92993504462,2.445842377159518
LN02497,Male,Yes,1,Graduate,Self-Employed,54404.796630083314,27090.10198900997,265875.8115598427,360,0,Semiurban,37.28549538854044,Rejected,81494.89861909329,3.262484107165343
LN04695,Male,No,2,Graduate,Salaried,56036.0864724056,4230.454591220536,202768.27733753537,300,1,Rural,23.462039348091253,Approved,60266.54106362614,3.364524888253727
LN01807,Male,Yes,0,Not Graduate,Salaried,70174.50046459868,32230.747176462497,103897.34764112868,60,1,Urban,38.56132493157293,Approved,102405.24764106117,1.0145705423739362
LN04575,Female,Yes,0,Graduate,nan,,19330.63946741319,160004.70295641967,180,1,Urban,42.632031373119545,Approved,19330.63946741319,8.277258661108915
LN00946,Female,Yes,0,Graduate,Salaried,29489.496581505224,0.0,191030.37379543355,180,0,Urban,34.88371193199483,Rejected,29489.496581505224,6.477912339651166
LN02124,Male,Yes,1,Not Graduate,Salaried,60449.31785624093,11665.137190303049,257172.2409271824,300,1,Urban,36.003372521177894,Approved,72114.45504654398,3.5661677088345014
LN02330,Male,Yes,1,Graduate,Salaried,54120.661046716355,12848.036764398195,166428.15575937578,60,0,Urban,30.786676144587993,Rejected,66968.69781111454,2.485163385269742
LN03755,Male,Yes,1,Graduate,Salaried,20621.537151678334,25467.12713775764,106999.87624388492,60,0,Urban,42.01424691026984,Rejected,46088.664289435976,2.3216093999150775
LN01644,Female,Yes,0,Graduate,Salaried,38752.12943706241,24453.117712358653,214245.83924375416,120,0,Rural,40.20579561410176,Rejected,63205.24714942106,3.389684383912999
LN01324,Female,No,1,Graduate,Self-Employed,61289.488296202406,19746.33485566792,178262.3561987365,120,0,Semiurban,29.47587389483475,Rejected,81035.82315187033,2.1997969449221566
LN04889,Male,Yes,1,Not Graduate,Salaried,72719.35501423475,21467.439354186445,197327.42638583912,300,0,Rural,32.180762074500464,Rejected,94186.7943684212,2.0950646819337844
LN01283,Male,Yes,2,Graduate,Salaried,79134.04633589167,14608.55973031658,102212.28210886776,180,0,Urban,51.337911207688904,Rejected,93742.60606620826,1.090350336928734
LN03121,Male,Yes,2,Graduate,Salaried,47756.66165690358,777.6549849312651,157331.62938230875,360,1,Rural,34.59193706323844,Approved,48534.31664183485,3.241657455349737
LN00046,Male,No,0,Graduate,Self-Employed,50787.22458080425,15019.768447558108,182753.9008815263,60,1,Urban,43.230887942350165,Approved,65806.99302836235,2.777119762982646
LN03480,Male,Yes,2,Graduate,Salaried,53956.38826034757,20838.37081539059,134090.96412366585,300,0,Semiurban,25.73204024400441,Rejected,74794.75907573817,1.79278556118997
LN05064,Male,No,0,Not Graduate,Salaried,74873.03551080347,27710.300994311405,83938.31311681542,180,1,Semiurban,47.281866724313794,Approved,102583.33650511487,0.8182451066273342
LN01960,Male,Yes,2,Graduate,Self-Employed,58902.11998767427,8695.415458145224,116630.79728199358,180,1,Urban,28.025220725732417,Approved,67597.53544581949,1.725370555491258
LN05439,Female,Yes,0,Not Graduate,Salaried,58799.24916622871,15182.30997137117,79365.44237536844,180,0,Rural,34.72104209785559,Rejected,73981.55913759988,1.0727733140599938
LN03063,Male,Yes,1,Not Graduate,Salaried,49413.357751032585,7119.237460963288,125560.01008245342,360,1,Rural,42.85539778040264,Approved,56532.595211995875,2.2210197428864955
LN00258,Male,No,3,Not Graduate,Salaried,68876.38856292456,4965.610965004966,86388.11863840184,300,1,Urban,23.985567188325753,Approved,73841.99952792953,1.1699049211922674
LN05250,Female,No,0,Graduate,Self-Employed,40684.347342720816,27833.545772882055,59582.8972987883,120,0,Urban,27.810459433210823,Rejected,68517.89311560287,0.8695961680879546
LN03305,Male,Yes,1,nan,Self-Employed,81227.41929746268,24373.6741425368,101096.28686682238,360,0,Urban,22.055493307308605,Rejected,105601.09343999947,0.9573412885564804
LN05364,Male,Yes,0,Graduate,Salaried,56195.183111735685,12733.377962760003,189071.4459732764,240,0,Rural,23.39640705840429,Rejected,68928.5610744957,2.7430058458486357
LN00415,Male,Yes,0,Graduate,Salaried,45030.26926886893,8198.265236520492,142305.11130071824,60,0,Rural,48.22977952839551,Rejected,53228.53450538942,2.673474154850342
LN04095,Male,No,1,Graduate,Salaried,39360.89515811131,30991.23240836734,104582.93741460076,240,1,Semiurban,42.47868743648195,Approved,70352.12756647865,1.4865639609232286
LN00853,Male,Yes,2,Graduate,Unemployed,83780.33062215103,0.0,126971.69851202212,300,1,Urban,34.649226422679405,Approved,83780.33062215103,1.5155311225096975
LN00068,Female,Yes,2,Graduate,Self-Employed,67232.72050095268,23671.874128277388,,120,0,Semiurban,45.23051045874031,Rejected,90904.59462923007,
LN04853,Male,Yes,1,Graduate,Salaried,62977.53607835382,11135.051096772098,104663.5517324953,300,1,Rural,24.68758083146011,Approved,74112.58717512593,1.4122236953512135
LN05334,Female,Yes,0,Graduate,Salaried,44565.18370806435,750.2882818458784,87832.06311953231,60,0,Urban,43.828401159476336,Rejected,45315.471989910235,1.9382356458537748
LN00157,Male,No,0,nan,Salaried,69476.65841823575,5819.809383610351,185389.5807077509,60,1,Urban,33.79872218047223,Approved,75296.4678018461,2.4621285183739463
LN04008,Male,Yes,2,Graduate,Salaried,50234.52315096911,6523.727875031158,133597.177466162,180,0,Urban,31.87101022296766,Rejected,56758.25102600027,2.3537930618221963
LN00815,Male,Yes,0,Graduate,Salaried,30288.79253926056,16785.29169720478,119278.8237776079,180,0,Rural,30.54127150825791,Rejected,47074.084236465336,2.5338533019238234
LN03882,Male,Yes,1,Graduate,Salaried,23124.128330385087,3007.9567490435675,114504.04335239678,60,0,Urban,36.132860655905134,Rejected,26132.085079428653,4.3817415642250115
LN04635,Male,No,1,Not Graduate,Salaried,15000.0,3847.827720290808,108455.8668072435,360,0,Semiurban,28.19329770229079,Rejected,18847.827720290807,5.75429001244978
LN05745,Female,No,0,Graduate,Self-Employed,67334.92815784513,21089.84446492435,98127.91517958372,180,1,Rural,47.09545403360138,Approved,88424.77262276948,1.1097333051475178
LN01272,Male,Yes,2,Graduate,Salaried,38153.744706548416,24049.620414941997,217066.503477484,180,1,Urban,29.837519073260975,Approved,62203.36512149041,3.489626373967515
LN02220,Female,Yes,0,Graduate,Salaried,52833.19695957556,0.0,189932.41035955717,60,1,Urban,30.89485349438243,Approved,52833.19695957556,3.594944491147882
LN00145,Male,Yes,2,Graduate,Salaried,75636.45743554621,12798.862687451714,185048.61613519827,180,1,Semiurban,29.874631893151196,Approved,88435.32012299792,2.09247409154881
LN03316,Female,Yes,1,Graduate,Self-Employed,58921.90301988522,12152.105904846048,225514.33256365728,300,0,Urban,21.0,Rejected,71074.00892473127,3.1729507871503526
LN03928,Male,No,3,Graduate,Salaried,36412.617567347654,21882.597107724137,142482.58168568663,360,1,Urban,45.51947884205252,Approved,58295.214675071795,2.4441557078031493
LN05881,Female,Yes,2,Graduate,Self-Employed,87849.11882966135,11666.199443923344,154244.41207633336,60,1,Urban,33.2090576722307,Approved,99515.3182735847,1.5499564765726719
LN03282,Male,No,0,Graduate,Salaried,16952.32910781639,6567.016887150476,183707.20025599943,60,0,Rural,42.305624337382355,Rejected,23519.345994966865,7.810897475436295
LN04006,Female,No,0,Graduate,Salaried,15000.0,25008.20497768414,125799.01884018608,240,0,Semiurban,44.0991714737353,Rejected,40008.204977684145,3.144330491966698
LN02574,Male,Yes,1,Not Graduate,Self-Employed,112415.8618205995,13551.332448539057,125599.35984139572,300,1,Rural,40.35649382911978,Approved,125967.19426913856,0.9970799188639787
LN05845,Male,No,2,Graduate,Salaried,49096.27510547356,13911.513749308382,193837.9994577132,300,1,Rural,27.968469271895252,Approved,63007.788854781946,3.0764132971633704
LN00850,Female,Yes,1,Graduate,Self-Employed,47537.18947150471,3795.820810636107,209456.4890726733,300,0,Urban,44.80515644759832,Rejected,51333.010282140815,4.080346894161105
LN02869,Male,Yes,2,Graduate,Self-Employed,84579.61004978124,1338.85919066315,176723.42675342556,120,0,Rural,39.51340244159211,Rejected,85918.46924044439,2.0568735490254353
LN00080,Male,Yes,3,Graduate,Salaried,55606.56224324976,30486.392950240366,212944.31028714107,120,0,Semiurban,39.33611105891298,Rejected,86092.95519349012,2.4734231716004884
LN02805,Male,No,1,Not Graduate,Salaried,24475.073330670966,0.0,116925.605735924,180,1,Semiurban,39.81813938304791,Rejected,24475.073330670966,4.777334235374835
LN03308,Female,Yes,3,Graduate,Salaried,95223.76249734747,17201.89314205133,20000.0,120,0,Semiurban,36.79550207928553,Rejected,112425.6556393988,0.17789533791245365
LN01848,Female,Yes,0,Graduate,Self-Employed,79389.14401053474,8493.43378663805,157350.5416806432,120,0,Urban,29.775794968963233,Rejected,87882.5777971728,1.7904634300076847
LN04915,Female,Yes,0,Not Graduate,Salaried,64227.93134941318,14820.720317502011,126733.87408294612,120,0,Semiurban,24.13007730370976,Rejected,79048.65166691519,1.6032389093359953
LN03705,Male,No,3,Graduate,Salaried,66152.25336378392,6910.361070741996,219552.12375279728,240,1,Semiurban,44.2511838962425,Approved,73062.61443452592,3.004985866602761
LN03270,Female,No,0,Graduate,Salaried,55686.64724904735,29955.717364824264,140500.92882514608,180,1,Semiurban,46.21645219083825,Approved,85642.36461387161,1.6405540582468803
LN02051,Male,Yes,0,Not Graduate,Salaried,42657.395685781994,3225.8349475071136,107763.1295604412,240,1,Urban,48.200560638822026,Approved,45883.23063328911,2.3486386654355833
LN01081,Male,Yes,0,Graduate,Salaried,53014.84591363143,27434.691283459637,131446.79855495738,240,1,Urban,23.242530935992917,Approved,80449.53719709106,1.6339037256725237
LN05514,Female,No,2,Not Graduate,Salaried,83910.62776173418,14599.627924789009,98696.59586294212,360,1,Urban,46.27185306421952,Approved,98510.25568652319,1.0018915814918996
LN01499,Male,Yes,3,Graduate,Salaried,71850.53898402366,13203.802785943668,139867.33685889252,120,0,Urban,36.13937560157602,Rejected,85054.34176996733,1.6444467613090112
LN04694,Male,Yes,1,Not Graduate,Self-Employed,56182.5556089364,21847.14854049892,162270.487088567,60,1,Urban,32.76139859289151,Approved,78029.70414943533,2.0795989022052606
LN01742,Male,Yes,1,Graduate,Salaried,61401.04326226363,8687.588637592995,113407.0395070968,120,1,Urban,43.19701761518111,Approved,70088.63189985663,1.618051835697606
LN03300,Male,Yes,1,Not Graduate,Salaried,,19212.473786909803,28443.94180141861,180,1,Semiurban,36.54164740922117,Approved,19212.473786909803,1.4804934604932842
LN02254,Female,Yes,1,Graduate,Salaried,34952.13111173762,16149.417717591316,243286.36779842284,300,0,Semiurban,24.28543809972793,Rejected,51101.54882932893,4.7608413711874125
LN02935,Male,Yes,1,Graduate,Salaried,89453.41351501964,14512.343481568849,124330.16596119692,360,0,Rural,33.35883682881485,Rejected,103965.75699658849,1.1958761187616482
LN03838,Female,Yes,0,Graduate,Unemployed,40639.084829795094,5011.791306659505,186896.74631310775,300,1,Semiurban,49.87771935996353,Approved,45650.8761364546,4.094045112178273
LN01787,Male,No,1,Not Graduate,Salaried,44956.87188818834,8621.91307140064,123447.04148106622,60,1,Semiurban,30.259251101358533,Approved,53578.78495958898,2.3040283868731692
LN05532,Male,Yes,0,Graduate,Salaried,86310.16581880208,8697.67926353561,133558.458670638,120,1,Rural,34.43721383582675,Approved,95007.84508233769,1.4057624247228298
LN02871,Male,Yes,2,Graduate,Unemployed,69167.73407102968,15818.443345295387,193267.9354525035,120,0,Urban,35.96737251157325,Rejected,84986.17741632507,2.274110229781655
LN04896,Male,No,2,Graduate,Salaried,26229.896238629997,0.0,195776.48958623715,180,1,Semiurban,25.801376135861844,Approved,26229.896238629997,7.463868244278753
LN01198,nan,Yes,3,Not Graduate,Self-Employed,64478.28268129323,32754.90849240048,189298.704943273,360,1,Semiurban,26.27102678246185,Approved,97233.19117369372,1.9468527429601372
LN04871,Female,Yes,0,Graduate,Salaried,87202.31800360625,17819.1802075105,116184.20682113188,360,0,Urban,41.94500590433156,Rejected,105021.49821111676,1.1062897482911125
LN05312,Female,No,0,Graduate,Salaried,43898.096379389826,6510.953436295355,186058.09110420776,180,1,Urban,27.254341680615283,Approved,50409.04981568518,3.6909660424964863
LN01521,Male,Yes,2,Graduate,Self-Employed,71641.95406937231,0.0,106261.18878728162,180,1,Semiurban,25.56023846106153,Approved,71641.95406937231,1.483225718332401
LN04423,Male,No,0,Graduate,Self-Employed,78917.39287368291,14867.169110409804,195422.25828228865,120,0,Rural,27.165819269666873,Rejected,93784.56198409271,2.0837358958442995
LN01365,Female,No,2,Graduate,Salaried,56829.4085394606,22642.132033388552,203373.3925535343,60,1,Semiurban,41.02504392221797,Approved,79471.54057284916,2.5590719783154077
LN03744,Male,Yes,0,Graduate,Salaried,40097.03036293241,20724.714117797357,105376.75161421712,360,1,Urban,42.43865866938104,Approved,60821.74448072977,1.7325506282971506
LN00044,Male,No,0,Not Graduate,Salaried,30429.560192651457,16095.71580077858,233563.12301518177,120,0,Semiurban,36.8710026945837,Rejected,46525.27599343004,5.0201340675155555
LN05197,Male,Yes,0,nan,Unemployed,53262.09746429723,32772.94768030454,230403.85677267733,360,0,Rural,26.935250918150793,Rejected,86035.04514460177,2.6780233146321994
LN03732,Male,Yes,0,Graduate,Self-Employed,19630.24271222724,27696.132625998427,181264.4756271034,120,0,Rural,35.99839615659064,Rejected,47326.37533822567,3.8300941986718238
LN02126,Female,Yes,0,Graduate,Salaried,36383.743693823104,23790.141545570074,157349.61421442777,300,1,Urban,43.21738289263442,Approved,60173.885239393174,2.6149153173080797
LN04322,Male,Yes,0,Graduate,Salaried,84405.65792835434,25370.053243691586,151898.18641053175,360,1,Semiurban,41.098555883209976,Approved,109775.71117204592,1.383713981797571
LN02913,Female,No,0,Graduate,Self-Employed,75158.43699847239,17820.362104622207,142520.7342341312,180,1,Rural,28.799306959439686,Approved,92978.7991030946,1.5328304474668968
LN01255,Female,Yes,1,Graduate,Salaried,35807.17962617589,33197.71787312598,138304.60072775529,360,0,Urban,38.79938957818827,Rejected,69004.89749930186,2.004272243562923
LN05585,Male,Yes,1,Graduate,Self-Employed,45520.70539064425,25832.61776294304,249807.61598774628,240,1,Urban,40.98284297580857,Approved,71353.32315358729,3.5009948373397823
LN00387,Male,No,1,Graduate,Salaried,97523.41678431771,777.7035049379283,79659.47276975641,120,1,Urban,46.97835088516172,Approved,98301.12028925565,0.8103617998996826
LN04582,Female,Yes,0,Not Graduate,Salaried,59880.90581574541,10128.328169708557,127026.2284023678,180,1,Urban,37.0269282340005,Approved,70009.23398545398,1.8144210580672888
LN05865,Male,No,0,Graduate,Salaried,48003.57212165877,3709.3557816769826,144260.5589182725,120,0,Semiurban,37.02243147023007,Rejected,51712.92790333575,2.78964206373948
LN05587,Male,Yes,2,Not Graduate,nan,15000.0,5572.247597695254,160546.30809819652,120,1,Urban,47.14066033716597,Rejected,20572.247597695256,7.804023713781415
LN05464,Female,Yes,0,Not Graduate,Salaried,20653.498715480113,47877.61187388739,184674.79103023,120,0,Semiurban,21.36751980179406,Rejected,68531.11058936751,2.6947584745384527
LN02673,Male,Yes,0,Graduate,Salaried,49223.16287614523,26936.11755172588,108349.587208028,120,1,Urban,21.0,Approved,76159.28042787111,1.4226708366900034
LN05718,Female,No,0,Graduate,Self-Employed,71118.82903291684,6536.016942223123,145877.70204254234,360,0,Urban,37.030028435887445,Rejected,77654.84597513996,1.8785395838560146
LN02025,Male,Yes,1,Not Graduate,Self-Employed,63676.9908950739,13630.104223060576,230867.93487225275,360,1,Urban,41.63921102103987,Approved,77307.09511813447,2.9863744656225792
LN04649,Female,No,2,Graduate,Self-Employed,55412.35336289066,0.0,,360,0,Semiurban,35.067897811657645,Rejected,55412.35336289066,
LN04036,Male,Yes,1,Graduate,Salaried,70338.93031496742,11956.551289460484,173730.19615173806,360,0,Urban,25.278014224306624,Rejected,82295.48160442791,2.111053884912079
LN05545,Female,Yes,3,Graduate,Unemployed,26576.604550118696,27962.567097480016,90265.8265991724,60,0,Urban,29.594400286574984,Rejected,54539.17164759871,1.6550641286306864
LN01734,Male,Yes,1,Graduate,Salaried,75998.838038841,16177.07418460958,201072.9052007688,60,0,Rural,32.84350747618685,Rejected,92175.91222345058,2.181404017063946
LN03502,Female,Yes,1,Graduate,Salaried,60904.45417999965,16755.740849258218,233138.86445897343,300,0,Semiurban,33.72005929158415,Rejected,77660.19502925787,3.0020381016444806
LN02759,Female,Yes,1,Not Graduate,Salaried,72454.22447800537,29617.170162571183,161179.97272229526,120,1,Urban,23.125819718009257,Approved,102071.39464057656,1.5790905306022065
LN05941,Male,Yes,0,Graduate,Salaried,75428.03589807534,22906.72318690728,,60,0,Semiurban,44.85810034037749,Rejected,98334.75908498262,
LN00904,Male,Yes,2,Graduate,nan,63821.981360398066,11327.960657882517,68587.29761424128,60,1,Rural,37.189745397581845,Approved,75149.94201828058,0.9126726617773983
LN03078,Female,No,2,Graduate,Self-Employed,64680.48908706296,4343.173021804334,60186.171661123226,300,0,Rural,35.7000265221151,Rejected,69023.6621088673,0.871964335450571
LN00622,Female,Yes,1,Not Graduate,Salaried,97640.48992950068,18653.94241925141,114224.36169386256,240,0,Urban,31.361752096609944,Rejected,116294.43234875209,0.9821997441057053
LN02797,Female,Yes,1,Not Graduate,Self-Employed,24282.67016131778,23976.55771649744,150008.02537035424,120,1,Urban,37.29436564414628,Approved,48259.22787781522,3.108380137165704
LN05990,Male,No,0,Graduate,Salaried,70755.36380736968,9774.79070590363,197111.5008783918,360,1,Urban,40.39035851650082,Approved,80530.1545132733,2.4476731985644347
LN02483,Female,Yes,2,Graduate,Salaried,44666.86824433304,1751.5421906725987,167601.93064790603,240,1,Urban,35.70115484056665,Approved,46418.41043500564,3.6106779417313253
LN02109,Male,Yes,0,Graduate,Salaried,72063.74862164687,19147.844620792413,38703.22910209611,120,0,Semiurban,29.977217589974373,Rejected,91211.59324243928,0.424323572544374
LN05148,Male,Yes,1,Graduate,Self-Employed,74932.22729204314,2226.2886644938208,154398.21387371377,60,1,Semiurban,25.9831532976979,Approved,77158.51595653697,2.0010521451797434
LN05159,Male,Yes,2,Graduate,Salaried,37396.42541030633,33056.68878116265,147575.2069225587,60,0,Urban,26.356175595278692,Rejected,70453.11419146898,2.094658392551628
LN05732,Female,Yes,0,Not Graduate,Salaried,80456.82943101529,24363.80134616622,159813.61692204318,360,1,Urban,50.61003547370048,Approved,104820.6307771815,1.524638954537117
LN01857,Male,Yes,0,Graduate,Self-Employed,54999.06970802094,6140.292661022231,129309.49406890514,360,1,Semiurban,42.97781825668609,Approved,61139.36236904317,2.1149957909011285
LN01716,Male,Yes,2,Graduate,Salaried,66639.6066113803,7859.348820178212,197327.56807117368,240,0,Urban,31.310466964702975,Rejected,74498.95543155851,2.6487293268488394
LN04240,Male,Yes,3,Graduate,Salaried,23162.04454084285,31857.017540349716,250445.4709548064,300,0,Urban,44.04449626094588,Rejected,55019.06208119256,4.551976378390816
LN02448,Male,No,0,Not Graduate,Salaried,44324.68668827207,7134.279084421499,158247.84377045123,240,1,Rural,23.04266690774692,Approved,51458.96577269357,3.075223945803136
LN04287,Female,No,1,Not Graduate,Salaried,63713.77160837478,15092.26992995469,124161.62162268552,360,1,Urban,28.81600173371223,Approved,78806.04153832947,1.575534301672748
LN02872,Female,No,2,Graduate,Salaried,18259.459627958626,0.0,154468.03692981196,120,1,Urban,37.63539370339063,Approved,18259.459627958626,8.459617101334844
LN01201,Male,Yes,2,Graduate,Salaried,51411.889177494944,15650.2463118878,223034.01660645683,360,1,Urban,33.020364020930074,Approved,67062.13548938275,3.3257816050574096
LN04584,Male,Yes,0,Not Graduate,Salaried,56234.77329827387,6579.013102786113,89222.83939744715,180,1,Semiurban,28.186903934885557,Approved,62813.78640105998,1.420434024272441
LN01327,Male,No,1,Graduate,Salaried,57118.24888556769,19081.35912778356,213943.68823501875,120,1,Rural,40.39435366725952,Approved,76199.60801335124,2.807674393778152
LN05626,Male,No,1,Not Graduate,Salaried,66556.22147148247,7612.612746950725,224226.038292435,60,1,Rural,43.3459675655633,Approved,74168.83421843319,3.023184072599433
LN03800,Male,Yes,1,Graduate,Salaried,32229.14892337578,24338.10426074997,76188.47598453009,60,1,Semiurban,33.250278318450185,Approved,56567.253184125744,1.346865398193147
LN00008,Male,Yes,1,Graduate,Self-Employed,50610.51228130096,26400.678464951605,131597.08589281596,60,1,Urban,21.0,Approved,77011.19074625257,1.7088047154915544
LN03325,Female,Yes,0,Graduate,Self-Employed,69503.35492990763,18619.142707305266,121932.16312380265,60,1,Urban,36.677650525693664,Approved,88122.49763721289,1.3836666730189502
LN03427,Male,Yes,0,Graduate,Unemployed,87690.64095187813,8875.771090991318,149202.5136511615,120,1,Semiurban,43.8958080832288,Approved,96566.41204286944,1.5450767041538722
LN03850,Female,Yes,1,Not Graduate,Salaried,49506.75185866394,8608.064662498418,241655.7074199225,360,0,Semiurban,31.367802588997332,Rejected,58114.81652116236,4.15824607020697
LN01490,Female,No,1,Graduate,Salaried,48962.83708215106,12356.441667965331,108710.64373727466,240,0,Urban,21.0,Rejected,61319.27875011639,1.7728624007513838
LN01316,Male,Yes,0,Graduate,Salaried,38697.72673849255,5717.800326519822,266651.7781055734,180,0,Urban,27.735821202974503,Rejected,44415.52706501237,6.003571177153138
LN03636,Male,Yes,0,Graduate,Salaried,53217.554414599224,14237.609826794023,250545.1517706717,120,0,Urban,26.9310368189308,Rejected,67455.16424139324,3.714247153473343
LN02331,Male,Yes,0,Graduate,Salaried,58568.014962838664,26433.981071495527,138700.9227327969,180,1,Urban,28.839439521368877,Approved,85001.9960343342,1.6317372438733382
LN03303,Male,Yes,1,nan,Unemployed,39484.946327194455,0.0,136066.7614287706,60,1,Urban,36.39237024851096,Approved,39484.946327194455,3.446041443269163
LN02244,Female,Yes,2,Graduate,Salaried,92344.25149937248,7948.894798340395,184421.82599373345,300,1,Urban,44.67457740770503,Approved,100293.14629771287,1.8388278043076918
LN01624,Male,Yes,2,Graduate,Self-Employed,97465.95552435092,42219.121479064925,120432.53101008612,360,0,Semiurban,43.70899714413762,Rejected,139685.07700341585,0.8621717766396841
LN04948,Male,Yes,0,Not Graduate,Salaried,52286.54738044304,7445.391986071181,122423.62999491852,60,0,Rural,32.015123476118866,Rejected,59731.93936651422,2.0495505636227396
LN00340,Male,No,1,Graduate,Self-Employed,43555.59208867137,5741.100961088501,130829.1029015534,360,0,Semiurban,39.37464992676909,Rejected,49296.69304975987,2.653912358167617
LN00935,Male,Yes,3,Graduate,Salaried,,19806.08593347347,83758.34721486826,240,1,Semiurban,43.411902742178185,Approved,19806.08593347347,4.228919711658508
LN01428,Female,Yes,0,Graduate,Unemployed,55574.92752828456,17023.833705986952,129441.3302223342,180,1,Semiurban,32.50334968285193,Approved,72598.76123427151,1.7829688554138738
LN04261,Female,Yes,0,Graduate,Salaried,54264.11528523461,23949.300615655608,192866.10959530887,120,1,Urban,28.703702794217826,Approved,78213.41590089022,2.465895490866979
LN01631,nan,Yes,1,Graduate,Salaried,43072.86690018253,6466.005259608886,60753.07335639477,240,1,Urban,47.587508656259295,Approved,49538.87215979142,1.2263717502576783
LN03953,Male,Yes,0,Graduate,Salaried,71410.14416709032,5392.204417551098,208976.91338038692,120,0,Semiurban,21.382221182082375,Rejected,76802.34858464141,2.7209703509272267
LN05371,Male,Yes,2,Not Graduate,Unemployed,37488.25771936062,0.0,196543.66445328455,300,1,Rural,42.81341662747271,Rejected,37488.25771936062,5.2428060520876265
LN05075,Male,No,2,Graduate,Self-Employed,62015.821452896125,16949.677059907586,185664.9088310316,120,0,Semiurban,24.36488318706772,Rejected,78965.49851280371,2.351215560311157
LN04525,Male,Yes,1,Graduate,Self-Employed,82885.86137119879,14138.378959005056,77855.57129711533,240,0,Semiurban,47.90289567329269,Rejected,97024.24033020384,0.8024342270771557
LN05713,Female,No,1,Graduate,Salaried,67960.96433018525,17930.08807258655,98400.10543173803,180,0,Rural,42.73261135249949,Rejected,85891.0524027718,1.1456386047094533
LN03924,Male,Yes,0,Graduate,Salaried,54746.80959367665,15466.373665659656,209091.414697102,60,1,Urban,32.81752297591615,Approved,70213.1832593363,2.977950934439352
LN03462,Male,Yes,2,Not Graduate,Self-Employed,63133.87456493049,14037.87737959421,179391.75609328947,60,0,Urban,36.22980833810782,Rejected,77171.7519445247,2.3245779909499285
LN04425,Female,Yes,2,Graduate,Self-Employed,37344.3009746451,20069.15720136311,201442.45768047977,300,1,Semiurban,39.59134703811888,Approved,57413.45817600821,3.5086278388410688
LN01143,Female,No,0,Graduate,Salaried,62511.52906943084,0.0,150751.69627708953,240,1,Urban,33.07057302629541,Approved,62511.52906943084,2.4115822876393143
LN03401,Female,No,0,Graduate,Self-Employed,71395.20714397293,11066.488751771272,187666.5585889106,60,0,Urban,37.83565842800421,Rejected,82461.69589574421,2.2758028021419325
LN00821,Female,No,1,Graduate,Salaried,88186.9488037116,33338.96546024375,113860.9872277753,180,1,Rural,27.638358867672004,Approved,121525.91426395535,0.9369276332327625
LN00184,Female,Yes,1,Not Graduate,Salaried,55530.74429348298,14389.02491994132,175676.06846273676,120,0,Semiurban,31.469013002426085,Rejected,69919.7692134243,2.5125378764695308
LN00640,Male,Yes,0,Graduate,Salaried,53284.306014197435,4009.607754681409,77491.8416481649,240,1,Rural,39.80555023834682,Approved,57293.91376887885,1.3525318232013896
LN04150,Female,Yes,3,Graduate,Salaried,58791.92541606184,15342.046845380755,147372.29190399032,60,0,Semiurban,26.975175313385392,Rejected,74133.9722614426,1.9879184590873364
LN00446,Female,Yes,1,Graduate,Salaried,67331.96492193696,7339.547975996002,110399.82129523778,180,1,Rural,37.18968970340554,Approved,74671.51289793296,1.4784730750820751
LN03702,Male,No,0,Not Graduate,Salaried,41673.58161853161,20870.575345945355,102568.90493955166,60,1,Rural,47.708506777405034,Approved,62544.15696447696,1.6399438399626596
LN02754,Male,Yes,0,Graduate,Salaried,58521.048687832146,8439.027639943586,200841.54445064257,180,1,Urban,30.0371405031974,Approved,66960.07632777574,2.999422274662662
LN00764,Female,Yes,1,Graduate,Salaried,82985.46652571352,0.0,159172.71132361164,180,0,Urban,36.977014569752,Rejected,82985.46652571352,1.9180793696483114
LN04359,Male,Yes,1,Graduate,Salaried,73604.40720953382,16224.909253744549,200464.74778899047,360,0,Semiurban,27.017218971173833,Rejected,89829.31646327837,2.2316183143944897
LN04254,Female,Yes,1,Graduate,Salaried,64676.960515791965,15490.947313056717,102628.85524907704,240,1,Semiurban,31.849127854310968,Approved,80167.90782884868,1.2801738005709276
LN01357,Male,No,1,Graduate,Salaried,67836.08010805093,12689.404631591016,112644.86231664669,300,1,Urban,42.838168266600235,Approved,80525.48473964195,1.3988722040091324
LN01576,Male,No,1,Not Graduate,Salaried,27697.363681889812,0.0,233602.08865211604,360,1,Urban,33.892355603947465,Rejected,27697.363681889812,8.43409110466564
LN05060,Female,Yes,0,Graduate,Salaried,53896.22309038496,3187.988268511199,194084.8213478871,300,1,Urban,27.43435752798606,Approved,57084.211358896166,3.3999737708146576
LN02105,Male,Yes,1,Not Graduate,Salaried,92853.45906511928,0.0,263884.44630154653,240,1,Rural,32.747255519393526,Approved,92853.45906511928,2.8419452431651586
LN02558,Male,No,0,Not Graduate,Salaried,66556.42345686171,14060.964312869528,102245.88559320864,300,1,Urban,28.41998559373017,Approved,80617.38776973124,1.268285768390998
LN04473,nan,Yes,1,Graduate,Unemployed,70884.40704680694,5468.424952449081,208223.79235250028,60,0,Rural,31.059885052397213,Rejected,76352.83199925601,2.7271259873442446
LN04759,Male,Yes,1,Graduate,Salaried,74438.06970876284,5967.068892208908,137163.30982599733,240,1,Urban,34.70478296790196,Approved,80405.13860097174,1.7059022870005929
LN05207,Female,Yes,2,Graduate,Salaried,49880.67602024289,9104.210040638722,191142.9611391676,60,1,Semiurban,21.837647187133086,Approved,58984.88606088162,3.240541330229547
LN01783,Male,Yes,0,Graduate,Salaried,75201.11927379205,41068.59163149769,147415.10303123842,120,1,Urban,47.86696475917898,Approved,116269.71090528974,1.2678719322809608
LN05654,Male,Yes,1,Graduate,Salaried,42483.1518700978,0.0,226639.19423840527,360,0,Urban,42.105885774687465,Rejected,42483.1518700978,5.334801780513079
LN01137,Male,Yes,0,Not Graduate,Salaried,35447.84369726015,8888.22847980673,107371.37056267505,240,1,Urban,26.935590740517306,Approved,44336.072177066875,2.42176100160297
LN04864,Female,Yes,0,Not Graduate,Salaried,58482.570986299535,14499.194011435333,119404.34736790897,180,1,Semiurban,40.98587218886792,Approved,72981.76499773486,1.6360846763792973
LN05682,Female,Yes,2,Graduate,Self-Employed,39861.45278109712,34519.290895174236,215449.4704864556,240,0,Urban,32.97588952644665,Rejected,74380.74367627135,2.8965759124990766
LN05624,Female,Yes,3,Graduate,Salaried,94318.15262265388,36773.203810422216,52496.10367378096,240,0,Semiurban,39.48808142065193,Rejected,131091.3564330761,0.40045434803766744
LN05375,Male,Yes,2,Graduate,Salaried,74793.50936235668,0.0,165774.8404161746,120,0,Urban,39.29987679927029,Rejected,74793.50936235668,2.216433509130252
LN00614,Female,No,1,Not Graduate,Salaried,108915.03959233651,22674.793445541305,153770.4564462333,120,0,Urban,48.66895026596841,Rejected,131589.8330378778,1.168558792851199
LN04739,Male,No,1,Graduate,Salaried,,451.0783471068953,108101.03926603407,300,0,Semiurban,44.25084388837811,Rejected,451.0783471068953,239.65025135736914
LN04445,nan,No,0,Graduate,Salaried,44772.89460382119,16973.134122902666,63863.87592173222,60,1,Urban,29.03231214409425,Approved,61746.02872672385,1.0342993264292601
LN01204,Female,Yes,0,Not Graduate,Salaried,60977.20140651408,0.0,187352.94139120617,300,0,Urban,44.90760719348123,Rejected,60977.20140651408,3.0725080369331543
LN02437,Male,Yes,3,Graduate,Salaried,76520.94342883013,16949.550924121875,114590.69193202088,120,1,Rural,43.55533837602692,Approved,93470.494352952,1.2259557705912771
LN05414,Male,Yes,2,Graduate,Salaried,45811.37685343048,15343.93795307583,122557.30701838736,240,0,Urban,46.22703124782297,Rejected,61155.314806506314,2.0040336217081904
LN00580,Male,Yes,1,Not Graduate,Salaried,66769.92814988828,12120.939231320795,167404.76458936723,240,0,Semiurban,37.527527082414906,Rejected,78890.86738120907,2.1219790090588
LN05568,Male,Yes,2,Graduate,Unemployed,65462.36868587288,20698.763759795227,80922.54705602808,360,0,Rural,36.64590595592366,Rejected,86161.1324456681,0.9392001330420837
LN01725,Male,No,1,Not Graduate,Salaried,81719.64232350065,686.4515294557295,,60,0,Urban,31.207447545806012,Rejected,82406.09385295639,
LN04099,nan,No,2,Graduate,Salaried,61445.57930768578,9168.342827440436,176413.4969457553,300,1,Semiurban,27.7087913541979,Approved,70613.92213512622,2.498282089588111
LN00048,Male,No,0,Graduate,Self-Employed,66872.36579136923,1549.8551606933124,200876.57119653132,300,0,Semiurban,27.037611445105224,Rejected,68422.22095206255,2.9358382174888464
LN03285,Female,No,1,Not Graduate,Salaried,90068.39656857998,0.0,76698.08992755639,60,1,Urban,26.66062307056144,Approved,90068.39656857998,0.8515538507356112
LN01614,Female,Yes,1,Graduate,Self-Employed,56390.40172818749,30050.620386083297,274265.6962266843,360,0,Urban,38.89211532803226,Rejected,86441.02211427079,3.1728650300330616
LN00928,Male,Yes,2,Not Graduate,Self-Employed,91310.4805846868,14327.225350864655,76066.32018448514,240,0,Urban,42.97193859884943,Rejected,105637.70593555145,0.7200678915811791
LN02591,Male,Yes,2,Graduate,Self-Employed,50853.9668982642,0.0,116980.93147322304,60,1,Urban,31.4083960254144,Approved,50853.9668982642,2.3003305072984572
LN04474,nan,Yes,0,Graduate,Salaried,76916.05745125856,18629.957034326875,101767.12055524718,180,0,Semiurban,33.52480294141676,Rejected,95546.01448558543,1.0651110996429924
LN01453,Male,Yes,2,Graduate,Salaried,112033.6622836079,25216.24764399948,154056.22917092516,240,0,Rural,29.941545566446965,Rejected,137249.9099276074,1.1224504937903585
LN02669,Male,Yes,1,Not Graduate,Self-Employed,72512.61867292001,22985.666731105903,105007.1014182366,360,0,Urban,23.620837058954123,Rejected,95498.28540402591,1.0995705417535153
LN03704,Male,No,1,Graduate,Self-Employed,57192.49882189327,20424.23969532102,104518.39136276489,60,0,Semiurban,41.07492984696071,Rejected,77616.73851721428,1.3465960224492581
LN02571,Female,Yes,1,Graduate,Salaried,31028.17170732912,19113.57631151439,82172.74738567305,300,1,Semiurban,42.38092244858612,Approved,50141.74801884351,1.6388089891639226
LN05830,Female,Yes,1,Graduate,Salaried,55271.02326528281,9494.660317992988,80781.09278931549,240,0,Urban,38.909113793345654,Rejected,64765.6835832758,1.2472823310117163
LN02580,Male,No,0,Graduate,Salaried,67442.10945213726,16739.472084128112,146780.1229687646,120,0,Urban,42.58608735838442,Rejected,84181.58153626537,1.7436132737127519
LN04481,Female,No,1,Graduate,Salaried,65716.06573589466,12541.516825560167,165523.96385029666,120,1,Semiurban,25.08747121590762,Approved,78257.58256145482,2.1151172631778206
LN01749,Male,Yes,0,Graduate,Salaried,80020.92185134282,28919.208876799188,180311.85967481445,360,0,Semiurban,37.56921290898897,Rejected,108940.13072814202,1.6551463493721996
LN00355,Female,No,0,Graduate,Self-Employed,39949.41270724383,12647.26090027561,178360.89527169362,240,1,Semiurban,36.15927833563645,Approved,52596.673607519435,3.391105996600409
LN02148,Male,Yes,2,Not Graduate,Salaried,57934.90479701905,17637.55584822576,186138.83869663865,180,1,Rural,29.706534491783135,Approved,75572.4606452448,2.4630511843516496
LN02594,Male,Yes,3,Not Graduate,Salaried,76968.61764410569,14039.993382661418,56026.65180269169,60,0,Rural,35.73658098808686,Rejected,91008.6110267671,0.6156192383401319
LN04477,Male,No,1,Graduate,Salaried,75131.2934982628,26529.132562048097,146043.88888077455,300,0,Rural,33.171663637862004,Rejected,101660.4260603109,1.4365854496235615
LN01293,Female,Yes,1,Not Graduate,Salaried,76769.81548903283,5217.450619395226,186279.50877411608,300,0,Urban,36.907324514671856,Rejected,81987.26610842806,2.272054156895068
LN00825,Female,Yes,1,Not Graduate,Unemployed,89067.68954235403,9025.211419755968,174080.6922844047,300,0,Urban,34.07879893624206,Rejected,98092.90096211,1.7746512803372616
LN01354,Male,Yes,2,Not Graduate,Salaried,48469.791985465614,28111.622966036164,187847.636806391,180,0,Urban,48.36432277642841,Rejected,76581.41495150178,2.452914155808599
LN01585,Male,Yes,2,Not Graduate,Salaried,73862.11214526289,6771.440984815676,176048.84367458857,360,1,Rural,44.28867715538806,Approved,80633.55313007857,2.183319931227456
LN04112,Female,Yes,3,Graduate,Salaried,91175.78368993787,8286.924086289138,210233.79678784628,300,0,Rural,43.91755343465427,Rejected,99462.707776227,2.1136946850555693
LN00295,Female,Yes,1,Graduate,Unemployed,46141.80809478692,21787.28069279419,213526.46120735715,300,1,Urban,43.911935649144354,Approved,67929.0887875811,3.1433729646377118
LN05770,Male,Yes,1,Graduate,Salaried,97768.73879228512,0.0,242833.6168958857,300,0,Semiurban,38.32722779411552,Rejected,97768.73879228512,2.4837552360350954
LN02821,Male,Yes,2,Not Graduate,Self-Employed,76903.15942368643,28427.218613511857,207928.2746411161,300,0,Rural,27.548694027119787,Rejected,105330.37803719829,1.9740579927253705
LN01107,Male,Yes,0,Graduate,Salaried,38931.68873652688,13506.385043503587,190927.4358219999,360,1,Rural,21.04077428007179,Approved,52438.07378003046,3.6410078032787916
LN03618,Female,Yes,3,Graduate,Salaried,83895.25723753875,25270.604268730174,276350.5209164303,60,0,Semiurban,49.45958962735533,Rejected,109165.86150626894,2.53147382435635
LN05826,Male,No,1,Graduate,Salaried,57819.53160073073,31807.657133881898,122303.26580788787,60,1,Urban,36.842071392457306,Approved,89627.18873461263,1.3645777306485598
LN01979,Male,No,1,Graduate,Salaried,68141.0457424907,0.0,161575.93860232306,120,1,Urban,41.65629202091105,Approved,68141.0457424907,2.371198399462912
LN05954,Male,Yes,2,Graduate,Salaried,70617.88628431899,6687.121045181098,132001.19132095494,300,1,Urban,39.163455919011966,Approved,77305.00732950008,1.7075374012749425
LN00099,Male,Yes,0,Not Graduate,Salaried,55308.25733249706,7819.352163817357,158111.1608449416,180,0,Rural,42.138561153631066,Rejected,63127.60949631441,2.504627723217883
LN05010,Male,Yes,3,Graduate,Salaried,91966.43615282066,17066.776285391163,128911.15678061848,60,1,Semiurban,29.714745224750175,Approved,109033.21243821183,1.1823109114910404
LN03039,Male,Yes,0,Graduate,Salaried,55867.774406079065,14925.192032592531,150789.2386680325,300,1,Urban,42.31142897053792,Approved,70792.9664386716,2.1300031098239427
LN04722,Female,Yes,0,Not Graduate,Salaried,60524.09505548071,15261.851491857984,131642.82144763845,240,1,Semiurban,43.15105164568895,Approved,75785.9465473387,1.7370347332854053
LN00618,Male,No,2,Not Graduate,Salaried,69620.18463473427,612.798989431305,170018.41447312804,120,0,Urban,21.045013029441513,Rejected,70232.98362416557,2.4207773285403835
LN03201,Female,Yes,3,Not Graduate,Salaried,68508.89728368344,10239.374422221332,187886.7057104952,300,0,Semiurban,50.93860108231853,Rejected,78748.27170590477,2.3859152923658
LN05617,Male,No,1,Graduate,Salaried,53479.75008366302,24030.58166736933,196951.45787495727,180,1,Semiurban,32.273568815000964,Approved,77510.33175103235,2.5409703896969074
LN05273,Male,nan,0,Graduate,Salaried,73978.39370161577,22834.656483247345,179186.46807609097,300,0,Urban,41.826007723022485,Rejected,96813.05018486312,1.8508503526532527
LN05757,Male,No,2,Graduate,Salaried,53371.37257436995,32283.293805663332,149946.4433231293,180,1,Urban,29.385148323726952,Approved,85654.66638003328,1.7505928125135153
LN04468,Male,Yes,2,Not Graduate,Salaried,62148.887486817854,27237.93622513165,136512.96966941713,180,0,Urban,44.84768466104804,Rejected,89386.8237119495,1.5272158020664477
LN01680,Female,Yes,1,Graduate,nan,68074.60180673219,20327.832093226243,65249.110351234616,120,0,Urban,30.870885995420487,Rejected,88402.43389995843,0.7380917863084457
LN05499,Male,Yes,0,nan,Self-Employed,91989.4188022758,10659.666456764,171784.15559622514,60,0,Urban,37.93419321887463,Rejected,102649.0852590398,1.6735088789414903
LN00894,Female,Yes,0,Graduate,Salaried,87643.17982075055,7924.477147058937,132576.690431901,60,1,Semiurban,31.788920050288436,Approved,95567.65696780948,1.3872547955900754
LN02363,Female,No,1,Graduate,Salaried,82253.7674997985,10640.985309095671,78078.66406122979,60,0,Semiurban,44.277341098043095,Rejected,92894.75280889418,0.840506720781695
LN05625,Male,Yes,1,Graduate,Salaried,58049.49232508753,0.0,149832.11899800095,120,1,Urban,36.302500656517665,Approved,58049.49232508753,2.5811098942763238
LN03181,Male,Yes,3,Graduate,Self-Employed,70442.85091867871,11115.200932285192,52040.919563201154,360,1,Urban,23.483565986935456,Approved,81558.05185096391,0.6380843875267982
LN01318,Female,Yes,2,Graduate,Self-Employed,47809.75595681433,18553.38195590137,142937.9089465734,300,0,Rural,51.43923282839006,Rejected,66363.1379127157,2.1538750794842296
LN02884,Male,No,2,Graduate,nan,15000.0,32379.8498512352,179982.18203625176,60,0,Urban,28.758014041960823,Rejected,47379.8498512352,3.798707311259231
LN04818,Female,No,3,Graduate,Salaried,72552.12595123662,14957.98084608844,53949.3430588372,120,0,Urban,37.58221347588303,Rejected,87510.10679732506,0.6164927119079494
LN02740,nan,No,0,Graduate,Self-Employed,68297.31000723821,7486.545303966296,177125.21148322578,60,0,Semiurban,38.650404567292995,Rejected,75783.8553112045,2.337242025440188
LN03886,Female,Yes,2,Graduate,Salaried,16077.443578001068,13597.244144495717,248785.2550615037,60,0,Urban,30.79861200189073,Rejected,29674.687722496783,8.383753095837845
LN03821,nan,Yes,0,Not Graduate,Salaried,65385.89505161468,18948.814900025776,189363.68474081112,240,0,Rural,33.081217866206686,Rejected,84334.70995164046,2.2453825340645244
LN01645,Female,Yes,1,Graduate,Unemployed,68566.14194415297,9474.306538811476,126305.85651071405,180,0,Rural,27.563090672464806,Rejected,78040.44848296445,1.6184665640188565
LN01498,Male,Yes,0,Graduate,Salaried,80481.25051622925,0.0,156059.1075950339,120,0,Semiurban,46.808328441082146,Rejected,80481.25051622925,1.939074089853564
LN03569,Male,nan,2,Graduate,Self-Employed,78080.35109522629,11193.053762049076,88541.44832408414,240,1,Semiurban,21.0,Approved,89273.40485727537,0.9918009564622137
LN00472,Male,Yes,3,Graduate,Self-Employed,29696.178756028956,16293.680067038184,165868.13166276808,60,0,Rural,51.256038818888435,Rejected,45989.85882306714,3.606624066860009
LN00288,Female,Yes,1,Not Graduate,Salaried,65619.83735470065,29488.201083377156,133386.3649374956,120,1,Urban,34.7153492892966,Approved,95108.03843807781,1.4024720426164579
LN02125,Male,Yes,1,Graduate,Unemployed,70942.3823035042,23852.5632086596,137170.2582105238,360,1,Semiurban,35.5435410471453,Approved,94794.9455121638,1.447020803371025
LN04789,nan,No,1,Graduate,Salaried,56594.83506408189,10447.794191172949,110076.36016001838,120,1,Semiurban,35.52846417679849,Approved,67042.62925525484,1.6418860862529572
LN05333,Male,Yes,1,Not Graduate,Unemployed,83866.22011854252,26003.928922787298,162191.34633083822,300,0,Rural,32.645543168951306,Rejected,109870.14904132982,1.476209395782532
LN00072,Female,Yes,2,Not Graduate,Salaried,59283.47921780097,16849.705750731562,164700.81996533155,60,1,Urban,32.648472476979954,Approved,76133.18496853253,2.1633249683880416
LN03496,Male,Yes,1,Graduate,Salaried,76310.02044888525,27428.26893326828,247200.88250002207,240,1,Rural,43.454379694729695,Approved,103738.28938215353,2.3829280776876676
LN02320,Female,Yes,0,Not Graduate,Self-Employed,68790.02461240452,0.0,94030.45601270453,120,0,Semiurban,23.406916154689473,Rejected,68790.02461240452,1.3669199355940997
LN03630,Male,nan,0,Graduate,Salaried,71928.82275163505,35044.23303675171,207102.72961761232,360,1,Urban,38.040385498573535,Approved,106973.05578838676,1.9360270499077943
LN01604,Male,Yes,1,Not Graduate,Self-Employed,50345.12955635935,18056.65568642596,195438.1739062179,120,0,Urban,24.44332143831776,Rejected,68401.7852427853,2.8572086709802913
LN03058,Male,Yes,0,Graduate,Unemployed,35957.00947847823,177.68576322691297,245608.90238314768,360,0,Semiurban,37.30130136481365,Rejected,36134.695241705136,6.797038157932941
LN01239,Female,No,0,Not Graduate,Salaried,92567.93246257077,5030.683735978731,162797.21885391732,300,0,Semiurban,32.6057953267721,Rejected,97598.6161985495,1.6680279413258403
LN03738,Male,Yes,2,Graduate,Self-Employed,52588.34475198435,24230.44827226762,153296.55542894502,180,0,Rural,21.0,Rejected,76818.79302425197,1.995560583470099
LN02351,Male,Yes,0,Not Graduate,Salaried,72340.11899153395,9432.82102142837,194087.3200380006,360,1,Urban,34.55854379142386,Approved,81772.94001296232,2.3734907905626805
LN01174,Male,Yes,2,Not Graduate,Self-Employed,44920.70822266648,28746.112675765544,182717.7845298109,240,1,Semiurban,22.010781211513823,Approved,73666.82089843202,2.4803267237734157
LN01487,Female,Yes,2,Graduate,Salaried,24783.823760384483,19610.78032296435,151792.16474290247,180,0,Urban,37.24314568242216,Rejected,44394.60408334884,3.419157978251583
LN05621,Female,No,0,Graduate,Salaried,24412.02138985559,28255.00219721257,162611.5739959649,120,0,Urban,26.562036273978556,Rejected,52667.02358706816,3.0875406073999687
LN02683,Male,No,0,Graduate,Self-Employed,74637.41408576591,23312.111031997556,211023.8195540537,360,0,Rural,27.4818785081379,Rejected,97949.52511776346,2.1544139116585046
LN00592,Female,Yes,0,Graduate,Salaried,69579.59651492783,29697.842587874955,108856.6197501011,180,0,Rural,37.305198477795926,Rejected,99277.43910280279,1.0964889982443944
LN04729,Male,No,2,Not Graduate,Salaried,60386.88141623508,3915.029092032168,96578.12570770856,180,1,Semiurban,27.924637572329196,Approved,64301.910508267254,1.5019479972572756
LN04847,Male,Yes,2,Not Graduate,nan,49410.66072985983,27950.071499384183,163560.57376399866,180,0,Semiurban,41.685607589486466,Rejected,77360.73222924402,2.114258345943748
LN04665,Male,Yes,0,Not Graduate,Self-Employed,56845.0603353703,14923.259363154964,181748.14368062752,300,0,Urban,31.901922466691666,Rejected,71768.31969852526,2.532428576342469
LN00231,Male,Yes,1,Not Graduate,Salaried,64329.1717916395,11364.267050849709,177166.9798499524,300,1,Urban,32.44101164815569,Approved,75693.43884248921,2.3405856909027465
LN03185,nan,Yes,3,Graduate,Salaried,,14338.87606047993,137045.79704596844,300,0,Urban,35.468122879472624,Rejected,14338.87606047993,9.557638720630761
LN04513,Male,Yes,0,Not Graduate,Unemployed,41288.07402475148,879.2439368436972,153992.8417884652,60,1,Semiurban,33.578833341047996,Rejected,42167.317961595174,3.6519477460889878
LN02415,Female,Yes,1,Graduate,Salaried,65429.90621651296,17951.409793374165,107701.8483685374,120,0,Urban,30.281691748923336,Rejected,83381.31600988712,1.2916784421556313
LN00988,Female,Yes,0,Graduate,Salaried,55580.71652340672,14775.639480194264,126868.53617035548,360,0,Urban,32.41942455437477,Rejected,70356.35600360099,1.8032277874633258
LN05914,Female,No,0,Graduate,Salaried,55301.51456958051,3962.414373976835,116495.47130909831,120,1,Urban,48.25942847263272,Approved,59263.928943557345,1.9657061788807149
LN00272,Male,Yes,1,Not Graduate,Salaried,83263.27504309919,14080.315337969534,141954.7530861701,60,0,Urban,55.39664925145135,Rejected,97343.59038106872,1.4582855689877792
LN04088,Female,Yes,2,Graduate,Salaried,82791.11072050939,22700.501089175857,65028.52401962409,300,1,Rural,36.34711284660822,Approved,105491.61180968524,0.616433125857821
LN00678,Male,Yes,2,Graduate,Salaried,78713.56786294922,8470.498441679192,201936.35297210916,360,1,Semiurban,37.8245289559634,Approved,87184.06630462842,2.31620709530256
LN03947,Female,No,1,Graduate,Salaried,68563.72495621152,8859.618384505888,172269.8386057143,120,0,Urban,50.33638477269877,Rejected,77423.3433407174,2.2250374521751835
LN00040,Male,Yes,0,Not Graduate,Salaried,74769.33159990821,24540.851021566283,166345.54321195875,240,0,Rural,29.91617770491998,Rejected,99310.1826214745,1.6750099417900854
LN02422,Male,No,1,Not Graduate,Salaried,55412.18511863945,9017.20665802152,136921.63883867324,360,0,Semiurban,34.15109972963416,Rejected,64429.39177666097,2.125142501939185
LN04085,Female,Yes,1,Graduate,Salaried,55513.62058243791,16756.737124917792,214063.48227006712,360,0,Rural,41.90479798846748,Rejected,72270.3577073557,2.9619817731755833
LN00624,nan,No,2,Not Graduate,Salaried,91863.73253278794,8454.6642900169,33203.465147245166,300,0,Urban,40.608629369110105,Rejected,100318.39682280483,0.3309808190604697
LN03072,Male,No,2,Graduate,Salaried,64046.57592845604,0.0,204118.93556617212,120,1,Urban,39.00424252180335,Approved,64046.57592845604,3.1870390041488794
LN04447,Male,Yes,2,Graduate,Unemployed,61997.73908818426,4490.588338110396,145870.4837291744,240,1,Rural,39.38545074566407,Approved,66488.32742629465,2.193926202924543
LN00339,Male,Yes,0,Graduate,Salaried,48725.508943920504,14548.771096759485,173593.4973938338,300,0,Rural,25.87269877336971,Rejected,63274.28004067999,2.743508061762661
LN05798,Male,Yes,0,Graduate,Salaried,70202.4872250015,32293.008660447565,147770.06640023884,120,1,Urban,25.048101313915524,Approved,102495.49588544907,1.4417225374019313
LN04851,Female,nan,2,Not Graduate,Salaried,110980.19417435444,21927.75769708238,161709.70757491028,60,1,Urban,40.75497093976493,Approved,132907.95187143682,1.2167045334603732
LN02147,Male,Yes,1,Graduate,Salaried,43430.05950439508,31646.41821966275,269650.6147383393,120,0,Urban,41.28612999162153,Rejected,75076.47772405783,3.5916790839527004
LN02746,Male,Yes,1,Graduate,Salaried,64826.43869833562,14006.85662207968,184846.53174813787,120,0,Urban,43.54154402958324,Rejected,78833.2953204153,2.3447774318812287
LN02184,Male,nan,1,Graduate,Salaried,15762.76177340986,15538.973470332065,165569.49688482136,180,0,Urban,41.29019390457212,Rejected,31301.735243741925,5.289467040582782
LN05666,Male,Yes,2,Graduate,Salaried,73878.46466382516,23427.74030099027,209464.17267198217,300,1,Rural,27.39110709323852,Approved,97306.20496481544,2.1526291437192673
LN03661,Male,Yes,0,Graduate,Salaried,45438.45804289357,17813.48347489577,117068.39595224848,180,0,Urban,35.5716768459863,Rejected,63251.94151778934,1.8508269176104815
LN02197,Male,Yes,3,Graduate,Salaried,60382.95554831504,35773.43439569953,127931.12483526854,300,1,Semiurban,35.99181893388597,Approved,96156.38994401458,1.3304485007159093
LN02526,Male,No,2,Not Graduate,Salaried,68401.88980903683,11760.911467840782,152066.34159385017,360,0,Urban,31.718414995941743,Rejected,80162.80127687761,1.8969689079180498
LN05398,Female,Yes,1,Not Graduate,Self-Employed,22144.75644819896,14618.654311753597,98600.29633912804,360,0,Urban,36.34146881683251,Rejected,36763.41075995256,2.6820225409154954
LN02888,Female,Yes,2,Not Graduate,Salaried,52299.56376574273,14317.137922357091,215056.49260892865,120,1,Urban,41.39935859758924,Approved,66616.70168809983,3.228266893426001
LN03588,nan,Yes,0,Not Graduate,Salaried,84791.68012883123,0.0,95394.00451388018,240,0,Semiurban,33.95590448569865,Rejected,84791.68012883123,1.1250396780549687
LN01214,Male,No,1,Graduate,Salaried,54101.00643415944,15140.049673713807,122176.7111075012,300,1,Urban,23.22922234288884,Approved,69241.05610787324,1.764512530212675
LN00187,Female,No,0,Graduate,Salaried,58543.42174686254,26671.207880032976,128703.7700341217,60,0,Rural,25.505754797039796,Rejected,85214.62962689552,1.5103482887579212
LN03338,Male,No,2,Not Graduate,Salaried,,15327.736375557814,131964.77497752133,300,0,Urban,33.50002730545698,Rejected,15327.736375557814,8.609541014024572
LN05348,Male,nan,2,Graduate,Self-Employed,20022.221862775004,28845.049626510343,192440.2728865725,360,0,Semiurban,37.88158643042686,Rejected,48867.27148928535,3.938019599247873
LN04134,Female,Yes,1,Graduate,Self-Employed,57783.74879441825,4476.705303968047,95816.70832859533,360,1,Semiurban,28.881227328067155,Approved,62260.4540983863,1.5389657803841614
LN05291,Female,Yes,1,Graduate,Salaried,69133.76021460799,24259.04176727718,224307.5662571672,60,0,Rural,32.8040697359801,Rejected,93392.80198188516,2.40176503431897
LN04812,Female,No,0,Graduate,Salaried,73189.02482227223,13998.272312132434,179655.26996788697,360,0,Urban,30.409489535677928,Rejected,87187.29713440467,2.0605670306643082
LN03008,Male,Yes,0,Graduate,Unemployed,81653.82107774146,18051.50835874973,86848.23232114669,360,0,Urban,21.0,Rejected,99705.32943649119,0.87104904835068
LN04421,Female,No,0,nan,Self-Employed,38278.90835763828,18975.27756573154,205927.07046679748,120,0,Semiurban,41.22258314992317,Rejected,57254.18592336982,3.596716417248767
LN02617,Female,No,0,Graduate,Self-Employed,61639.91112827121,22265.1162233606,226776.53866859412,180,1,Urban,44.27944034131123,Approved,83905.02735163181,2.702776529923671
LN04098,Female,Yes,1,Graduate,nan,57356.61288711256,10998.80338698869,87871.79986001473,240,1,Urban,47.14740198123923,Approved,68355.41627410126,1.2855133455358374
LN00496,Female,No,1,Graduate,Self-Employed,39255.07691347087,24972.65567658873,195963.05458406455,180,0,Rural,45.67172413748539,Rejected,64227.7325900596,3.0510660532704743
LN00485,Female,Yes,1,Graduate,Salaried,31554.925808046515,39984.30483721495,143206.3475818102,360,0,Urban,34.880583738050184,Rejected,71539.23064526147,2.0017876386163755
LN01801,Male,No,1,Graduate,Salaried,58786.78372370759,8201.114602638136,63213.30315261864,60,0,Urban,33.9940315265696,Rejected,66987.89832634572,0.9436525810178678
LN01193,Male,Yes,0,Not Graduate,Salaried,66395.63868285074,24911.911129266664,60712.93590268685,300,0,Rural,42.04806661100336,Rejected,91307.5498121174,0.6649278841411824
LN05247,Female,No,3,Graduate,Self-Employed,28824.26009952317,14036.15363685103,146326.3472717891,60,0,Semiurban,24.670596708581023,Rejected,42860.4137363742,3.414020876508871
LN04784,Male,Yes,0,Not Graduate,Salaried,115104.35487439804,30803.39770822969,119110.1863259486,360,0,Urban,47.626684236932306,Rejected,145907.75258262773,0.8163389828000837
LN01203,Male,Yes,1,Graduate,Self-Employed,70865.96058072775,6561.461225751007,155333.48276835223,120,1,Urban,44.92966142334065,Approved,77427.42180647876,2.0061817782928513
LN03206,Male,Yes,0,Graduate,Self-Employed,44546.81109458352,25525.473107347487,174630.47434065264,120,0,Rural,36.032365224738875,Rejected,70072.284201931,2.492147592012425
LN05230,Female,Yes,2,Graduate,Salaried,96152.17015538526,18029.718735872833,201552.13693913305,300,0,Semiurban,26.590199756818382,Rejected,114181.8888912581,1.7651848195564763
LN04923,Female,Yes,1,Graduate,Salaried,88283.7457666218,12402.788289234675,204295.92057533597,60,1,Urban,35.291879719013934,Approved,100686.53405585646,2.029029229092359
LN03710,Female,Yes,2,Graduate,Salaried,31281.80952262945,4530.782498930939,229560.76454411467,360,1,Semiurban,31.280468198423552,Approved,35812.59202156039,6.410057233665503
LN03998,nan,Yes,0,Graduate,Salaried,92867.56311609068,19957.655730155104,182734.4246504072,360,0,Urban,39.89934875339403,Rejected,112825.21884624579,1.6196239326549076
LN01629,Female,No,0,Graduate,Salaried,77055.4735024444,18949.57970323307,60547.7422876839,240,1,Urban,21.0,Approved,96005.05320567747,0.6306724517715623
LN02817,Female,No,0,Not Graduate,Salaried,67374.66294635039,15812.91425042481,111761.58550737333,360,0,Semiurban,30.404727982584912,Rejected,83187.57719677521,1.343488887084763
LN00900,Male,Yes,0,Graduate,Salaried,67373.46617745803,24468.075665118704,117402.39229883072,240,0,Semiurban,34.465062372796204,Rejected,91841.54184257673,1.278314692278002
LN05215,Male,No,3,Graduate,Salaried,70085.75706768545,26119.533608604088,209623.87012537857,180,1,Urban,43.850006143787795,Approved,96205.29067628954,2.1789224755914782
LN05638,Male,Yes,3,Graduate,Salaried,53204.819847049526,12903.600065808378,119290.47909372536,240,1,Urban,21.0,Approved,66108.4199128579,1.8044672562280328
LN04608,Male,Yes,2,Not Graduate,Salaried,73727.07110029066,26346.39699821057,142823.76652885217,120,1,Urban,42.21557217881099,Approved,100073.46809850124,1.427189136567869
LN03056,Male,Yes,0,Not Graduate,Salaried,48889.06441026267,13164.596779835343,129006.29188578212,60,0,Semiurban,41.540415418276034,Rejected,62053.66119009801,2.0789473080496954
LN00324,Male,Yes,0,Graduate,Salaried,39879.65237000596,10084.3806098107,197485.01921389348,360,0,Semiurban,34.24681339640063,Rejected,49964.032979816664,3.952543608592785
LN04496,Female,No,1,Graduate,Salaried,43896.56496514248,126.255535960232,178860.28262639756,360,1,Urban,48.26396481082416,Approved,44022.82050110272,4.062899209784101
LN00350,Male,Yes,2,Graduate,Salaried,66218.15131196009,42799.63624223556,117617.36218109772,180,0,Semiurban,35.776769762362264,Rejected,109017.78755419565,1.078882307372336
LN01738,Female,Yes,3,Graduate,Salaried,79006.15183947151,17100.08308022589,145370.03023658035,60,1,Rural,38.0289987264186,Approved,96106.2349196974,1.51259728734609
LN02688,Male,No,0,Graduate,Self-Employed,75135.77359973964,35372.10639718358,210160.63911461429,60,1,Urban,32.61427475714402,Approved,110507.87999692322,1.9017706169050173
LN03773,Male,Yes,2,Graduate,Self-Employed,44805.93765039426,12875.48297286944,179299.5884489391,360,1,Urban,46.692827348522336,Approved,57681.4206232637,3.108446125486464
LN05838,Male,Yes,1,Graduate,Salaried,35446.40071087886,33752.25388483389,186492.15175574916,60,1,Urban,41.51691621518957,Approved,69198.65459571275,2.6950256886541175
LN01605,Male,Yes,3,Not Graduate,Self-Employed,40933.42783482575,7687.4543118704305,189784.35100611937,180,0,Urban,21.0,Rejected,48620.88214669618,3.903350630980177
LN00722,Female,nan,3,Graduate,Salaried,33036.291557885736,18333.698512608786,101926.40932447466,60,0,Semiurban,50.18445807005214,Rejected,51369.99007049452,1.984162527277153
LN00658,Female,Yes,2,Not Graduate,Unemployed,63961.6952153571,13886.811512021994,173660.85329059916,60,1,Urban,54.82404861127611,Approved,77848.50672737909,2.2307538139266985
LN05758,nan,No,0,Graduate,Salaried,49626.66560757579,19137.542029473876,74006.59813122454,180,0,Semiurban,26.207645704530236,Rejected,68764.20763704967,1.0762371977271257
LN00675,Female,Yes,0,Graduate,Salaried,44443.66624818249,22769.367029315166,167823.8552334746,180,0,Semiurban,35.42511542445636,Rejected,67213.03327749766,2.4968945314607693
LN00009,Female,Yes,0,Graduate,Salaried,70851.2008717193,6629.098663849603,129620.53276701522,240,1,Urban,41.247123768392065,Approved,77480.29953556889,1.6729482661268018
LN05013,Male,Yes,2,Graduate,Salaried,55246.333660780314,7233.059470278561,132452.3628930956,360,0,Semiurban,26.151587469907916,Rejected,62479.393131058874,2.119936770436599
LN00043,Male,Yes,0,Not Graduate,Self-Employed,53977.926088214226,11439.079513809447,190493.09924354375,360,1,Urban,35.350221462118476,Approved,65417.00560202367,2.9119813340653864
LN02064,Male,No,0,Graduate,Unemployed,65307.24698799257,6185.662947730045,147377.61501754404,240,1,Rural,28.03075773065136,Approved,71492.90993572262,2.0614297998227706
LN01987,Male,Yes,0,Not Graduate,Salaried,70323.56574229916,11479.12252546119,205391.16412084005,120,1,Urban,30.358766144426937,Approved,81802.68826776036,2.510811911810822
LN00937,Male,No,0,Graduate,Salaried,74167.12894598706,10401.407376848598,186049.45767154597,360,1,Semiurban,35.14707729357867,Approved,84568.53632283566,2.1999843648861623
LN02218,Male,Yes,1,Graduate,Salaried,101994.43578333032,12792.712430416334,188322.79799248543,240,0,Semiurban,45.93867428926484,Rejected,114787.14821374665,1.6406261582682329
LN03654,Male,Yes,0,Not Graduate,Salaried,62987.26964542378,19202.685290565616,144480.84096769823,180,0,Urban,24.618612980590157,Rejected,82189.9549359894,1.7578892831882165
LN03552,Female,No,1,Graduate,Salaried,66934.1995520984,20558.260275751272,20000.0,360,1,Urban,34.01921333791364,Approved,87492.45982784967,0.22859112704514237
LN01543,Male,nan,3,Not Graduate,Self-Employed,50858.07486827456,28491.351051134297,205557.26076022311,360,1,Urban,28.30371838034752,Approved,79349.42591940885,2.590532425136851
LN04617,Male,No,0,Graduate,Salaried,15000.0,12374.243406843778,254363.60808968137,180,0,Semiurban,29.74007996551926,Rejected,27374.24340684378,9.29207811552112
LN00648,Male,Yes,0,Graduate,Salaried,55381.30939582644,26062.31558859969,60243.54016900658,240,1,Urban,32.43682627887685,Approved,81443.62498442613,0.7396962031162845
LN00198,Male,No,1,Not Graduate,Salaried,61164.17436892,12011.799109707958,107581.1098058931,120,1,Rural,53.17176822230406,Approved,73175.97347862796,1.4701698479940772
LN04478,Male,Yes,3,Graduate,Salaried,32110.098622814767,34006.49041722087,205821.53743911037,180,0,Urban,24.57683287103646,Rejected,66116.58904003564,3.1130090107110493
LN02864,Female,Yes,0,Graduate,Salaried,68172.14615403535,19713.91262764991,196108.67282535433,300,1,Semiurban,40.64528898694841,Approved,87886.05878168525,2.2313968283923296
LN04988,Male,No,1,Graduate,Salaried,63851.9383746261,21248.178230538753,162879.08746052184,360,1,Urban,21.0,Approved,85100.11660516486,1.9139702030753323
LN03520,Male,Yes,2,Not Graduate,Unemployed,70054.8961498163,25296.04361419693,150346.2360521857,300,1,Urban,28.38932287349689,Approved,95350.93976401322,1.5767672182810355
LN02477,Male,Yes,1,Graduate,Salaried,89065.21326642069,0.0,97186.47961259467,180,1,Urban,34.8421870479513,Approved,89065.21326642069,1.091183370570066
LN04578,Female,Yes,2,Graduate,Salaried,48672.108175705536,18886.472460333105,222774.91460394717,240,1,Semiurban,34.29005879699411,Approved,67558.58063603865,3.2975073263322745
LN03274,Male,Yes,0,Graduate,Salaried,41674.5179887255,8485.574501363188,170434.23811377044,300,1,Urban,32.056320555707096,Approved,50160.09249008869,3.397805499410655
LN03864,Male,Yes,0,Graduate,Self-Employed,52562.84235442669,16155.96738679908,139101.58075196354,120,1,Rural,35.04556571000838,Approved,68718.80974122578,2.0242140583601196
LN05917,Female,Yes,1,Graduate,Self-Employed,22531.173920907662,23410.412769616196,159308.0977790867,300,0,Semiurban,26.452233957328957,Rejected,45941.58669052386,3.4676228936591427
LN04918,Male,Yes,1,Not Graduate,Salaried,87022.28179973431,4763.402538692855,124894.60875851513,360,1,Urban,35.56219069275729,Approved,91785.68433842716,1.3607199168228734
LN00252,Male,No,1,Graduate,Salaried,102443.12394025268,41378.817522602,268416.7271200219,120,0,Rural,34.419266838123335,Rejected,143821.94146285468,1.8663127780773747
LN00578,Female,Yes,2,Graduate,Salaried,30428.27508440317,17537.37296774833,87680.3250730419,360,1,Semiurban,26.494524519605942,Approved,47965.648052151504,1.8279816625788086
LN02512,Male,Yes,2,Not Graduate,Salaried,70977.6767063473,17378.29540758336,102814.7284284962,300,0,Rural,51.59107161286459,Rejected,88355.97211393065,1.1636420942312953
LN00751,nan,Yes,2,nan,Salaried,32966.30788767333,7336.774752185737,259581.91275274937,120,0,Rural,24.839790517625033,Rejected,40303.082639859065,6.44074586235315
LN03941,Female,Yes,1,Not Graduate,Salaried,84604.44351301575,33015.284078321856,203435.24900673088,120,0,Semiurban,33.74242341029727,Rejected,117619.7275913376,1.7296014297325526
LN02849,Male,Yes,1,Graduate,Salaried,49217.545937020426,21690.85210267524,152343.92716516557,360,0,Semiurban,25.34389432606673,Rejected,70908.39803969566,2.148460991600473
LN00930,Female,No,2,Not Graduate,Salaried,48896.009466136034,7176.460774980064,114026.38078310312,360,0,Urban,35.03021546966229,Rejected,56072.4702411161,2.0335537259689214
LN00259,Male,Yes,1,Graduate,Self-Employed,75492.68106858674,11686.477009121509,185651.29252164744,360,0,Urban,38.09599692771407,Rejected,87179.15807770824,2.129537570851107
LN01563,Female,Yes,0,Not Graduate,Salaried,77680.907927221,23727.8741446961,131371.88597145426,300,0,Rural,42.13222380630731,Rejected,101408.78207191708,1.2954685312982848
LN02561,Female,Yes,1,Graduate,Salaried,61713.74322806718,22095.994793835664,69304.92722605042,360,0,Urban,24.643712385901456,Rejected,83809.73802190284,0.8269316771750111
LN01224,Male,Yes,2,Not Graduate,Salaried,56294.246822445835,14879.564470400685,202219.30259382896,300,1,Semiurban,39.17914263546354,Approved,71173.81129284651,2.841203792807896
LN04994,Male,Yes,0,Not Graduate,Salaried,46852.54892010551,1875.1130966368764,120228.7807378492,60,1,Semiurban,28.257795850421513,Approved,48727.66201674238,2.467361982123002
LN04671,Male,Yes,2,Graduate,Self-Employed,27373.297791658537,14398.455005948725,111583.8253151686,360,1,Semiurban,35.71216437354025,Approved,41771.75279760726,2.6712746734812685
LN04394,Female,Yes,1,Not Graduate,Self-Employed,76793.27728862378,22172.635437832152,171229.25480235726,120,0,Semiurban,31.53144215378543,Rejected,98965.91272645594,1.7301841622543195
LN01504,Male,Yes,1,Not Graduate,Salaried,56596.307549501435,8326.666187835197,185892.31144981337,180,1,Urban,21.0,Approved,64922.97373733663,2.863274750813029
LN04096,Male,Yes,2,Graduate,Salaried,71909.81795278515,21731.336922329683,151542.43335267535,180,1,Rural,25.631511162625777,Approved,93641.15487511482,1.6183315290673312
LN02155,Male,Yes,0,Graduate,Salaried,47672.77183921045,11139.974243505609,132578.6024854203,60,0,Urban,42.734996435210654,Rejected,58812.74608271606,2.254249483589113
LN04822,Male,No,2,Graduate,Salaried,43086.53791011774,0.0,49513.33165656413,240,0,Rural,47.80297291261715,Rejected,43086.53791011774,1.149160133493511
LN05866,Female,No,2,Graduate,Salaried,46857.30075443884,14333.989729780264,74859.9144347465,360,1,Semiurban,31.525698863161363,Approved,61191.290484219106,1.2233753176696358
LN03962,Male,Yes,2,Graduate,Self-Employed,60986.166630404456,21884.959745615663,71332.65251971301,300,0,Urban,39.03616554735145,Rejected,82871.12637602011,0.8607660549471436
LN05592,Male,Yes,2,Graduate,Self-Employed,44922.757726180775,38330.16418252688,164533.32465565248,360,1,Urban,49.97305552635072,Approved,83252.92190870765,1.9763069077151934
LN03066,nan,Yes,1,Not Graduate,Self-Employed,95098.66143294482,6034.144593528084,183227.6207197091,360,1,Urban,38.06010299714816,Approved,101132.8060264729,1.8117525649564867
LN01599,Male,No,1,Graduate,Salaried,45439.94117541731,17547.311373802095,165657.1511566766,60,0,Semiurban,37.5431287659388,Rejected,62987.25254921941,2.630010747448129
LN03481,Male,Yes,2,Graduate,Salaried,15000.0,10647.518029948318,136699.16522198266,240,0,Rural,30.981121520522592,Rejected,25647.518029948318,5.329917891562084
LN04107,Male,Yes,2,Graduate,Salaried,87131.66771655963,13925.551182057508,189244.4343747093,60,0,Urban,53.72468308767162,Rejected,101057.21889861714,1.8726463723938767
LN00484,Male,No,0,Not Graduate,Salaried,44872.98509431393,22031.401972360494,96887.9841328358,300,1,Semiurban,49.21079585743619,Approved,66904.38706667442,1.4481559189277207
LN05035,Female,Yes,0,Graduate,Salaried,107887.23801164902,5150.5387488296765,153176.89775784084,300,1,Rural,34.97107099750538,Approved,113037.77676047871,1.3550947492749692
LN02173,nan,Yes,2,Graduate,Self-Employed,63035.159844974805,7158.361416401672,245044.43948018423,120,0,Urban,40.435849203562974,Rejected,70193.52126137647,3.4909837129800514
LN00649,Male,Yes,2,Graduate,Self-Employed,73924.12729626837,17006.986942888783,219278.76169707405,60,1,Urban,42.153162475330745,Approved,90931.11423915715,2.4114821811195544
LN03602,Male,Yes,0,Not Graduate,Salaried,100996.24191571852,16902.23221844894,257135.55172320933,240,0,Urban,35.13700647988341,Rejected,117898.47413416745,2.180991345406144
LN05951,Male,Yes,3,Graduate,Salaried,60507.70555944544,0.0,172583.12366420968,240,0,Semiurban,31.57904348537593,Rejected,60507.70555944544,2.8522503385069924
LN01321,Male,Yes,2,Graduate,Self-Employed,70593.85508713461,13823.326978071464,108711.54522659208,240,0,Urban,25.799030865450163,Rejected,84417.18206520607,1.2877893169025756
LN01660,Female,No,0,Graduate,Self-Employed,86342.3013467973,28722.713166079913,222242.5143629904,60,0,Rural,39.91241052053806,Rejected,115065.01451287721,1.9314516693353276
LN01565,Female,Yes,0,Graduate,Self-Employed,54373.44885763573,0.0,117047.01547427296,120,0,Semiurban,32.56998182909363,Rejected,54373.44885763573,2.1526501984586894
LN05339,Female,Yes,0,Graduate,Salaried,75416.04439975943,20157.19619170136,218739.89850273897,300,1,Urban,27.90122935117445,Approved,95573.24059146078,2.2887148866048057
LN05855,Male,Yes,2,Graduate,Self-Employed,24035.705211817847,0.0,239850.8258248977,300,0,Semiurban,38.76307329674526,Rejected,24035.705211817847,9.978938571228946
LN03719,Male,Yes,1,Graduate,Salaried,57873.2599493737,8867.881075240035,187914.11930589605,120,0,Rural,21.0,Rejected,66741.14102461374,2.815566477003958
LN00390,Male,Yes,0,Graduate,Self-Employed,42031.70657303284,0.0,211428.60410309987,240,1,Rural,36.003424708118786,Rejected,42031.70657303284,5.03021698002504
LN03213,Female,Yes,3,Graduate,Salaried,90464.77243424515,20328.9172022704,196965.99451162276,240,0,Rural,32.88425324851141,Rejected,110793.68963651556,1.7777726796337903
LN01006,Male,Yes,0,Graduate,Salaried,77903.86440055465,31079.150611191573,109220.41143904252,360,0,Semiurban,42.37455098876967,Rejected,108983.01501174623,1.0021782883073174
LN00889,Male,Yes,0,Graduate,Salaried,82174.07161165815,14032.398968131109,118046.7333583992,300,1,Urban,21.10654580332044,Approved,96206.47057978925,1.2270144892229118
LN05717,Male,Yes,0,Graduate,Salaried,54764.83419557811,7650.248987427341,,300,0,Rural,41.301210295946746,Rejected,62415.083183005445,
LN01825,Male,Yes,2,Graduate,Salaried,68838.81299138819,26655.94895144128,215330.8534647524,300,1,Semiurban,29.887244039748506,Approved,95494.76194282947,2.2548970130284847
LN05893,Female,nan,1,Graduate,Salaried,29594.264155187808,12213.436661206906,183630.64455449212,300,1,Urban,44.80279833674707,Approved,41807.70081639472,4.3922684330558095
LN04153,Male,Yes,1,Graduate,Self-Employed,45061.53429859665,917.7323169254996,195404.51491310695,120,1,Urban,30.123835139024173,Approved,45979.26661552215,4.249839749447858
LN02225,Male,Yes,0,Not Graduate,Self-Employed,86426.08064546024,10202.81103233864,235048.57597082495,300,1,Semiurban,25.018625080115196,Approved,96628.89167779888,2.4324875499408103
LN04732,Female,Yes,0,Graduate,Self-Employed,39077.57829874991,9818.659433331428,82446.27707742513,240,0,Urban,28.139233715841883,Rejected,48896.23773208134,1.686147664963009
LN05765,Female,Yes,0,Graduate,Salaried,53623.07289010537,22254.18827157766,113927.96250848973,60,1,Rural,24.776686414456663,Approved,75877.26116168304,1.501477000675161
LN04854,Male,Yes,1,Graduate,Salaried,83631.35432838292,6863.354248624472,171797.31619496684,60,0,Urban,27.92036920403465,Rejected,90494.70857700739,1.8984238846271788
LN03332,Female,No,3,Graduate,Salaried,91796.77956361369,9255.132945837242,225797.2573147117,240,1,Urban,29.67936089664853,Approved,101051.91250945092,2.234467925518915
LN01622,Male,Yes,1,Graduate,Self-Employed,78384.57869150407,6968.891660466855,179929.75457221962,300,1,Urban,25.937617589927477,Approved,85353.47035197091,2.108054351278815
LN00692,Male,Yes,1,Graduate,Salaried,38378.73344800205,12621.929625740602,,240,1,Urban,41.99708279413933,Approved,51000.66307374265,
LN03494,Male,Yes,0,Not Graduate,Self-Employed,70229.99150723722,5738.367365167916,96487.2279992792,120,1,Semiurban,31.8648882643672,Approved,75968.35887240514,1.2700975699809065
LN03652,Male,Yes,0,Not Graduate,Salaried,68895.47615663189,16928.618431501905,175215.950778228,180,1,Urban,32.78401377425211,Approved,85824.0945881338,2.041570629076624
LN02032,Male,Yes,1,Not Graduate,Salaried,69527.15538712438,29113.56861745625,204343.1744860918,120,1,Semiurban,42.66919204395772,Approved,98640.72400458064,2.0715903755593135
LN01503,Male,Yes,0,Not Graduate,Salaried,59932.51085178096,15998.26315099768,176899.18360754705,240,1,Urban,33.65780214260436,Approved,75930.77400277863,2.3297429261168014
LN03249,Male,Yes,3,Not Graduate,Salaried,22841.970972034254,0.0,113719.12717183564,240,0,Semiurban,44.00605293917102,Rejected,22841.970972034254,4.978516403469016
LN04024,nan,nan,2,Graduate,Salaried,46427.138774117935,22654.374943750157,109214.6975950328,300,1,Semiurban,32.05317079564384,Approved,69081.51371786809,1.5809540312198482
LN01183,Male,No,1,nan,Self-Employed,28589.98792753646,5689.982883675584,158075.67496192036,180,1,Semiurban,30.8562242276445,Rejected,34279.97081121204,4.611312997682545
LN02454,Male,Yes,0,Graduate,Self-Employed,73641.04131425239,3987.13510160172,116610.8802855855,60,1,Urban,30.08806230547777,Approved,77628.1764158541,1.5021720935566112
LN00174,nan,Yes,0,Graduate,Salaried,65533.815986600384,18374.82074726399,53381.39562520957,180,0,Urban,48.82313842442795,Rejected,83908.63673386438,0.636184756457443
LN04485,Female,Yes,2,Graduate,Salaried,28104.88083673335,15716.68553880244,94154.02440439204,120,1,Rural,25.91370256368902,Approved,43821.56637553579,2.1485773374124593
LN01241,Male,No,0,Not Graduate,Salaried,55928.392797952765,10563.93169792614,111161.304540647,360,1,Urban,28.39476473068756,Approved,66492.3244958789,1.6717915245621564
LN04811,Male,Yes,0,Graduate,Salaried,21718.798588250655,17263.042077451344,210454.31990070024,120,1,Urban,31.7103537151356,Approved,38981.840665701995,5.398778413402822
LN04434,Male,Yes,3,Graduate,Salaried,48938.20366171736,17510.035431501467,73827.89709321901,300,1,Semiurban,33.91738497514755,Approved,66448.23909321883,1.1110587443806814
LN02880,Female,No,2,Graduate,nan,15235.37533350056,0.0,158300.94239372862,180,1,Rural,35.41747321084293,Approved,15235.37533350056,10.390353957716155
LN01732,Male,nan,2,Graduate,Unemployed,59611.60788224535,10958.428405206972,225564.15620553712,240,1,Urban,34.377360208778384,Approved,70570.03628745233,3.196316284814543
LN04518,Male,Yes,1,Not Graduate,Salaried,66966.83478492254,0.0,142770.6616336776,360,0,Rural,27.819774537940635,Rejected,66966.83478492254,2.1319607249202432
LN02040,Female,Yes,0,Graduate,nan,46105.73737821884,12976.610931299125,106884.65319181596,300,0,Semiurban,40.65689911019452,Rejected,59082.34830951796,1.8090792977942147
LN01866,Female,Yes,1,Graduate,Salaried,80650.92408683314,23601.826383951564,185924.51486585647,300,1,Rural,40.791341149434054,Approved,104252.7504707847,1.7834015316263438
LN03097,Male,nan,3,Graduate,Self-Employed,71670.88606023775,2704.737487826138,187709.39805162017,60,0,Semiurban,27.20972106239897,Rejected,74375.62354806389,2.523802680192878
LN03011,Male,No,3,Graduate,Salaried,86515.9329508438,2016.7406033109728,227748.13638628824,120,0,Semiurban,33.81242893511776,Rejected,88532.67355415477,2.5724755307087435
LN02092,Female,Yes,0,Not Graduate,Salaried,72444.14288086804,13965.372101530766,75438.60843047686,240,0,Rural,27.537555559186597,Rejected,86409.5149823988,0.8730358970981764
LN00995,Female,Yes,0,Graduate,Salaried,54377.994142280906,12021.331950431388,122785.58534222572,180,0,Semiurban,34.16751414908449,Rejected,66399.32609271229,1.8491992700465396
LN04669,Female,Yes,0,Not Graduate,Self-Employed,60711.32148065987,8991.703609040853,140547.10395738127,60,1,Urban,43.57312840101379,Approved,69703.02508970072,2.016370218889516
LN01176,Male,Yes,1,Not Graduate,Salaried,26140.863716092288,26870.776787417555,139987.3086593612,60,0,Urban,49.44958081545134,Rejected,53011.64050350984,2.640689994305926
LN00337,Male,No,1,Graduate,Salaried,53572.283166940135,10551.931618295095,178608.65655187317,120,1,Urban,37.37851216224979,Approved,64124.21478523523,2.785354286989231
LN01373,Female,Yes,0,Graduate,Salaried,27728.772042465174,0.0,153307.05575745009,180,0,Semiurban,38.39397809741567,Rejected,27728.772042465174,5.528807966060246
LN01409,Male,Yes,0,Not Graduate,Salaried,54983.339670899055,26799.885296897864,172973.75294845045,60,1,Semiurban,42.361957436484154,Approved,81783.22496779692,2.1150272933912895
LN00373,Male,Yes,1,Not Graduate,Self-Employed,79185.41652170414,27744.284266875813,102356.94797068497,120,0,Urban,41.24980940156401,Rejected,106929.70078857995,0.9572358962554643
LN00665,Male,No,0,Not Graduate,Salaried,62128.60455383794,5759.371926589347,118234.73151891676,60,1,Urban,24.269085428422343,Approved,67887.97648042729,1.7416151968088913
LN04268,Female,Yes,0,nan,Unemployed,37575.12519811216,13517.771111568793,135166.56316627644,120,1,Urban,39.61652125939906,Approved,51092.89630968095,2.64550598868018
LN05786,Female,Yes,1,Graduate,Salaried,57860.5706028304,8439.65241759345,164264.09755837472,180,0,Rural,37.48385021226003,Rejected,66300.22302042384,2.477579864365962
LN04774,Male,No,1,Graduate,Salaried,15000.0,34941.23740734439,218076.91014240557,240,1,Semiurban,28.934595772668416,Approved,49941.23740734439,4.3666701400221015
LN00034,Female,No,1,Not Graduate,Salaried,76450.89824206378,731.7342321865763,215279.13579052617,360,0,Urban,37.92570911634463,Rejected,77182.63247425035,2.789217326350556
LN02204,Female,No,3,Graduate,Self-Employed,40871.27246363982,11015.547250106332,218706.79120750545,360,1,Urban,50.41833921933025,Approved,51886.819713746154,4.215074125068497
LN04331,Male,Yes,1,Graduate,Salaried,36926.15437320283,9673.932433265036,153618.01949541923,60,1,Urban,41.42831538028218,Approved,46600.086806467865,3.296517882754197
LN05875,Female,Yes,2,Graduate,Salaried,40398.753963187715,0.0,108290.29530631089,120,1,Urban,40.65419038881384,Approved,40398.753963187715,2.68053552852119
LN05156,Male,Yes,1,Graduate,Salaried,62747.04958814072,10971.66571525196,129866.58943816344,120,0,Urban,25.248605246242988,Rejected,73718.71530339267,1.761650198374886
LN00313,Male,Yes,1,Graduate,Self-Employed,76270.19272001277,21078.403387350085,,180,1,Semiurban,31.92708479507911,Approved,97348.59610736286,
LN03062,Female,Yes,2,Graduate,Salaried,58132.26282200104,19006.41638339837,178243.20660779794,120,0,Urban,41.257102168190386,Rejected,77138.67920539941,2.310685228783663
LN03958,Male,Yes,1,Graduate,Salaried,82336.67551059909,21506.67628792086,195590.6796785401,300,1,Semiurban,40.94020059352666,Approved,103843.35179851996,1.8835166266400096
LN05902,Female,Yes,0,Not Graduate,Salaried,56960.65235367922,0.0,98408.67246357826,180,1,Rural,41.00449855353911,Approved,56960.65235367922,1.7276605586000071
LN00234,Male,Yes,0,Graduate,Salaried,102878.8817865065,12782.185962838645,142174.8084895395,180,0,Rural,32.7361742612105,Rejected,115661.06774934515,1.2292365206039215
LN05354,Female,Yes,0,Not Graduate,Salaried,49208.17558525737,22344.25852809667,243361.5643590404,120,0,Urban,46.09994961752281,Rejected,71552.43411335404,3.401164018732119
LN03017,Male,Yes,1,Graduate,Salaried,15000.0,7652.5678652729075,140069.89223232577,120,0,Rural,51.07788279747902,Rejected,22652.567865272908,6.183400180738771
LN01475,Male,No,0,Graduate,Salaried,72965.60867687718,32303.218148571686,170076.93178596025,180,1,Rural,40.18412011878512,Approved,105268.82682544886,1.615643841723179
LN01495,Female,Yes,0,Not Graduate,Self-Employed,100121.85776318246,9997.389834133244,163264.4172391904,240,0,Semiurban,42.85515568241914,Rejected,110119.2475973157,1.4826147181482394
LN04758,Male,Yes,3,Graduate,Salaried,46691.55403741079,19080.96058569945,175886.03820135363,240,0,Urban,30.38654943021367,Rejected,65772.51462311024,2.674157118808914
LN00674,Male,nan,0,Graduate,Self-Employed,31849.766105643575,24360.56167936016,70737.69946350713,180,1,Urban,36.10765480687505,Approved,56210.327785003734,1.2584466636463758
LN05759,Male,Yes,1,Graduate,Salaried,77064.03090103109,17424.501806358196,147230.3237258832,120,0,Urban,36.12808109245368,Rejected,94488.53270738928,1.5581819243804318
LN04246,Male,No,3,Graduate,Salaried,63285.89530741138,1675.5021900179509,228198.0668429852,300,1,Semiurban,47.82266629989693,Approved,64961.39749742933,3.5128257031726497
LN03125,Female,Yes,0,Graduate,Salaried,74793.06303449343,15644.07522431942,137964.87140763452,60,1,Semiurban,35.40566983156457,Approved,90437.13825881285,1.52553336012034
LN01579,Female,No,0,Graduate,Salaried,43794.95125971238,710.9539348827329,86755.55779486458,360,0,Semiurban,33.29005386643373,Rejected,44505.905194595114,1.9493044218635587
LN05466,Female,Yes,0,Graduate,Self-Employed,65870.75059937281,11742.6110681738,136723.85692833256,360,1,Urban,36.063466834190514,Approved,77613.36166754662,1.7616020488067907
LN04483,Male,No,0,Graduate,Salaried,71067.77966148853,21121.71618618584,166497.93939202174,360,0,Urban,46.34131851707695,Rejected,92189.49584767438,1.8060402420155106
LN05561,Female,Yes,3,Graduate,Salaried,59474.78413460296,3570.5745361678455,246242.27475617605,300,0,Urban,41.80871908314827,Rejected,63045.3586707708,3.9057954454994532
LN05658,Female,Yes,1,Graduate,Salaried,87569.34710907616,20224.452109266946,121651.18044978606,240,0,Semiurban,40.414771481753,Rejected,107793.7992183431,1.1285545303341054
LN01029,Female,Yes,3,Graduate,Salaried,39544.14869603189,18225.04660289905,166598.19642832768,120,1,Urban,44.40747785070221,Approved,57769.195298930936,2.8838586995413924
LN05677,Male,Yes,0,Graduate,Salaried,86902.95240904829,11348.670622042157,166333.5460771084,300,1,Semiurban,32.47164523106376,Approved,98251.62303109045,1.6929343347791241
LN04549,Male,Yes,0,Graduate,Salaried,55378.61045084639,22125.044420921608,200554.8502793495,180,0,Urban,24.22723304261999,Rejected,77503.654871768,2.587682485570174
LN04335,Male,Yes,1,Graduate,Salaried,47088.5585592921,14329.89958274779,20000.0,300,0,Urban,28.33055672065714,Rejected,61418.45814203989,0.3256350062345564
LN03820,Male,Yes,0,Not Graduate,Salaried,52002.01875737726,17951.953681588362,143141.75445629418,180,1,Urban,52.29356201806746,Approved,69953.97243896562,2.0462276760792166
LN00856,Male,No,2,Not Graduate,Unemployed,43352.88853791542,16514.073906247777,185920.58488883148,180,1,Urban,40.823563963618085,Approved,59866.962444163204,3.1055623552345106
LN03875,Male,Yes,0,Graduate,Self-Employed,83837.98668827146,14790.789626169231,88780.01133894852,120,1,Rural,39.94525707613175,Approved,98628.77631444069,0.9001430886246312
LN03750,Male,Yes,3,Graduate,Salaried,48281.44653364489,10153.714353999188,203796.70613503997,360,0,Urban,40.58119426679446,Rejected,58435.16088764408,3.4875698644329756
LN04298,Male,Yes,0,Not Graduate,Salaried,40306.90430305475,25864.801228903816,69990.53566189203,60,1,Semiurban,28.356261649137984,Approved,66171.70553195856,1.0577109218998308
LN01164,Male,Yes,0,Not Graduate,Salaried,80451.4086401928,7576.136295692654,104779.97488345653,60,1,Urban,34.11065903667243,Approved,88027.54493588547,1.1903089534051259
LN04858,Male,Yes,1,Not Graduate,Salaried,62613.80048928765,24948.686937879385,135374.1903225329,360,1,Rural,46.272747929514686,Approved,87562.48742716704,1.5460295190350184
LN05072,Male,Yes,1,Graduate,Self-Employed,72190.52090417202,3848.737373365124,195361.73300288105,60,0,Urban,37.953862781358865,Rejected,76039.25827753714,2.569221970706586
LN03775,Female,Yes,2,Graduate,Salaried,69430.84760836411,30874.00602415537,88654.21618523796,300,1,Urban,21.0,Approved,100304.85363251949,0.883847719972104
LN05021,Male,Yes,2,Graduate,Salaried,45297.66398550824,0.0,152464.87126085794,60,1,Urban,26.321587909682847,Approved,45297.66398550824,3.365844015921769
LN02059,Female,Yes,1,Graduate,Self-Employed,63871.79822735089,5084.729588953678,99764.7569646602,60,0,Rural,28.20667423089493,Rejected,68956.52781630457,1.4467775586152862
LN00273,Male,Yes,3,Not Graduate,Salaried,60204.66122039174,4180.856312868671,90580.76646299646,300,1,Rural,21.0,Approved,64385.51753326041,1.4068500174158582
LN01256,Male,Yes,0,Not Graduate,Salaried,93451.44773675408,14169.106722568167,242755.92865176732,360,0,Urban,36.9480904152267,Rejected,107620.55445932224,2.2556650992122766
LN04990,Male,Yes,2,Graduate,Salaried,18012.874711619486,14026.540311072671,222350.230879253,60,0,Urban,40.4490439808335,Rejected,32039.415022692156,6.939896709155638
LN02743,Female,No,1,Not Graduate,Salaried,71162.79029037012,23848.425828011583,181601.16118085108,60,1,Rural,34.55821702294366,Approved,95011.21611838171,1.9113655060954104
LN03076,Male,No,0,Graduate,Salaried,75503.10988069566,11642.140610202505,65145.19283552724,120,0,Urban,38.75923003593653,Rejected,87145.25049089816,0.7475472555137275
LN02065,Male,Yes,0,Graduate,Unemployed,48344.82684776836,15903.09799206435,178998.60855168052,120,1,Semiurban,32.44299145829515,Approved,64247.92483983271,2.7860605458918135
LN00574,Female,Yes,0,Graduate,Salaried,76588.11162366979,16587.560509375428,187950.64852910943,180,0,Urban,40.666824458172805,Rejected,93175.67213304521,2.017164397384066
LN00194,Male,Yes,2,Graduate,Salaried,63463.61851702364,0.0,185383.91220136217,300,0,Urban,21.0,Rejected,63463.61851702364,2.9211052967557203
LN00857,Male,Yes,3,Graduate,Salaried,69428.31112772808,12073.14541024723,161151.01514810816,180,0,Semiurban,28.296789913000215,Rejected,81501.45653797532,1.977277732122743
LN03969,Female,Yes,2,Graduate,Salaried,85812.88921845095,7716.0968675829,199999.55025298055,120,0,Semiurban,40.10647392783079,Rejected,93528.98608603385,2.1383697035805387
LN05925,Male,Yes,2,Not Graduate,Salaried,42785.41673209323,15738.86936124554,140709.7194950111,120,1,Rural,30.136027598466526,Approved,58524.28609333877,2.4042962142348396
LN01333,Female,No,1,Not Graduate,Salaried,89814.52273699903,28954.340821991853,269229.8900165735,120,1,Semiurban,35.501919158920764,Approved,118768.86355899088,2.2668389841319874
LN01930,nan,nan,1,Graduate,Salaried,35409.00811095166,21082.67166344189,159162.09552293594,240,1,Urban,37.21757893600806,Approved,56491.67977439355,2.817443137796031
LN00430,Male,Yes,0,Graduate,Salaried,36334.829746684496,8713.297529691397,217466.19639053696,300,0,Urban,30.632657767790896,Rejected,45048.12727637589,4.827419241123048
LN02237,Female,Yes,1,Graduate,Salaried,40921.2116120671,5129.538210636847,136444.24258190452,180,0,Semiurban,35.38339963814221,Rejected,46050.74982270395,2.962910334950393
LN05620,Male,Yes,0,Graduate,Self-Employed,53592.29881126411,11855.562097023709,114233.12154526668,120,1,Urban,36.46608312751761,Approved,65447.86090828782,1.7454064954902302
LN01851,Male,Yes,0,Graduate,Salaried,95506.21785219024,11924.285828842008,139735.3739185743,180,1,Semiurban,21.0,Approved,107430.50368103225,1.3007048196800528
LN01739,Male,Yes,0,Graduate,Self-Employed,94212.2674516385,21151.639842785804,56551.29620865616,120,0,Urban,28.69926975259665,Rejected,115363.90729442431,0.49019920991692484
LN01968,Male,Yes,2,Graduate,Salaried,56101.83439294638,10952.046205797067,100844.84264279252,60,1,Urban,37.89568298490593,Approved,67053.88059874345,1.5039374565993768
LN03295,Male,Yes,0,Not Graduate,Salaried,38493.75213901524,5051.436475324588,155119.10991738265,120,1,Urban,22.582299950241016,Approved,43545.18861433983,3.5622560115929893
LN02614,Male,No,1,Graduate,Salaried,71975.8877912382,14880.02655372276,98110.2263490908,180,1,Urban,46.86220112921662,Approved,86855.91434496097,1.1295745038090519
LN04446,Male,No,0,Graduate,Self-Employed,42434.73494353067,22735.47615107018,176703.1478158476,120,0,Semiurban,44.847137955328755,Rejected,65170.21109460085,2.711409781369987
LN01192,Female,No,1,Graduate,Unemployed,47972.64712097573,14181.05620427507,124101.6350391745,240,1,Urban,32.411869787792824,Approved,62153.7033252508,1.9966893105266748
LN00474,Female,Yes,1,Graduate,Salaried,92899.35427002568,0.0,167554.56458383673,300,0,Urban,31.583735213932776,Rejected,92899.35427002568,1.8036138776251842
LN01939,Male,Yes,1,Graduate,Self-Employed,61959.66306941791,12153.744957463212,162239.230980175,300,0,Semiurban,33.96659824666278,Rejected,74113.40802688112,2.1890672052394406
LN00155,Female,Yes,2,Not Graduate,Self-Employed,45712.97163947264,19484.8545419644,102492.3734974064,60,0,Urban,35.316806215726274,Rejected,65197.82618143704,1.5720213310821667
LN05949,Male,Yes,2,Graduate,Salaried,30104.87707100712,2991.8100016495955,164241.9847677725,120,0,Semiurban,34.19239603884632,Rejected,33096.687072656714,4.962490185413853
LN05323,Male,Yes,1,Graduate,Self-Employed,64206.060804439905,31037.018554669303,227305.4280215705,300,0,Urban,46.19525435471292,Rejected,95243.07935910921,2.3865820965797093
LN04544,Female,No,1,Graduate,Salaried,67404.23779883482,12326.82976832191,90141.67036548848,180,1,Semiurban,34.28803175772206,Approved,79731.06756715673,1.1305714712720107
LN00934,Female,Yes,2,Graduate,Salaried,68800.28900106665,23789.639730706513,206684.42490492543,360,1,Semiurban,36.42301195471275,Approved,92589.92873177317,2.232256010301902
LN05057,nan,Yes,0,Graduate,Salaried,60389.16511037766,8239.292847063905,134977.8595586224,180,1,Semiurban,27.826499715868223,Approved,68628.45795744157,1.9667913803676889
LN05773,Male,Yes,0,Not Graduate,Salaried,43278.16659560747,19670.909439935745,151513.43355543097,120,0,Semiurban,21.0,Rejected,62949.076035543214,2.4069206904622598
LN02418,Male,Yes,2,Graduate,nan,67813.91841856288,9500.751675356543,198531.68363057217,240,0,Semiurban,39.64315201676936,Rejected,77314.67009391943,2.567839756535236
LN05362,Male,No,2,Not Graduate,Self-Employed,61237.66705774271,6385.565705357136,173127.39613988748,120,0,Urban,38.99391986322251,Rejected,67623.23276309985,2.5601762747189807
LN01806,Male,Yes,0,Graduate,Salaried,65342.53302022967,19279.62626552635,109845.77096404704,300,0,Rural,34.291901541293825,Rejected,84622.15928575602,1.29807336389414
LN03784,Female,No,2,Not Graduate,Salaried,69287.39727093148,0.0,186199.8516200952,360,1,Semiurban,35.843860566146816,Approved,69287.39727093148,2.6873552616214758
LN05656,Female,Yes,0,Not Graduate,Salaried,80205.49173672032,29658.35978602963,164163.4975073299,300,1,Semiurban,46.9929207663789,Approved,109863.85152274994,1.494244878838386
LN01922,Male,Yes,2,Graduate,Salaried,38545.139485203865,2434.3466405456456,148933.38091844562,120,0,Semiurban,26.677254954113245,Rejected,40979.48612574951,3.6343398856059146
LN05458,Male,Yes,3,Graduate,Salaried,39273.815052524595,7581.568389915245,161315.79764492394,120,1,Urban,41.90116900419008,Approved,46855.38344243984,3.442844467233837
LN01803,Female,No,1,Not Graduate,Self-Employed,29725.712147743456,16918.895450216474,126593.77331019047,360,0,Urban,28.970754217414765,Rejected,46644.607597959926,2.714006609324059
LN05963,Female,Yes,0,Graduate,Salaried,32489.782208625147,5099.8628609686075,184763.46135443737,360,0,Urban,32.54066154267116,Rejected,37589.64506959375,4.915275497078116
LN00344,Male,Yes,2,nan,Salaried,50579.23388763354,15317.594565814508,103975.56061302108,240,0,Semiurban,52.80943427471129,Rejected,65896.82845344805,1.5778537913470791
LN02023,Male,Yes,2,nan,Salaried,33823.59201761776,5493.093065847448,201394.1945716705,240,1,Semiurban,38.619006047099994,Approved,39316.68508346521,5.122359480310502
LN02359,Female,No,0,Graduate,Salaried,68173.05622961342,9072.971770428936,,120,1,Urban,44.253559103987726,Approved,77246.02800004235,
LN04643,Male,Yes,0,Graduate,Salaried,87780.48725925523,12917.94742010034,,360,1,Urban,37.91165712360313,Approved,100698.43467935556,
LN05068,Female,Yes,1,Graduate,Salaried,59588.788852989856,29744.820073782554,108852.56870688211,120,1,Urban,42.6498173906336,Approved,89333.6089267724,1.218495144376285
LN00844,Male,Yes,0,Not Graduate,Self-Employed,63329.04416426112,39412.21722471914,257860.79437238688,300,0,Urban,36.36671787394196,Rejected,102741.26138898026,2.5098075581934047
LN02372,Male,No,0,Graduate,Salaried,63200.36451705576,17496.094582097117,230903.42405830196,240,0,Semiurban,21.0,Rejected,80696.45909915288,2.8613823535254213
LN05386,Male,No,2,Not Graduate,Salaried,87020.31504974,23509.82678506765,163873.9620668733,240,0,Urban,50.82454406487778,Rejected,110530.14183480765,1.4826178574147713
LN03230,Female,Yes,0,Graduate,Self-Employed,51641.80908468219,14472.448919992345,151442.44473965926,240,0,Urban,33.27963543070751,Rejected,66114.25800467453,2.2906170213534227
LN04642,Male,Yes,0,Not Graduate,Salaried,55486.87238575497,25692.837063951833,161365.6897746159,300,1,Semiurban,37.957972275399115,Approved,81179.7094497068,1.987758897740163
LN04159,Male,Yes,0,Graduate,nan,61683.364603713926,27120.90719322736,115696.92367281606,300,1,Urban,39.14057771316495,Approved,88804.27179694129,1.3028306108670893
LN02401,nan,No,0,Graduate,Self-Employed,63536.41744278796,26649.908825639228,85154.36933640088,300,1,Urban,42.021495120783705,Approved,90186.32626842719,0.9442048796061459
LN00551,Male,No,2,Not Graduate,Self-Employed,56886.45529215841,26568.33781036989,70457.7071570652,360,1,Semiurban,32.58350615466535,Approved,83454.7931025283,0.8442619595318445
LN05920,Female,Yes,1,Graduate,Self-Employed,85045.6732391328,22145.49761463506,56708.0122398282,60,0,Semiurban,38.97139480838756,Rejected,107191.17085376786,0.5290362236754582
LN01258,Female,Yes,1,Graduate,Salaried,45899.76288483183,9155.99023403969,173975.52814706517,240,0,Urban,53.989845032827375,Rejected,55055.753118871515,3.15998816275263
LN03152,Male,nan,2,Not Graduate,Self-Employed,15000.0,24954.151904494745,85530.89554483036,300,1,Urban,32.13905156541704,Approved,39954.15190449475,2.1407260939809447
LN00530,Male,Yes,0,Graduate,Salaried,72771.84917554748,20789.28648571235,150015.93057325343,240,1,Urban,43.68332604643102,Approved,93561.13566125983,1.6034000604309617
LN05562,Male,Yes,0,Graduate,Salaried,47509.79089822845,3150.48058773925,152355.23488796566,240,0,Urban,34.88282588695638,Rejected,50660.2714859677,3.0073908097821045
LN03167,Male,No,1,Graduate,Salaried,63161.069798402634,5010.636237544088,125217.56235603295,60,1,Semiurban,40.97321802817176,Approved,68171.70603594673,1.836796665907204
LN05022,Male,Yes,2,Graduate,Self-Employed,56281.510381024586,22631.42300709657,174011.46309528514,180,0,Urban,35.400156447534265,Rejected,78912.93338812116,2.2051070163548028
LN01528,Male,Yes,3,Graduate,Self-Employed,50223.01156427452,148.13837300067826,239069.9858300429,120,1,Urban,41.00002259647018,Rejected,50371.1499372752,4.746168910730555
LN03867,Female,Yes,1,Graduate,Salaried,93072.3453698457,16165.080524758709,154461.41434373744,240,0,Semiurban,32.48380407360588,Rejected,109237.42589460441,1.4139971999410395
LN04323,Male,Yes,1,Graduate,Self-Employed,38466.41745057973,12245.176848209778,157202.61157632485,120,0,Urban,35.189780402501405,Rejected,50711.5942987895,3.099934319755301
LN00691,Male,Yes,2,Graduate,Salaried,83186.59606728496,7970.885619604325,156471.08384076503,240,0,Semiurban,22.233386852108342,Rejected,91157.48168688928,1.7164919537621395
LN01918,Female,Yes,0,Graduate,Self-Employed,56637.12362830421,8108.882022782098,188746.8053554237,180,1,Urban,25.08930287355675,Approved,64746.00565108631,2.9151884113527076
LN03544,Male,No,1,Graduate,Self-Employed,87529.92900039075,29086.194934459192,110807.9130457658,240,0,Urban,29.459031904094616,Rejected,116616.12393484995,0.9501937580061482
LN01865,Female,Yes,0,Graduate,Salaried,26750.160239286517,4824.152227866243,225817.37328995985,240,0,Urban,41.43003928811974,Rejected,31574.312467152762,7.1519331901488306
LN00379,Male,Yes,2,Not Graduate,Salaried,43834.03429289697,15722.520482379156,188636.4188959697,300,0,Semiurban,38.12908182149965,Rejected,59556.55477527613,3.1673494144808867
LN04639,Female,Yes,1,Not Graduate,Salaried,15000.0,14720.305855130176,,180,1,Semiurban,49.21921001894808,Approved,29720.305855130176,
LN01452,Female,Yes,1,Graduate,Salaried,64815.063589771366,4366.455001696813,93773.91601930524,180,1,Urban,35.137926152342686,Approved,69181.51859146818,1.3554764036485016
LN02030,nan,No,1,Graduate,Self-Employed,76142.4519327462,10850.837218796729,205881.62208019788,360,0,Semiurban,46.64708638416195,Rejected,86993.28915154294,2.3666379796440458
LN04906,Male,Yes,2,Graduate,Self-Employed,50069.36529036062,6651.700894533269,164814.7682751834,240,1,Semiurban,29.253120192990252,Approved,56721.06618489389,2.9057064572435225
LN05531,Male,Yes,3,Graduate,Salaried,45016.565467935165,18963.19682007863,190452.71445438897,300,1,Semiurban,26.763551239762215,Approved,63979.76228801379,2.9767649588480745
LN03378,Female,Yes,2,Not Graduate,Salaried,70119.3110691173,11002.294885569425,183416.66148030804,180,1,Rural,37.95365742738998,Approved,81121.60595468673,2.2610087574297006
LN00869,Female,No,1,Graduate,Salaried,100204.090775327,1776.5256531670457,93473.97719835196,360,0,Semiurban,27.214674579611533,Rejected,101980.61642849405,0.9165857245420094
LN02221,Male,Yes,2,Graduate,Salaried,47049.16388729682,24669.56645344817,196096.8300642678,180,0,Rural,41.85484783704561,Rejected,71718.73034074498,2.734248488959388
LN05237,Female,Yes,1,Graduate,Self-Employed,84051.53010450455,15395.697241336482,176629.82438070327,180,0,Urban,29.4501800309567,Rejected,99447.22734584103,1.7761161280691058
LN02037,Male,No,0,Graduate,Self-Employed,49820.727485850024,964.4137043633746,130826.09905380566,240,1,Urban,38.32665545482483,Approved,50785.1411902134,2.5760704014546807
LN01092,Male,No,2,Graduate,Self-Employed,74552.5908727396,394.99100581512175,172566.14123717058,360,0,Semiurban,60.70645918106838,Rejected,74947.58187855472,2.302491113279642
LN01640,Male,Yes,1,Graduate,nan,60484.38913345516,0.0,135328.4298843344,60,1,Urban,41.442792912366286,Approved,60484.38913345516,2.2374108728409303
LN02036,Female,Yes,0,Not Graduate,Unemployed,67848.31934357533,0.0,211231.93656075877,240,1,Urban,39.47876391817476,Approved,67848.31934357533,3.113296520892535
LN00613,Male,No,0,Graduate,Salaried,37490.21905403247,36966.46054978954,227859.3316188379,360,1,Urban,40.99092215479469,Approved,74456.679603822,3.060294023736474
LN05249,Female,Yes,1,Graduate,Salaried,68477.78964887973,12422.754384137048,201443.8720839472,60,1,Urban,36.35172414585319,Approved,80900.54403301678,2.490018756879247
LN05741,Male,Yes,2,Graduate,Salaried,40148.43986542354,13825.896996551306,176327.38895768402,300,0,Urban,54.12702712625797,Rejected,53974.33686197485,3.2668745779794364
LN03579,Male,Yes,0,Graduate,Salaried,38675.301362015496,11613.309461162424,119570.40972153608,300,1,Urban,39.08841820119257,Approved,50288.61082317792,2.3776836894930953
LN04547,Female,Yes,1,Not Graduate,Salaried,58852.18593996915,24035.206838035017,102851.8313775118,360,1,Semiurban,36.15126197070928,Approved,82887.39277800417,1.2408621857967959
LN00360,Female,Yes,1,Not Graduate,Salaried,,23983.595683469855,227005.39118720157,300,1,Semiurban,32.392272201552714,Approved,23983.595683469855,9.465027437218675
LN03576,Female,No,1,Graduate,Salaried,43360.90165011097,0.0,153903.88569479948,360,1,Urban,26.536296155988175,Approved,43360.90165011097,3.5493700508509973
LN02781,Female,Yes,1,Not Graduate,Salaried,47004.69546303466,24559.358223307623,123860.93917169144,240,1,Rural,36.6839221091816,Approved,71564.05368634229,1.7307703070393536
LN02853,nan,Yes,0,Graduate,Self-Employed,64410.82854027734,0.0,121490.32011509234,240,1,Semiurban,25.534961972862572,Approved,64410.82854027734,1.8861785024100737
LN00014,Female,Yes,1,Graduate,Salaried,25501.643349739345,19790.03143392759,150949.95411299355,240,1,Rural,44.168212882955174,Approved,45291.67478366694,3.332841075848868
LN03190,Male,Yes,2,Not Graduate,Salaried,51806.268147410054,5604.348327460419,97057.09955710029,240,1,Semiurban,26.366242138903793,Approved,57410.616474870476,1.6905775537105354
LN05435,Female,Yes,0,Graduate,Salaried,47740.33457458621,2916.964843406673,136485.38411877526,360,1,Urban,25.073155664413125,Approved,50657.29941799288,2.6942885958562814
LN01093,Male,No,1,Graduate,Self-Employed,61038.91771614599,26912.606816318323,93165.34405395924,300,1,Semiurban,27.78671659386979,Approved,87951.5245324643,1.0592806042784446
LN05311,Male,Yes,2,Graduate,Salaried,84674.48556672386,4269.086716373846,262980.1013871239,240,1,Urban,37.57582745499462,Approved,88943.5722830977,2.956707209263947
LN03286,Female,Yes,0,Graduate,Unemployed,53397.59812067099,19283.52913771449,149993.4156886531,180,0,Semiurban,35.11131697337874,Rejected,72681.12725838547,2.063718895765308
LN03030,Female,Yes,2,Not Graduate,Salaried,15000.0,14879.759710868118,102013.3832583533,120,1,Urban,21.0,Approved,29879.75971086812,3.4141299744538482
LN04019,Male,Yes,0,Graduate,Unemployed,58238.175119418534,32945.24848392212,199720.5140608815,120,1,Urban,32.368928252840135,Approved,91183.42360334066,2.1903160264050934
LN01180,Male,Yes,2,Graduate,Self-Employed,63597.88302306957,18144.445908748527,162263.84661088037,180,0,Rural,30.05121508200616,Rejected,81742.32893181809,1.9850651275941245
LN04209,Female,Yes,0,Not Graduate,Salaried,37478.920781778994,8113.055665547653,106467.86045166668,180,1,Rural,31.757077361365873,Approved,45591.97644732665,2.335232397188817
LN04141,Male,No,1,Graduate,Self-Employed,92767.1946454188,22528.910814937848,147338.3166218284,180,0,Semiurban,41.49331037180874,Rejected,115296.10546035664,1.2779123460721673
LN00453,Male,Yes,0,Not Graduate,Salaried,70080.93031035688,8808.770517500685,123500.35341482624,120,1,Rural,35.25850478388942,Approved,78889.70082785757,1.565481325430705
LN03060,Male,Yes,0,Graduate,Salaried,66349.0652250035,13978.96941108561,229305.7065710656,360,0,Semiurban,46.662372415792426,Rejected,80328.03463608911,2.8546161699323465
LN03852,Female,Yes,3,nan,Salaried,85921.26123562793,21867.74070503355,94508.02553650465,60,1,Urban,26.86371581846126,Approved,107789.00194066147,0.8767872773191825
LN02276,Female,Yes,1,Graduate,Self-Employed,73587.46565913007,39598.7198502938,180336.50012600533,60,0,Urban,34.31850104865267,Rejected,113186.18550942387,1.5932730599088043
LN04862,Female,Yes,1,Graduate,Self-Employed,46259.71800601005,14876.340617576354,155892.21630706504,60,1,Semiurban,23.453418395670777,Approved,61136.0586235864,2.5499225795187512
LN04489,Male,Yes,0,Graduate,Salaried,60026.513774688145,7262.194211093422,240865.54098628036,360,1,Urban,41.66575301118224,Approved,67288.70798578157,3.579583383250224
LN00487,Male,Yes,3,Graduate,nan,38369.0399277121,930.2253789601128,217672.57807380593,60,1,Urban,40.369161031025385,Approved,39299.26530667222,5.538845990508874
LN05071,Male,No,2,Graduate,Salaried,55606.610952980795,0.0,152101.95184986154,360,0,Rural,42.77174601398613,Rejected,55606.610952980795,2.735321380734283
LN04597,Male,Yes,2,Graduate,Salaried,85825.47678031758,23844.42437381738,88561.03245474931,60,0,Semiurban,31.086525439909913,Rejected,109669.90115413496,0.8075235914572558
LN00581,Female,Yes,1,Graduate,Salaried,51694.24172198398,17450.38664315406,130435.00550508112,60,0,Urban,43.283900445591776,Rejected,69144.62836513804,1.8864083673467977
LN00200,Female,Yes,1,Graduate,Salaried,67155.74720696567,9477.387478873914,166543.1765533456,60,0,Semiurban,39.135548757113945,Rejected,76633.13468583958,2.1732528264189583
LN05177,Female,Yes,0,Graduate,Salaried,22939.630342048615,24334.229544758644,27914.65065487566,360,1,Urban,36.31522289021125,Approved,47273.85988680726,0.5904880778027143
LN00404,Female,Yes,0,Graduate,Salaried,50998.69057041513,20214.493990595292,36341.3898726584,180,1,Urban,36.48754111036155,Approved,71213.18456101042,0.5103182801988537
LN04072,Male,Yes,0,Graduate,Salaried,29248.304071016493,24878.61582406509,84079.93087632667,300,1,Rural,46.349772737968095,Approved,54126.919895081584,1.5533847305426827
LN01694,Female,No,1,Not Graduate,Salaried,62527.591590928234,21183.60566259665,107401.43774750127,180,1,Urban,34.37171442412893,Approved,83711.19725352488,1.282999661589225
LN02165,Female,nan,1,Graduate,Self-Employed,39698.116163442624,44928.105700606415,160162.38656527002,60,1,Urban,27.68266599189121,Approved,84626.22186404903,1.8925858089537413
LN00782,Male,Yes,1,nan,Salaried,67603.95702011927,15578.640474267564,169988.99588084256,120,1,Semiurban,37.790986875625485,Approved,83182.59749438684,2.0435644113218925
LN01177,Male,No,2,Not Graduate,Salaried,58033.207464105,5352.102623703144,249444.23193774268,240,1,Semiurban,37.67058944941082,Approved,63385.310087808146,3.935363439765234
LN05831,Female,Yes,1,Graduate,Salaried,57607.60751262457,8832.698900435984,139604.38449669429,120,1,Rural,29.345164881820065,Approved,66440.30641306055,2.101200190570636
LN02570,Male,Yes,1,Graduate,Self-Employed,60764.759899200566,7795.449293249411,138971.87327955052,180,0,Semiurban,32.33628294666112,Rejected,68560.20919244998,2.0270048022965255
LN03538,Female,Yes,0,Graduate,Salaried,59019.41318323927,2104.9993027601995,147220.47384003643,60,0,Semiurban,54.84822117027579,Rejected,61124.41248599946,2.40853805954793
LN01779,Male,No,3,Graduate,Salaried,46151.58040252288,5599.840678762459,158691.17626224243,300,0,Semiurban,37.6953076784022,Rejected,51751.42108128534,3.0664119544270694
LN00384,Male,No,2,Graduate,Salaried,44817.34676892604,19394.526904579907,130246.65469363952,360,0,Semiurban,42.34369931162486,Rejected,64211.87367350595,2.028388944946482
LN04282,Female,No,1,Graduate,Unemployed,83187.62086601045,25421.905769830173,192500.21339847965,360,0,Urban,48.008748464231886,Rejected,108609.52663584062,1.7724063382019704
LN01994,Female,Yes,3,Graduate,Salaried,67028.96415083166,7925.604551878121,135105.23276282346,120,1,Urban,26.016560194568747,Approved,74954.56870270977,1.8024949659664857
LN03389,Male,Yes,0,Graduate,Self-Employed,62781.207973068354,23083.595496657083,189050.4477303576,60,1,Urban,45.310731196362354,Approved,85864.80346972543,2.2017222434686383
LN03388,Male,Yes,2,Graduate,Salaried,77232.72248995888,25271.51035893151,154765.1699576809,300,1,Urban,21.0,Approved,102504.23284889039,1.5098417465923821
LN03757,Male,No,3,nan,Salaried,100841.52080287487,10042.940534251004,199338.08087414113,240,0,Semiurban,33.55188423372321,Rejected,110884.46133712587,1.7977097825103434
LN04632,Male,No,1,Graduate,Salaried,67727.65307696121,11682.21228227878,205460.39912933653,360,0,Urban,47.52676711807591,Rejected,79409.86535924,2.587340983388653
LN03380,Male,Yes,0,Not Graduate,Salaried,103301.12135613203,14977.618835258188,165656.17085964957,60,0,Urban,39.971052348338986,Rejected,118278.74019139021,1.4005574509129586
LN01580,Male,Yes,2,Graduate,Salaried,64011.38394461886,26892.264612557858,152760.40044961666,120,0,Urban,31.75486606279558,Rejected,90903.64855717671,1.6804650074472336
LN00939,Male,Yes,3,Not Graduate,Self-Employed,48718.42738526543,1988.9073360865475,216130.8920630386,120,0,Semiurban,37.50115496445972,Rejected,50707.334721351974,4.262320101238325
LN04120,Female,Yes,0,Graduate,Self-Employed,47847.07309253055,40031.71790905711,197458.30351190805,360,0,Semiurban,28.340173494420213,Rejected,87878.79100158766,2.2469392359794833
LN04677,Female,nan,2,Not Graduate,Salaried,82116.66132589425,16778.297997054342,125345.02695118533,120,1,Urban,32.51888875934601,Approved,98894.95932294859,1.2674561758184473
LN05962,Male,Yes,0,Graduate,Salaried,60697.75894178817,2973.2849222800796,89116.4311196758,120,1,Urban,32.64684162290853,Approved,63671.04386406825,1.3996382925640594
LN04576,Male,No,0,Not Graduate,Self-Employed,36460.75774460064,13135.63584178446,78868.32653927979,360,1,Semiurban,38.30479223237711,Approved,49596.3935863851,1.590202852187427
LN03893,Male,Yes,3,Graduate,Salaried,21839.95725753385,12835.812883616289,85631.07034323273,240,0,Semiurban,36.88885412934581,Rejected,34675.77014115014,2.469478543509358
LN02573,Male,No,1,Graduate,Salaried,58995.9076591651,27146.667801329026,90643.4833858338,300,1,Urban,30.96323874678181,Approved,86142.57546049413,1.052249516586648
LN01108,Female,No,0,Graduate,Self-Employed,47524.6207860839,0.0,122658.07724026089,60,1,Urban,31.844686629418327,Approved,47524.6207860839,2.5809375269371424
LN02383,Male,Yes,0,Graduate,Unemployed,59026.95296859098,27428.625628583148,176986.18398691536,120,0,Urban,43.71303884843896,Rejected,86455.57859717413,2.047134341805218
LN00752,Male,Yes,1,Graduate,Salaried,40482.53494045335,12354.541012952775,90921.6710448794,240,1,Semiurban,21.0,Approved,52837.07595340612,1.720793011427389
LN04082,Male,No,0,Graduate,Salaried,93573.49346745132,17736.601192125017,169524.21469371676,300,0,Urban,44.10793071864303,Rejected,111310.09465957634,1.5229904817903421
LN02564,Male,No,1,Graduate,Self-Employed,42093.073552739515,0.0,92570.83423806303,300,0,Urban,21.0,Rejected,42093.073552739515,2.1991939866799846
LN04069,Male,Yes,1,Graduate,Salaried,81079.71542365753,11474.5375726338,179224.4394323731,360,0,Urban,28.992841090586396,Rejected,92554.25299629132,1.9364257571130163
LN01317,Male,Yes,2,Graduate,Salaried,53895.50591290665,27434.28278102925,170197.02080341522,300,1,Urban,40.85138690391735,Approved,81329.7886939359,2.0926775236550617
LN03102,Male,Yes,3,Graduate,Salaried,92989.61788647842,22331.793174225575,195868.3324738924,300,1,Urban,27.95925085022538,Approved,115321.41106070399,1.6984559126734007
LN01700,Male,Yes,0,nan,Self-Employed,67012.60198547118,23918.630221607487,115722.27142582474,240,1,Rural,21.0,Approved,90931.23220707866,1.2726350299783598
LN02837,Male,No,2,Graduate,Salaried,92519.17830724128,1503.5032977985938,128185.49045029216,300,1,Semiurban,32.919068622022124,Approved,94022.68160503988,1.3633464634497412
LN03561,Female,Yes,2,Graduate,Salaried,44864.72045968147,6965.657258287429,144089.5777214527,120,0,Urban,39.04268389351954,Rejected,51830.3777179689,2.780021756845094
LN03550,Male,Yes,0,Graduate,Salaried,49370.9089728157,18607.55754663835,62128.831479862245,360,1,Rural,46.325310908776,Approved,67978.46651945404,0.913948705537249
LN05454,Male,Yes,2,Graduate,Salaried,79520.81438711894,39412.5584526534,,180,0,Semiurban,41.66611960328983,Rejected,118933.37283977235,
LN03414,Female,Yes,0,nan,Salaried,48997.69434126922,2756.1272664204553,109803.98278802897,240,0,Urban,32.54119959397992,Rejected,51753.82160768968,2.121659413296623
LN05222,Female,Yes,1,Not Graduate,Salaried,55502.93888410296,14237.218482604174,137947.2892703018,60,1,Semiurban,41.742589992458335,Approved,69740.15736670714,1.9780180383727621
LN01141,Male,Yes,2,Graduate,Self-Employed,87514.13626623238,18955.988347629424,204468.99180773037,60,1,Urban,23.93788322255311,Approved,106470.1246138618,1.9204353573294277
LN02563,Female,Yes,1,Graduate,Self-Employed,65107.675113486344,17084.91970575581,137317.9773053749,240,0,Rural,29.559300365359643,Rejected,82192.59481924215,1.6706855113573724
LN04982,Male,Yes,0,Graduate,Salaried,65735.48224765173,10939.708455872846,23587.74498431428,180,0,Urban,43.379426373835315,Rejected,76675.19070352457,0.3076320354457235
LN05226,Female,Yes,1,Not Graduate,Salaried,51423.04148787853,42148.16939486322,76844.93743751507,300,0,Urban,40.8676522631572,Rejected,93571.21088274175,0.8212455167841407
LN02724,Male,Yes,0,Graduate,Salaried,99251.7438106159,13616.647179836222,132940.0133653352,120,1,Urban,26.60145940686123,Approved,112868.39099045211,1.1778320945195455
LN03580,Male,No,2,Not Graduate,Self-Employed,102495.42806033924,29664.4239118858,147668.76173926654,60,1,Semiurban,32.59577075365178,Approved,132159.85197222503,1.1173496302818264
LN04132,Female,Yes,3,Graduate,Self-Employed,81407.3032045986,6445.173040744186,97373.84725013108,240,1,Urban,47.484353703695945,Approved,87852.47624534278,1.1083790851631576
LN01235,Male,Yes,3,Not Graduate,Salaried,92782.33610888134,27863.821369955334,193229.23958758856,60,0,Urban,45.3678574146807,Rejected,120646.15747883667,1.6016195096929147
LN00118,Female,Yes,0,Graduate,Salaried,82856.45629030041,20519.642593318276,112040.82269162478,300,0,Urban,46.75861752625603,Rejected,103376.09888361869,1.0838174771690783
LN02816,Male,Yes,0,Graduate,Self-Employed,69641.33454670772,12316.312008626192,56924.331967039994,360,0,Rural,24.06187744467003,Rejected,81957.64655533391,0.6945579132583729
LN02189,Female,No,0,Graduate,Salaried,71771.06539541439,24465.770035733865,104119.2005446834,120,1,Urban,33.07522649406406,Approved,96236.83543114825,1.0819059051372746
LN05108,Male,No,0,Graduate,Self-Employed,38526.226821644945,13071.939126925876,203942.47832544817,240,1,Urban,29.85478516785907,Approved,51598.16594857082,3.952514097666237
LN03811,Male,No,0,Not Graduate,Self-Employed,68403.83085789983,7980.427017048782,237352.9572276757,60,0,Urban,32.94045397806918,Rejected,76384.25787494861,3.1073543663441057
LN02687,Male,Yes,0,Graduate,Salaried,29288.557535857883,28801.389388685147,119717.21832446838,360,1,Urban,25.667566975385657,Approved,58089.94692454303,2.060893918184797
LN02370,Male,Yes,0,Graduate,Salaried,56882.03644126665,11139.77202129302,113650.25871414716,240,1,Semiurban,35.0998445707218,Approved,68021.80846255967,1.67079149000724
LN01824,Female,Yes,0,Not Graduate,Self-Employed,63373.09343933455,24625.025919532985,252575.4732042791,240,1,Semiurban,27.462338673938632,Approved,87998.11935886754,2.8702371714814054
LN03936,Female,No,2,Graduate,Unemployed,84990.09801412317,18120.621317267385,87035.2224059981,360,1,Urban,29.04310513720489,Approved,103110.71933139056,0.8440948038222199
LN04657,Male,No,3,Graduate,Salaried,41179.54598667242,6133.6083079540185,170327.10691333475,120,0,Urban,31.729315977659056,Rejected,47313.15429462644,3.5999947467607236
LN04713,Male,Yes,0,Graduate,Salaried,67139.45518533852,0.0,110193.42472285229,300,1,Urban,40.8278106955791,Approved,67139.45518533852,1.6412618246404183
LN01265,Male,Yes,3,Not Graduate,Salaried,31725.7100619004,8433.759292002953,206311.90942181915,360,0,Urban,24.296333207152927,Rejected,40159.469353903354,5.13731662148485
LN02882,Female,Yes,3,Graduate,Unemployed,47862.69644285649,24811.49715570353,194447.00027965187,60,0,Rural,34.690815940294485,Rejected,72674.19359856003,2.6755990077267904
LN02844,Female,Yes,0,Graduate,Salaried,64335.51127525258,19352.115282896026,160041.21448372368,360,1,Semiurban,33.36678845961809,Approved,83687.62655814861,1.9123641219831031
LN05114,Male,No,1,Graduate,Salaried,57316.39578646151,13835.116473689652,153984.70336913562,240,1,Urban,23.10915204440286,Approved,71151.51226015115,2.1641803312081636
LN04950,Male,No,3,Graduate,Self-Employed,64804.11687892446,8070.429954687849,216522.58357811585,240,1,Semiurban,49.31854063166006,Rejected,72874.54683361232,2.9711688509361402
LN03387,Male,No,0,Not Graduate,Salaried,61562.86125939295,32464.906315946217,189751.07296345863,240,1,Rural,54.845453547511,Approved,94027.76757533917,2.0180323095666584
LN01410,Male,No,0,Graduate,Salaried,86563.88283698115,25522.111559570585,112671.83238650444,180,0,Rural,32.887728926402346,Rejected,112085.99439655175,1.0052266832542882
LN04091,Male,Yes,3,Graduate,Salaried,88410.08574542127,3609.384923836489,189486.6062316004,60,1,Urban,38.98318968206243,Approved,92019.47066925776,2.059201219627368
LN01206,Male,nan,0,Graduate,Self-Employed,45960.16624386489,17812.304922186042,304829.44480712747,300,1,Urban,37.156716194046865,Approved,63772.471166050935,4.7799534694744965
LN05860,Male,No,3,Graduate,Self-Employed,84868.11594374324,19213.602543067085,117094.32534541527,60,0,Urban,38.60728159577299,Rejected,104081.71848681032,1.125022982400641
LN01546,Male,Yes,2,Graduate,Self-Employed,40032.29121623417,15118.626791807845,95820.17276637311,180,1,Urban,31.21628224618226,Approved,55150.91800804201,1.7374175485601306
LN02918,Male,Yes,1,Graduate,Salaried,61961.35079077889,0.0,146985.96254860092,60,1,Urban,29.931541423715046,Approved,61961.35079077889,2.3722201125814615
LN03375,Male,Yes,2,nan,Self-Employed,39519.42818227241,4742.766050253926,167937.06940541515,180,1,Semiurban,40.24074293051987,Rejected,44262.19423252634,3.7941424350355772
LN02635,Male,Yes,1,Graduate,Salaried,81430.86304469772,3322.4258410007897,147430.25364037382,360,1,Urban,39.84491123764196,Approved,84753.28888569851,1.7395225079607688
LN01959,Male,Yes,1,Graduate,Salaried,64464.7782825832,11195.440958336489,151989.9727058008,180,1,Rural,42.10460264912665,Approved,75660.21924091969,2.008849223947257
LN02145,Male,Yes,2,Not Graduate,Salaried,89797.26877204164,14748.113164705206,53427.385545188925,240,0,Semiurban,42.6085060444226,Rejected,104545.38193674685,0.5110449123186916
LN03890,Male,Yes,0,Graduate,Salaried,73857.15168474874,27519.474545131572,201359.5780020207,240,0,Semiurban,37.766651100355475,Rejected,101376.6262298803,1.9862525070169563
LN03159,Female,nan,0,Graduate,Self-Employed,66263.6894772996,26911.73044940096,169543.495390098,180,1,Urban,21.8929025153828,Approved,93175.41992670056,1.8196161125270467
LN05714,nan,Yes,2,Graduate,Self-Employed,67891.5997096844,20855.215328568676,133679.11869259525,240,1,Urban,40.48532710074554,Approved,88746.81503825307,1.5062976472448588
LN05221,Female,No,0,Not Graduate,Salaried,60269.00729238586,12305.062442960136,200449.5738465824,180,0,Urban,44.37351257480503,Rejected,72574.069735346,2.7619999068201184
LN02553,Male,Yes,3,Not Graduate,Salaried,67792.28354741808,15075.601803941332,193045.50522707315,180,1,Urban,21.96297228582982,Approved,82867.88535135941,2.329557516866289
LN01811,Male,No,3,Graduate,Self-Employed,62935.860239710986,13219.767099361616,152772.66675788496,60,0,Urban,36.54919103661638,Rejected,76155.6273390726,2.0060588047904244
LN00653,Male,Yes,1,Graduate,Salaried,37869.48182516659,18377.660990546017,169105.8585296259,180,0,Urban,36.52995895519378,Rejected,56247.14281571261,3.0064790861232202
LN05304,Male,Yes,2,Graduate,Self-Employed,54853.99998764421,5071.312946213018,205607.45314032992,180,0,Urban,36.81613446586203,Rejected,59925.312933857225,3.431061818021207
LN04879,Male,Yes,0,Graduate,Self-Employed,79356.52048050408,6143.3181599358395,160053.3495015696,120,1,Semiurban,27.902749598475612,Approved,85499.83864043992,1.8719725328916257
LN04003,Female,No,0,Graduate,Self-Employed,69452.60691686811,16104.180469461196,126875.04234000151,60,1,Urban,33.13485764202056,Approved,85556.7873863293,1.4829336890257552
LN05032,Female,Yes,2,Graduate,Self-Employed,74620.01253570963,0.0,149124.1318552126,360,0,Semiurban,52.47056982758653,Rejected,74620.01253570963,1.9984468882774415
LN05515,Male,No,3,Graduate,Salaried,29620.604383733706,30330.12542249183,141013.37429949397,360,0,Urban,32.62539194287299,Rejected,59950.729806225536,2.3521544233953686
LN04938,Male,Yes,0,Graduate,Salaried,79653.66285539883,0.0,130614.15667542162,120,1,Urban,48.95452199890453,Approved,79653.66285539883,1.6397758997289946
LN00696,Male,No,0,Not Graduate,Salaried,66522.66044484236,24970.593564536415,221163.24605328304,240,0,Semiurban,38.66135840469673,Rejected,91493.25400937878,2.4172628730705332
LN04748,Female,No,1,Graduate,Salaried,42634.78076803335,0.0,143499.30133724344,300,1,Urban,36.129150931988825,Approved,42634.78076803335,3.3657802093082685
LN01150,Male,nan,0,Graduate,Salaried,40172.15301087385,21865.67746753176,189606.86995727348,360,0,Urban,27.87006916240636,Rejected,62037.83047840561,3.0563104559769
LN03417,Female,No,2,Graduate,Salaried,64156.05014706627,18842.092216494624,133751.0277869337,300,1,Urban,21.0,Approved,82998.1423635609,1.611494233220997
LN02678,Male,Yes,1,Graduate,Salaried,61906.883988826165,19235.078740220375,208533.939435325,300,0,Semiurban,21.0,Rejected,81141.96272904654,2.5699888494399916
LN00031,Male,Yes,2,Not Graduate,Salaried,97045.56369017877,10751.686524743614,91292.88137594429,60,0,Semiurban,39.98882792803068,Rejected,107797.25021492239,0.846894342795644
LN03128,Male,Yes,0,Graduate,Salaried,61453.610486586826,20704.860860796907,137052.05826162433,240,1,Rural,33.393626043921465,Approved,82158.47134738373,1.6681427491772416
LN00207,Male,No,0,Graduate,Self-Employed,70275.71901824417,16291.874733317103,179384.7450933906,240,1,Urban,41.510027400045026,Approved,86567.59375156127,2.0721928070243414
LN01659,Male,No,0,Graduate,Self-Employed,82797.57122258091,6604.7244198234275,160019.73924381757,240,0,Rural,21.0,Rejected,89402.29564240434,1.7898840079439609
LN01208,Male,Yes,0,Not Graduate,Salaried,31947.89456400613,2296.3795367491384,157099.47252877965,120,0,Urban,56.587711241003376,Rejected,34244.27410075527,4.587612868258018
LN03371,Female,Yes,1,Graduate,Self-Employed,36094.12472801511,14500.89766958838,227365.54915438392,180,1,Semiurban,21.13026147902297,Rejected,50595.02239760349,4.493832364923579
LN01519,Female,Yes,0,Graduate,Salaried,97081.85132668375,21700.49671815524,121531.9403954566,60,1,Rural,34.32442328800599,Approved,118782.34804483899,1.0231481562359726
LN00257,Female,Yes,0,Graduate,Salaried,45846.61068762439,1547.9032919139754,208817.2028085727,300,1,Urban,30.071222530182496,Approved,47394.51397953836,4.405936157478593
LN04626,Male,Yes,1,Not Graduate,Salaried,46656.218304449896,27998.712435306046,,360,1,Rural,32.02372102316404,Approved,74654.93073975595,
LN03951,Male,Yes,1,Graduate,Unemployed,43314.36379930751,17274.050789916208,150939.8095992746,240,0,Semiurban,33.11120105870119,Rejected,60588.414589223714,2.4912322037573307
LN01040,Male,No,3,Not Graduate,Salaried,93678.55382915738,22663.884765723993,105183.33335140022,120,0,Urban,31.24961526830752,Rejected,116342.43859488137,0.9040839664506386
LN05308,Male,Yes,0,Graduate,Salaried,44820.58602193311,10091.935335035798,222464.6214201913,300,0,Semiurban,36.88983694468069,Rejected,54912.52135696891,4.0512549036679495
LN01078,Male,No,0,Not Graduate,Salaried,90015.19581268622,20587.238369444854,200996.43027138777,360,1,Urban,30.41004908597015,Approved,110602.43418213107,1.817287582842917
LN04779,Female,Yes,1,Graduate,Self-Employed,15000.0,15748.875843715578,146260.9351674346,180,1,Urban,37.91904307080986,Approved,30748.875843715578,4.756627068606388
LN00502,Male,Yes,0,Graduate,Salaried,32028.648523617176,19385.792909210053,112076.80385345676,240,1,Urban,32.344974882450146,Approved,51414.441432827225,2.179870105170445
LN01559,Male,Yes,0,Graduate,Salaried,54577.527979148625,12864.067577949576,175269.66881102315,360,1,Urban,32.97576034914039,Approved,67441.5955570982,2.598836331839662
LN01341,Male,Yes,2,Graduate,Salaried,60060.92040306829,19119.529990618095,113754.03285541992,120,0,Urban,36.551871055106005,Rejected,79180.45039368639,1.436642912358204
LN02022,Female,Yes,3,Graduate,Salaried,87213.17191677302,0.0,105601.85316991892,180,1,Urban,50.59758485500936,Approved,87213.17191677302,1.2108475227881186
LN02208,Male,Yes,1,Graduate,Self-Employed,53738.839389536915,4222.792542083984,108401.44459607344,360,1,Semiurban,38.88291500652837,Approved,57961.6319316209,1.870227614087159
LN01890,Male,No,0,Graduate,Salaried,70925.684960074,16666.378953118387,185303.3474927715,360,1,Urban,35.19806697140836,Approved,87592.06391319238,2.11552667232976
LN01320,Male,No,0,Graduate,Salaried,61132.99849794214,21353.291952162064,112787.83165222144,360,1,Urban,43.09704199343807,Approved,82486.2904501042,1.3673524538049942
LN05811,Female,No,3,Graduate,Salaried,88838.84803905201,2487.720846223243,206396.24927584137,180,0,Urban,45.00545150338683,Rejected,91326.56888527525,2.259980329876589
LN04887,Male,Yes,0,Graduate,Salaried,92190.41331551946,6552.970012970172,148259.38426210237,360,0,Rural,32.99975291859115,Rejected,98743.38332848962,1.5014614576137002
LN05908,Male,No,2,Not Graduate,Salaried,93426.95150874952,8103.444950990561,185216.93005737977,360,0,Urban,34.257742903176016,Rejected,101530.39645974009,1.824251027433188
LN04005,Male,No,1,Graduate,Salaried,71851.34547694662,7289.578428587954,240923.21891907963,360,1,Urban,37.550351254168504,Approved,79140.92390553457,3.044230557715679
LN02144,Male,Yes,0,Graduate,Salaried,55535.954907303894,25845.005302909256,84040.24736161003,240,0,Rural,41.44239831291941,Rejected,81380.96021021315,1.032677018611328
LN01047,Male,Yes,2,Not Graduate,Salaried,28472.15686031501,14071.254986069473,171606.01219918847,360,1,Urban,31.105017694242058,Approved,42543.411846384486,4.033668310826186
LN05555,Male,Yes,3,Not Graduate,Salaried,30981.442177775516,20085.353176271303,179352.1212033917,240,0,Urban,30.584677214327392,Rejected,51066.795354046815,3.512108405470539
LN00959,Male,No,0,Graduate,Salaried,68954.1712003463,15971.557870862478,86435.7875442949,60,0,Semiurban,29.73042701565024,Rejected,84925.72907120879,1.0177809303446774
LN00168,Male,Yes,0,Graduate,Salaried,55092.23767994259,13380.451830586726,146205.06074601697,240,1,Urban,23.377840873293536,Approved,68472.68951052932,2.13523175139096
LN03100,Female,Yes,0,Not Graduate,Self-Employed,45862.14864025302,11589.070678583916,223649.17888149148,180,1,Semiurban,42.01510460622928,Rejected,57451.219318836935,3.8928534769698446
LN01451,Female,No,0,Graduate,Salaried,94044.29889270476,19753.34925427491,157023.34878674283,180,1,Urban,27.31931403924819,Approved,113797.64814697967,1.3798470473127298
LN03663,Female,Yes,2,Graduate,Salaried,,17270.288603889454,155828.2828407668,180,1,Urban,45.34302347359109,Approved,17270.288603889454,9.022911337200966
LN01115,Male,No,1,Graduate,Salaried,67299.2200493245,10666.104333138468,119774.30697201024,240,1,Urban,40.41526453179369,Approved,77965.32438246298,1.5362509926137307
LN04170,Male,No,3,Graduate,Salaried,29143.935635142007,32699.13067655593,95117.83182106946,300,1,Urban,35.56791504721684,Approved,61843.06631169794,1.5380516765074668
LN00817,Male,Yes,1,Graduate,Salaried,77792.61591246874,188.54275378284365,177376.99100845266,300,0,Rural,29.90960071381068,Rejected,77981.15866625158,2.2746134328113965
LN03210,Female,nan,1,Graduate,Salaried,83669.87333779855,487.73701098841593,196816.8690414665,180,0,Rural,32.53041547105732,Rejected,84157.61034878697,2.3386698864876143
LN00124,Male,No,2,Graduate,Salaried,71737.14187600541,30303.34564354411,194936.33870068224,120,0,Semiurban,25.99338168070731,Rejected,102040.48751954953,1.9103822751075663
LN02371,Female,Yes,3,Graduate,Salaried,49034.25407018798,5842.4495886643945,111561.65857196537,180,1,Semiurban,36.95278776541328,Approved,54876.70365885237,2.0329511638581983
LN00370,Female,Yes,1,Graduate,Salaried,60490.203485178856,12410.612034216094,164741.53446048472,240,0,Rural,23.61508943063834,Rejected,72900.81551939495,2.2598037249206895
LN03457,Female,Yes,2,Not Graduate,Self-Employed,52473.98550150008,15523.727687275685,141721.05137162027,60,0,Urban,37.45902768997611,Rejected,67997.71318877576,2.084203199277794
LN04275,Male,Yes,2,Graduate,Salaried,57974.38562596934,20709.40993942198,129682.15743147882,300,0,Rural,21.38635214340229,Rejected,78683.79556539132,1.6481431341692783
LN00079,Male,Yes,3,Not Graduate,Salaried,20248.621707982144,28366.57357758983,186301.7999614667,120,1,Urban,48.64650081195023,Approved,48615.19528557197,3.8321722018621074
LN01662,Male,No,3,Graduate,Self-Employed,17562.902019828107,8270.946679905985,227931.4008535043,360,0,Urban,36.600473028742925,Rejected,25833.84869973409,8.822974985366791
LN02217,Male,No,3,Graduate,Salaried,58677.347707483554,0.0,131928.29018248437,120,1,Urban,31.841469283422903,Approved,58677.347707483554,2.2483683284419924
LN00133,Female,No,1,Not Graduate,Salaried,69471.84861270363,15348.075404998322,168452.6024294984,120,1,Urban,22.100634676450248,Approved,84819.92401770195,1.9860027508907254
LN04623,Female,Yes,1,Graduate,Self-Employed,75435.92354471322,28527.590306147627,133033.20777919696,60,0,Urban,27.750395247681,Rejected,103963.51385086085,1.279614384427575
LN00879,Female,Yes,0,Not Graduate,Salaried,83767.86546896168,0.0,192177.514561106,240,0,Urban,34.52125670585473,Rejected,83767.86546896168,2.294167500690502
LN00954,Male,Yes,2,Graduate,Salaried,58356.97643214862,5019.053722309647,201244.32163829653,300,1,Rural,42.94294041136944,Approved,63376.03015445827,3.1754011910785445
LN01683,Female,Yes,0,Graduate,Self-Employed,66487.18563443205,30422.76627661302,193263.5578647273,240,1,Rural,39.37402462592185,Approved,96909.95191104508,1.994259145254003
LN00000,Male,Yes,2,Graduate,Salaried,69934.28306022465,3859.186417669125,208740.7028792846,360,1,Urban,35.56680135307603,Approved,73793.46947789378,2.828715120134266
LN04810,Male,No,1,Graduate,Self-Employed,75129.76708632197,7868.076956338672,160270.66352288754,180,1,Urban,39.91880327192179,Approved,82997.84404266064,1.9310220087224061
LN05283,Female,Yes,0,Graduate,Salaried,71991.55082490711,11532.501089917572,79550.78500241326,180,0,Urban,32.681691004704376,Rejected,83524.05191482468,0.9524296676068441
LN00002,Male,No,2,Graduate,Salaried,72953.77076201385,5579.398164257551,133610.24720612683,360,0,Urban,30.53425594889344,Rejected,78533.1689262714,1.7013224989247913
LN03161,Male,Yes,0,Graduate,Salaried,69118.08390341405,13979.937198727384,124444.73938356077,240,0,Urban,41.210327375879096,Rejected,83098.02110214144,1.4975656186878055
LN03590,Female,Yes,2,Graduate,Salaried,81367.58667388033,23766.058798421793,107820.16937341436,240,0,Urban,42.82496850716054,Rejected,105133.64547230213,1.0255534171676755
LN00428,Male,No,2,Not Graduate,Salaried,81168.48973699176,28528.00534896725,138027.24531172082,240,0,Urban,44.75823092389021,Rejected,109696.495085959,1.2582648625515485
LN01861,Female,No,2,Not Graduate,Salaried,76216.16546319565,16478.20739036527,227072.8597416127,360,0,Urban,21.487297087235795,Rejected,92694.37285356093,2.4496941157403764
LN03908,nan,No,2,Not Graduate,Self-Employed,71718.08402329298,25618.16645989732,209379.59090090063,300,1,Rural,32.96504888785518,Approved,97336.25048319029,2.1510957106063984
LN05374,Female,No,2,Graduate,Salaried,68632.63259275195,3903.906320969693,49185.28447884174,60,0,Rural,28.71013388742701,Rejected,72536.53891372164,0.6780759768169394
LN02661,Male,Yes,0,Not Graduate,Salaried,42098.603154467906,1006.5783415122914,210476.57005681345,120,1,Semiurban,42.39468895781597,Approved,43105.1814959802,4.882860082063257
LN05124,Female,nan,0,Graduate,Salaried,73783.28914148672,25608.000718059477,41161.014951407575,300,0,Urban,42.01855759604034,Rejected,99391.2898595462,0.41413100694813243
LN03273,nan,Yes,0,Graduate,Self-Employed,74422.70725091163,25331.89864363148,195816.44767192856,300,1,Urban,32.701530941346874,Approved,99754.60589454311,1.9629815176548187
LN01885,Male,No,2,Graduate,Salaried,65603.22317639213,19752.58604717311,82782.69975847242,300,0,Urban,50.02659290645541,Rejected,85355.80922356524,0.9698543135083718
LN02494,Male,No,0,Graduate,Self-Employed,34869.86211441488,5124.770375730053,191961.2572334395,360,0,Urban,40.40220160133128,Rejected,39994.63249014493,4.799675488473126
LN00038,Male,No,1,Graduate,Unemployed,33436.27902203139,23202.32398305984,236738.1396561789,360,1,Semiurban,41.914068035561165,Rejected,56638.60300509123,4.179801885913368
LN00892,Female,Yes,1,Graduate,Salaried,81333.49379178308,2555.135501111343,83467.54584896869,300,0,Urban,30.540137197830987,Rejected,83888.62929289443,0.9949804467247219
LN00478,Female,Yes,0,Graduate,Self-Employed,121577.61616910476,12559.716478288658,176699.0398709332,180,1,Semiurban,32.868529837482164,Approved,134137.33264739343,1.317299489884905
LN03749,Male,nan,0,Graduate,Salaried,30517.35735915789,26523.48638961926,122038.71010223943,360,0,Urban,50.955152414962896,Rejected,57040.843748777144,2.139496930300154
LN02671,Female,Yes,0,Graduate,Salaried,71640.53134169454,30696.28586939493,116253.10715432507,360,1,Urban,29.152579709568784,Approved,102336.81721108948,1.1359851744707923
LN04641,Male,Yes,1,Graduate,Salaried,62572.34900809933,8994.933645860367,166342.6203130467,300,0,Semiurban,23.044435199368685,Rejected,71567.2826539597,2.3242830263284175
LN03080,Female,Yes,3,Graduate,Salaried,84010.63316947746,13926.213815899546,138784.6586028177,240,0,Urban,46.130448649817666,Rejected,97936.84698537701,1.4170831803839847
LN03701,Female,Yes,1,Graduate,Salaried,89052.33490972359,19467.03610809144,170682.3949141187,360,1,Urban,47.64462450663009,Approved,108519.37101781504,1.572828825980743
LN04679,Female,Yes,3,Graduate,Salaried,65026.33296476205,23048.5593818008,150257.15702709247,360,1,Urban,33.12417621671282,Approved,88074.89234656285,1.70601578978775
LN05904,Male,No,1,Graduate,Salaried,42125.07961832572,12573.335385728777,,360,0,Semiurban,43.68247664945999,Rejected,54698.41500405449,
LN03575,Female,Yes,0,Graduate,Self-Employed,65739.11708603418,6544.478236453862,178688.38805722923,300,1,Semiurban,27.459921466831965,Approved,72283.59532248805,2.472046212699076
LN04867,Female,Yes,0,Graduate,Salaried,59273.38783915316,7053.408158541961,132963.9614233959,60,0,Semiurban,34.501400199638184,Rejected,66326.79599769512,2.004679397268284
LN03468,Male,Yes,2,Not Graduate,Salaried,50909.04562513112,8151.878902611041,120541.04751511768,240,1,Urban,31.02688415444501,Approved,59060.92452774216,2.0409610665423465
LN02836,Female,Yes,0,Graduate,Self-Employed,98082.73179146012,9540.38072885072,163262.8511790201,120,0,Rural,34.90552344777896,Rejected,107623.11252031084,1.5169868939463056
LN05047,Female,Yes,1,Graduate,Self-Employed,59559.302719914594,9119.81480963033,119843.995588694,60,1,Urban,33.85142920462242,Approved,68679.11752954492,1.7449845003779871
LN01058,Female,Yes,1,Graduate,Self-Employed,70872.00309188865,34531.07198272574,142345.81334951724,300,1,Urban,32.62047733637313,Approved,105403.07507461439,1.3504901374912568
LN01127,Female,Yes,3,Graduate,nan,44914.48299961284,21249.03594654043,125275.10130925111,240,1,Semiurban,32.91346668713794,Approved,66163.51894615327,1.8934165429019185
LN01026,Male,Yes,1,Graduate,Self-Employed,60760.069563364006,18104.727541807515,190261.99289522035,180,1,Urban,24.382159570609204,Approved,78864.79710517151,2.4125084940178465
LN01574,Female,Yes,0,Graduate,Salaried,69328.59964867053,7651.891024658092,155227.1122774608,180,1,Semiurban,39.31297027578317,Approved,76980.49067332862,2.016447426091066
LN03557,Female,No,2,Graduate,Salaried,62461.56403312362,22339.504783642384,207786.6356060446,300,1,Rural,41.405370749259205,Approved,84801.068816766,2.4502832158285623
LN02139,Female,Yes,3,Graduate,Salaried,30649.4946849512,18463.127102248865,167348.01484422406,60,1,Urban,40.61616537604472,Approved,49112.62178720007,3.407433949857651
LN01972,Female,Yes,0,Not Graduate,Self-Employed,73118.01553059522,8452.302243760507,157402.87069454073,240,1,Rural,50.93397241945482,Approved,81570.31777435573,1.9296586673838534
LN02438,nan,Yes,1,Not Graduate,Salaried,51264.71525523565,14758.708895450263,135896.14715618256,180,1,Semiurban,21.30896333558004,Approved,66023.42415068591,2.058302017872103
LN00820,Male,Yes,0,Graduate,Salaried,49654.23099799256,34920.366359593085,221579.4452607055,60,1,Urban,25.31925353075347,Approved,84574.59735758565,2.619929058885808
LN04196,Female,Yes,1,Graduate,Salaried,81946.00375087417,17725.17990229593,139588.86451936237,180,1,Urban,40.79389710986181,Approved,99671.1836531701,1.4004936974070206
LN04111,Female,No,1,Graduate,Salaried,44452.57030308187,33641.995258873496,189846.79628292975,240,0,Semiurban,27.126031222248173,Rejected,78094.56556195536,2.4309860092930173
LN01307,Female,Yes,0,Not Graduate,Self-Employed,59817.62006711593,29363.68034243754,68184.91074502702,240,0,Semiurban,40.283539667654225,Rejected,89181.30040955347,0.7645651098593172
LN05973,Female,No,1,Graduate,Salaried,16925.388524170776,6878.305282736701,224507.17979417383,300,1,Urban,36.22814978900581,Approved,23803.693806907475,9.431610976655447
LN00780,Male,No,1,Graduate,Salaried,63554.02001866507,27019.31669539543,207044.7988575137,360,0,Urban,36.133763466596214,Rejected,90573.3367140605,2.2859354239223064
LN04920,nan,Yes,1,Graduate,Salaried,93274.65664286946,31253.30309075195,205711.71733713025,180,1,Urban,21.0,Approved,124527.95973362142,1.651931965938971
LN02569,Male,Yes,0,Graduate,Salaried,55307.58860085173,0.0,54417.88945404785,300,0,Urban,35.06027237204296,Rejected,55307.58860085173,0.9839136153046786
LN03048,Male,Yes,1,Graduate,Salaried,68509.7986648046,13066.590503203772,202001.3359931344,360,1,Urban,39.44917637655253,Approved,81576.38916800838,2.4762230598011414
LN01751,Female,No,1,Graduate,Self-Employed,73557.50639061816,18169.520069841154,147262.6802161892,60,1,Urban,45.888494965584805,Approved,91727.02646045931,1.6054448279719349
LN00561,Male,No,1,Graduate,Salaried,101508.01597290878,28460.997945142575,138346.14039745892,240,0,Urban,44.805360758251915,Rejected,129969.01391805135,1.0644547975465102
LN02954,Female,No,1,Not Graduate,Self-Employed,,12177.594080767713,175154.46266683313,60,1,Semiurban,31.07216607450333,Rejected,12177.594080767713,14.383338901356355
LN04013,Male,Yes,0,Graduate,Salaried,63973.600190948135,10340.490219279493,121376.24880942046,300,1,Semiurban,34.66922808083113,Approved,74314.09041022763,1.633287148364475
LN02161,Male,Yes,3,Not Graduate,Self-Employed,64930.0955686401,23778.260312391256,134371.12873026545,300,0,Urban,39.43431012005299,Rejected,88708.35588103136,1.5147516532768728
LN01600,Male,No,1,Not Graduate,Salaried,56342.0711779032,13711.226213112464,105465.19573688612,300,1,Urban,44.49495950054482,Approved,70053.29739101566,1.505499379254231
LN00862,Male,Yes,2,Graduate,Salaried,90950.10402660124,34333.59747714357,176681.3212408238,120,1,Urban,33.818067854769104,Approved,125283.70150374481,1.4102498499020057
LN02433,Female,Yes,3,Not Graduate,Self-Employed,56512.91484194328,22410.16951336449,162199.30939988233,300,1,Semiurban,35.97492136812705,Approved,78923.08435530777,2.055156748178634
LN05498,Male,Yes,0,Graduate,Salaried,16112.350603599516,12589.36777534219,160783.13937430322,300,0,Semiurban,53.735373986245456,Rejected,28701.718378941707,5.601864573107544
LN00566,Female,Yes,1,Not Graduate,Salaried,19237.50929644292,29751.123643098555,176666.2515307174,180,0,Urban,40.68983893408907,Rejected,48988.63293954148,3.6062702902680948
LN05327,Female,No,1,Not Graduate,Salaried,64356.04679497452,21756.644532569764,135632.05629251827,300,0,Semiurban,31.652976519176644,Rejected,86112.69132754428,1.5750530404004988
LN02615,Female,Yes,3,Graduate,Self-Employed,73366.80977436161,5219.769764774317,223837.18353941455,120,1,Rural,44.04712108861882,Approved,78586.57953913593,2.848287644685492
LN02061,Male,No,0,Graduate,nan,57252.56423201207,16506.02492844634,113915.17729922789,120,1,Rural,30.821961259723608,Approved,73758.5891604584,1.5444327039853036
LN00590,Male,No,2,Not Graduate,Salaried,61431.32474438785,12842.128736717805,91849.85711082778,60,1,Rural,40.654366737526566,Approved,74273.45348110565,1.236644491482995
LN05725,Male,No,1,Graduate,Self-Employed,35703.877282227135,8043.192558334849,234922.93511877823,360,0,Urban,37.3267659410344,Rejected,43747.069840561984,5.370026746361862
LN01129,Male,Yes,3,Graduate,Self-Employed,66575.2482060696,28098.65169433534,197053.32757259655,300,1,Semiurban,37.081938257519546,Approved,94673.89990040494,2.08139020131095
LN03609,Male,Yes,2,Graduate,Self-Employed,51695.72464189457,19991.10506798941,98755.25503095666,240,1,Rural,32.144001019446804,Approved,71686.82970988398,1.3775927242231016
LN05721,Male,Yes,1,Graduate,Salaried,94443.1019561639,4966.981690245033,230370.22749117145,180,1,Semiurban,33.93197348064545,Approved,99410.08364640892,2.317372836246409
LN02347,Male,Yes,1,Graduate,Self-Employed,42744.48471913759,18160.67869729951,58724.39455076451,300,1,Rural,27.72245015082995,Approved,60905.1634164371,0.9641940232429613
LN03641,Male,No,3,Graduate,Self-Employed,56348.62051240918,18740.620881310435,173967.7129409251,180,1,Semiurban,26.405939858616875,Approved,75089.24139371961,2.3168127645443968
LN03570,Male,No,0,Graduate,Salaried,54050.355982523,11240.16420648134,35027.223816505066,120,1,Rural,34.188558516545385,Approved,65290.52018900434,0.5364825355213519
LN00719,Female,Yes,1,Graduate,Salaried,58861.08752557865,23598.33561467458,102923.30398661282,300,1,Urban,55.80538991376653,Approved,82459.42314025323,1.2481691002319173
LN01266,Female,Yes,0,Graduate,Salaried,57775.47877302599,23739.897510068826,137980.07621557944,300,1,Urban,32.586407502933646,Approved,81515.37628309481,1.6926877174238677
LN05388,Female,No,1,Not Graduate,Self-Employed,33385.89737338148,21051.330157589495,236098.2144066088,60,1,Semiurban,27.844018226100488,Rejected,54437.22753097097,4.337072718706797
LN03620,Male,Yes,0,Not Graduate,Self-Employed,32542.810970378723,18624.498815945262,190080.25798631855,120,0,Rural,47.23758463951708,Rejected,51167.30978632398,3.714876916142331
LN01485,Male,Yes,2,Not Graduate,Salaried,78651.8166374618,8725.792655736266,189962.32287586224,240,0,Semiurban,40.19465843258743,Rejected,87377.60929319807,2.1740389146885244
LN01076,Female,Yes,1,Graduate,Salaried,28868.362026804974,23007.019475455767,170056.91306321148,60,1,Urban,47.55568543819335,Approved,51875.381502260745,3.278181444425625
LN01632,Female,Yes,0,Graduate,Salaried,47129.00335365076,24653.266671611265,208164.10663971043,240,1,Urban,56.21583767919078,Approved,71782.27002526203,2.899937638729621
LN04885,Male,Yes,0,Not Graduate,Salaried,50516.4364979207,25813.169577685367,244778.738661428,240,1,Rural,40.21094165455529,Approved,76329.60607560608,3.2068649538027163
LN04841,Male,Yes,2,Graduate,Self-Employed,61513.898800101866,3757.99903053022,199915.22842891916,240,0,Urban,43.79142951610328,Rejected,65271.897830632086,3.062807043663115
LN00392,Female,Yes,2,Graduate,Self-Employed,33595.335859587154,0.0,216773.69489253272,240,1,Urban,31.501625302850808,Rejected,33595.335859587154,6.4524937568282015
LN00001,Male,Yes,0,Graduate,Salaried,57234.713976576306,8690.6916626221,56050.95276230863,120,0,Urban,41.59248351944086,Rejected,65925.4056391984,0.8502177911360692
LN05210,Female,Yes,2,Not Graduate,Salaried,62143.39830519192,24955.26691674114,108281.1844122631,360,0,Urban,36.638689930267475,Rejected,87098.66522193306,1.2432014214724831
LN05668,Male,Yes,1,Not Graduate,Salaried,25394.745390313103,14024.061098455855,156238.9289838706,120,0,Semiurban,34.0200037518163,Rejected,39418.806488768954,3.963563154262054
LN02509,Male,No,3,Not Graduate,Salaried,33550.8408651286,20935.39432293191,91575.45539503664,240,1,Urban,42.15157758667607,Approved,54486.23518806051,1.6807080738641937
LN04157,nan,Yes,0,Not Graduate,Salaried,50451.78587614399,8773.282334476171,185633.10160635033,300,1,Semiurban,21.233652166609872,Approved,59225.068210620164,3.1343670377244552
LN01420,Male,No,2,Graduate,Salaried,70765.92158099265,10716.817422022445,104410.88561656792,300,1,Urban,27.116485551928715,Approved,81482.7390030151,1.2813865475570771
LN03226,Male,No,1,Graduate,Salaried,43062.98067749271,10084.555861930954,177143.186017911,360,1,Urban,45.25187301502846,Approved,53147.536539423665,3.3330460366024703
LN01898,Male,Yes,1,Graduate,Self-Employed,,1598.7510434521428,151001.3669902015,60,0,Semiurban,32.117295355693074,Rejected,1598.7510434521428,94.449581508418
LN03131,Male,Yes,1,Graduate,Salaried,59248.587100410376,35135.542946486996,92672.49181462712,60,0,Urban,29.894809559628865,Rejected,94384.13004689736,0.981865190351177
LN01838,Female,Yes,0,Graduate,Salaried,59335.40018711078,12240.485483038618,142563.52060913033,360,0,Urban,34.29061146624559,Rejected,71575.88567014941,1.99178143971729
LN02554,Male,Yes,0,Not Graduate,nan,42634.14536247267,24429.386198972337,124615.36149099542,240,1,Urban,43.2778338619654,Approved,67063.53156144501,1.858168792927647
LN02141,Male,No,3,Not Graduate,Self-Employed,61017.75403712036,7658.381338789859,121666.470351928,240,1,Semiurban,36.29102150263113,Approved,68676.13537591022,1.7715975088866953
LN02513,Male,Yes,1,Not Graduate,Salaried,54900.884128926045,19796.25319551573,124749.13646274118,360,1,Urban,35.40005820557738,Approved,74697.13732444178,1.6700658275684925
LN05768,Male,Yes,2,Not Graduate,Self-Employed,64101.50678469259,15073.506749196991,83393.55226845495,60,0,Urban,38.34432257950344,Rejected,79175.01353388958,1.0532811874134975
LN01761,Female,Yes,1,Graduate,Salaried,74842.54982143785,22132.662507965422,167043.22996241107,180,0,Urban,41.93254342393464,Rejected,96975.21232940326,1.7225353360918902
LN01101,Female,Yes,3,Graduate,Salaried,15000.0,13725.931276100402,77269.26257114195,360,1,Urban,21.0,Approved,28725.931276100404,2.6898784178123045
LN03667,Male,Yes,0,Not Graduate,Self-Employed,71808.44122502927,11174.161572775663,44699.68993084332,360,0,Semiurban,30.129773413533258,Rejected,82982.60279780492,0.5386633875507425
LN04837,Female,Yes,0,Graduate,Salaried,44824.6948412925,8150.038498736073,115770.71904293346,300,1,Urban,33.60174020766972,Approved,52974.73334002857,2.1853950316245427
LN03718,nan,No,1,Graduate,Salaried,56371.01861504967,20948.543733972445,117774.6149062164,240,0,Rural,24.68536843734961,Rejected,77319.5623490221,1.5232188508075015
LN03348,Female,Yes,3,Graduate,Salaried,73578.62580118557,21092.38830889753,71425.54062118634,120,0,Rural,46.149174546208485,Rejected,94671.0141100831,0.7544604997907067
LN02845,Male,Yes,0,Graduate,Self-Employed,38053.94944734312,7585.01750087275,102096.03101793196,60,1,Urban,24.41807181491589,Approved,45638.96694821587,2.237036415258368
LN05906,Female,No,1,Graduate,Salaried,56477.329928980434,20432.569649742734,174579.32537952368,360,1,Semiurban,21.39720142916591,Approved,76909.89957872317,2.2699200796748977
LN00438,Male,Yes,0,Graduate,Salaried,25932.35121289691,20053.371476473483,161522.99403138165,60,1,Urban,32.67660509263096,Approved,45985.72268937039,3.5124596197488427
LN05319,Male,Yes,2,Graduate,Salaried,70805.75888071391,7025.145026562114,50390.721682539326,180,0,Rural,29.522477512949635,Rejected,77830.90390727602,0.6474384743439752
LN04832,Male,Yes,0,Graduate,Salaried,71757.1177627547,9389.49147977732,184132.6253646294,300,1,Rural,40.617648792765905,Approved,81146.60924253202,2.2691351750051743
LN02476,Female,Yes,2,Graduate,Salaried,55382.67252310462,16525.258828976166,188669.99080338056,240,0,Semiurban,38.36295902156834,Rejected,71907.93135208079,2.6237716376459357
LN03088,Male,No,3,Graduate,Salaried,20977.9627192275,13688.886613195173,122243.7422098194,60,1,Urban,49.39503447566804,Approved,34666.84933242267,3.5262432140174087
LN04083,Female,Yes,0,Graduate,Salaried,21767.18898696486,30668.547072137862,203756.03744908783,120,0,Semiurban,34.26052773414083,Rejected,52435.736059102725,3.8858239201491336
LN05468,Male,Yes,0,Not Graduate,Self-Employed,53466.53504981912,12572.714106889714,77235.55120493923,120,0,Urban,42.22675407267796,Rejected,66039.24915670883,1.1695401172969422
LN03324,Male,No,0,Graduate,Salaried,82077.54686632515,544.818522546766,126737.72854154596,300,1,Urban,40.17786689527536,Approved,82622.36538887191,1.533939726187212
LN04347,Male,Yes,0,nan,Salaried,28356.464733077457,28984.83993069321,167601.24143946404,120,0,Semiurban,34.91242134385446,Rejected,57341.30466377067,2.9228710860734513
LN02859,Female,Yes,1,Graduate,Salaried,63882.15261906716,0.0,149211.11555501647,240,0,Urban,35.90312340377378,Rejected,63882.15261906716,2.3357246028444076
LN03859,Male,Yes,0,Graduate,Salaried,56092.19297645952,35540.924414359746,149676.92029604802,300,0,Urban,21.0,Rejected,91633.11739081927,1.6334369555241626
LN04702,Male,No,2,Graduate,Salaried,73325.39344087047,10785.170028336372,195255.95915846943,120,1,Urban,47.06480939575343,Approved,84110.56346920684,2.321420177264099
LN04043,Female,Yes,2,Not Graduate,Salaried,,16243.847669077142,136859.15787369423,300,1,Semiurban,38.78740783680994,Approved,16243.847669077142,8.425291880459353
LN01637,Male,Yes,0,Graduate,Salaried,68471.98131186923,11383.718906274544,75809.70724833384,60,1,Urban,39.2662526856559,Approved,79855.70021814377,0.9493336986745168
LN01674,Female,No,0,Not Graduate,Salaried,92307.51378938885,6614.993836160478,139273.95248320454,120,0,Semiurban,33.91520104825301,Rejected,98922.50762554932,1.407909643884052
LN00883,Female,No,2,Graduate,Self-Employed,80883.21754138144,13109.857023175258,158520.7708796556,240,1,Semiurban,29.951986156486942,Approved,93993.0745645567,1.686515433334184
LN00607,Female,Yes,2,Not Graduate,Salaried,35106.90593377166,16878.00338042522,189761.7124628591,180,0,Urban,25.79640895929711,Rejected,51984.90931419688,3.65032304501945
LN00989,Male,Yes,2,Graduate,Self-Employed,60537.716779890616,14420.494582372825,172758.7834934412,120,1,Semiurban,33.359796559858836,Approved,74958.21136226344,2.3047346028378417
LN01896,Female,Yes,0,Graduate,Salaried,54824.07874665795,28304.32344378816,208811.28533792647,240,0,Rural,32.69176491910989,Rejected,83128.40219044611,2.5119126536264043
LN03046,Male,Yes,0,Graduate,Self-Employed,83181.48129911795,27782.809474594866,124938.10212499608,120,0,Rural,37.0822163803736,Rejected,110964.29077371281,1.1259307048587348
LN05801,Male,Yes,0,Not Graduate,Self-Employed,55235.32649888765,15341.438933402122,152761.52182405556,180,1,Semiurban,25.201459358166687,Approved,70576.76543228977,2.1644732638053883
LN03147,Male,Yes,1,Not Graduate,Salaried,45756.52271647913,10200.318538512734,158048.77487935778,360,1,Semiurban,39.925954866873056,Approved,55956.841254991865,2.824476352393433
LN04154,Male,Yes,1,Graduate,Self-Employed,79803.32477918579,15770.786113814936,210421.9994568044,240,0,Semiurban,37.268160159080445,Rejected,95574.11089300072,2.201663164749508
LN02648,Female,Yes,0,Not Graduate,Self-Employed,60312.36667899206,17469.06063416612,270917.7876786225,60,0,Urban,37.515194698663635,Rejected,77781.42731315817,3.4830652642548223
LN04397,Female,Yes,3,Graduate,Salaried,40715.99857153511,29985.463606698537,198371.4709577029,120,0,Urban,36.29603416250472,Rejected,70701.46217823365,2.805761929755027
LN03166,Male,No,3,Not Graduate,Salaried,52201.52586881109,2459.7734757148355,93767.2155833503,240,0,Rural,38.8607776254437,Rejected,54661.29934452593,1.7154223684355328
LN04859,Male,Yes,0,Not Graduate,Salaried,57169.484932661035,9661.553561850817,183549.6326044462,240,1,Urban,37.50326435519208,Approved,66831.03849451186,2.746472847635298
LN03606,Female,Yes,0,Graduate,Salaried,44402.94107556722,0.0,162229.90348246088,180,0,Urban,25.074653948747702,Rejected,44402.94107556722,3.6535846399536833
LN05940,Female,No,3,Graduate,Salaried,33582.43289245365,24845.928948957968,191244.20188643923,360,0,Semiurban,30.51397285602998,Rejected,58428.36184141162,3.2731398906154716
LN02453,Male,Yes,1,Not Graduate,Self-Employed,45684.80021778496,8751.653815655176,190136.37862188488,300,1,Urban,40.73164871035509,Approved,54436.45403344014,3.492813446391727
LN01669,Male,Yes,0,Graduate,Salaried,70934.67136402758,14587.403473499397,226781.5489405516,360,0,Urban,29.860117841904604,Rejected,85522.07483752698,2.651731139257161
LN04148,Male,Yes,0,Graduate,Self-Employed,49704.34650170517,0.0,121034.73457104784,300,1,Urban,57.520545245421275,Approved,49704.34650170517,2.435093570074311
LN00343,Male,Yes,0,Not Graduate,Salaried,49861.1364925774,13349.19434996954,188409.7064052924,180,1,Rural,31.95972428486124,Approved,63210.330842546944,2.980679010755527
LN01461,Male,Yes,1,Graduate,Salaried,35514.035274212685,14679.576293195132,160163.81105287312,120,1,Semiurban,31.42579678538012,Approved,50193.61156740782,3.190920239675923
LN00932,Female,No,1,Graduate,Salaried,31039.72199167512,17474.805476401045,197157.96005000832,240,1,Semiurban,34.011987045706455,Approved,48514.527468076165,4.063895297748565
LN04558,Male,No,1,Not Graduate,Self-Employed,49247.08484440367,13973.514265493684,192984.75256488827,300,1,Urban,31.12779104885275,Approved,63220.59910989735,3.0525612740464525
LN03930,Female,Yes,1,Graduate,Salaried,73430.62343458107,7944.62052721539,91213.27766665192,360,1,Semiurban,31.76776077775632,Approved,81375.24396179646,1.1208971331560513
LN02731,Male,Yes,2,Graduate,Salaried,93700.28557417018,13691.994062730442,138023.78415444656,60,1,Rural,28.11986778414114,Approved,107392.27963690062,1.2852300428030097
LN05580,Female,Yes,3,Graduate,Salaried,98005.36848621927,13694.245427048289,220110.4794751635,300,0,Urban,35.80363661049705,Rejected,111699.61391326756,1.9705572093210164
LN01695,Male,No,0,Graduate,Unemployed,98778.5799811657,29556.00479257298,164810.0221677419,360,0,Urban,34.240936159878224,Rejected,128334.5847737387,1.2842214159052412
LN05671,Male,Yes,0,Graduate,Salaried,60920.12773472682,15076.731933215064,199789.17550787452,60,1,Urban,31.67690089848874,Approved,75996.85966794188,2.628913568018818
LN01191,Female,Yes,0,Graduate,Salaried,33319.49010163591,15334.43467973151,111587.23398041147,120,0,Urban,41.651273460713426,Rejected,48653.924781367416,2.2934888497041683
LN01820,Male,Yes,1,Graduate,Salaried,57374.860658153906,20989.96341684264,164384.1021837861,360,0,Urban,41.35637472492111,Rejected,78364.82407499655,2.097677167327876
LN02755,Male,Yes,1,Graduate,Self-Employed,50966.81047680754,27692.556718986205,181366.4060136905,360,0,Semiurban,21.0,Rejected,78659.36719579375,2.305719108599553
LN00154,Female,No,2,Graduate,Self-Employed,65861.44946597362,22245.917787231225,185010.49237593828,120,1,Urban,41.47708874701526,Approved,88107.36725320485,2.0998299931520044
LN03769,Male,Yes,1,Graduate,Salaried,48941.58325265396,0.0,139812.024325279,240,0,Semiurban,37.77068761180262,Rejected,48941.58325265396,2.856712329953024
LN03943,Male,Yes,1,Graduate,Salaried,15000.0,33311.77135565887,228272.7329979556,180,0,Urban,37.754123180619565,Rejected,48311.77135565887,4.724991996618594
LN05787,Male,Yes,0,Graduate,Salaried,98844.911895126,26116.314741410515,166101.0239827607,240,1,Urban,31.25459916942604,Approved,124961.22663653652,1.3292204986582263
LN01970,Female,Yes,1,Not Graduate,Salaried,71871.13444561724,30973.97293221623,137281.2791486719,60,1,Urban,21.7089916053817,Approved,102845.10737783347,1.3348352940536727
LN03047,Female,Yes,0,Graduate,Salaried,53274.90522637856,14391.504799970722,160094.35971457415,300,0,Urban,44.73115520266977,Rejected,67666.41002634929,2.3659354715616425
LN04391,Male,No,3,Graduate,Salaried,76398.50505270468,27167.234924979468,170073.3429240773,180,1,Semiurban,41.42372034716102,Approved,103565.73997768415,1.6421776444674068
LN04699,Male,Yes,0,Not Graduate,nan,50617.38291579182,0.0,,240,1,Urban,32.42303285061081,Approved,50617.38291579182,
LN01049,Male,Yes,1,Graduate,Salaried,87601.82708294904,3469.156682602177,128073.7747197509,60,0,Urban,40.40681320000981,Rejected,91070.98376555121,1.4063071400376865
LN01278,Male,No,1,Graduate,Salaried,63840.98232980063,14174.074246487096,108542.82572782974,300,0,Urban,38.35085404615392,Rejected,78015.05657628772,1.3913061207831101
LN00778,Female,Yes,0,Graduate,Salaried,58511.33141799908,23241.02896855706,20000.0,120,1,Semiurban,22.306685748587356,Approved,81752.36038655613,0.2446412544595951
LN02078,Male,Yes,2,Graduate,Salaried,57211.07448638001,18590.550934803665,122059.18541316024,240,1,Semiurban,49.73652267079211,Approved,75801.62542118368,1.6102449615684538
LN01335,Male,Yes,0,Graduate,Salaried,53258.28057763921,18014.070697811174,213276.14607092703,120,0,Rural,33.03935104729277,Rejected,71272.35127545039,2.9924106929862093
LN04089,Male,Yes,0,Graduate,Salaried,52252.76070894377,30061.472407749465,59636.88452171329,300,1,Urban,26.80722775915395,Approved,82314.23311669324,0.7245027046193666
LN02273,Female,Yes,2,Graduate,Salaried,60683.048349760495,11114.31779508797,45341.09888044205,360,1,Semiurban,27.998549183116385,Approved,71797.36614484846,0.6315147938570351
LN05839,Female,No,0,Not Graduate,Salaried,48174.43981260589,16045.14036075821,141033.59860634842,360,0,Semiurban,38.340225138900806,Rejected,64219.5801733641,2.1961152381504343
LN01346,Male,Yes,0,Graduate,Salaried,,6778.343933105931,149253.731377852,300,0,Urban,36.68608866800469,Rejected,6778.343933105931,22.019203045877592
LN02374,Male,Yes,1,Not Graduate,Salaried,82347.97631804922,13157.10998167288,187578.16127010857,360,0,Semiurban,32.670631776843734,Rejected,95505.0862997221,1.9640646225001568
LN02530,Male,No,0,Graduate,Unemployed,69472.64153622909,6180.392357328259,134079.15731408482,300,0,Semiurban,35.85242205836498,Rejected,75653.03389355735,1.7722905535121316
LN02444,Male,No,0,Graduate,nan,49940.50458897314,16880.73356991773,129289.46095362338,240,0,Urban,31.360658506647265,Rejected,66821.23815889088,1.9348558110550487
LN02443,Male,Yes,1,Graduate,Salaried,73794.15610490389,1884.508621013183,210649.19642746853,300,0,Urban,37.94820766980435,Rejected,75678.66472591707,2.783468725173334
LN04395,Female,Yes,2,Graduate,Salaried,32849.6492031613,6406.007891827992,133920.61577871465,360,0,Semiurban,41.63554812788649,Rejected,39255.65709498929,3.4114985122948984
LN01608,Female,No,0,Not Graduate,Self-Employed,66461.58546232058,11245.92553516038,127168.56071390474,60,0,Rural,28.50697126436815,Rejected,77707.51099748096,1.6365028178296324
LN02062,Female,Yes,2,Not Graduate,Salaried,67809.29699857779,0.0,106453.83650649949,240,1,Urban,41.37412286966104,Approved,67809.29699857779,1.5699003118810126
LN05149,Female,No,0,Graduate,Salaried,66511.5563357414,24109.070350337493,195523.05512259205,60,1,Semiurban,28.569409392721656,Approved,90620.6266860789,2.1575999005161175
LN02387,Male,Yes,2,Graduate,Salaried,41515.33711463391,18703.402673288456,120832.8533560756,300,1,Urban,31.285757917285206,Approved,60218.73978792237,2.0065656269397745
LN01020,Male,nan,2,Graduate,Self-Employed,70456.70976070999,35487.082576988505,142039.914420668,240,0,Semiurban,27.51335771626711,Rejected,105943.79233769848,1.3407101188893846
LN01312,Male,Yes,1,Not Graduate,Self-Employed,87804.15098034627,17239.268739466064,182302.26717143657,120,0,Urban,33.39335016559395,Rejected,105043.41971981233,1.7354944046728553
LN05154,Female,Yes,1,Not Graduate,Self-Employed,42614.26026022712,4614.59142964244,200066.3067399796,300,1,Semiurban,39.90678212937519,Approved,47228.85168986956,4.236103559191409
LN04344,Male,Yes,1,Graduate,Salaried,46922.03223348847,21174.286309273244,109683.43905601947,180,0,Rural,33.70423680160594,Rejected,68096.31854276171,1.610710261629529
LN02427,Male,Yes,0,Graduate,Self-Employed,58756.17966001378,5942.027866288525,109586.80874665375,60,1,Rural,27.532628822395267,Approved,64698.20752630231,1.6938152220384546
LN02860,Female,Yes,3,Graduate,Salaried,49375.714107848034,17959.332403460954,120775.32836028008,360,1,Rural,37.752409368759366,Approved,67335.04651130899,1.793647359254378
LN02460,Male,No,2,Graduate,Salaried,61519.10535832175,7495.898722453438,93249.39509069656,240,1,Semiurban,30.785899246549057,Approved,69015.0040807752,1.351146701108029
LN05670,Male,Yes,2,Not Graduate,Salaried,109948.30252839708,0.0,90314.40728778612,240,0,Urban,34.93804564805107,Rejected,109948.30252839708,0.8214261176470643
LN04708,Male,No,0,Graduate,nan,79105.3847441441,13174.15121587558,172128.12145114035,300,1,Semiurban,36.67184242007148,Approved,92279.53596001968,1.8652902798049966
LN00763,Male,Yes,0,Not Graduate,Self-Employed,58078.802005507,31672.56841749534,153836.64296964783,240,0,Semiurban,31.578610201324608,Rejected,89751.37042300234,1.714031131163888
LN04267,Female,Yes,3,Graduate,Salaried,20089.36439096523,13752.81841763514,205279.6572644742,180,1,Urban,46.578291158513046,Approved,33842.18280860037,6.0657924586444265
LN02907,Male,Yes,0,Graduate,Salaried,37398.61321919285,0.0,189645.26859186008,240,0,Semiurban,32.57682060202919,Rejected,37398.61321919285,5.0709171348239925
LN05891,Male,nan,1,Graduate,Salaried,74309.86193538971,35311.58713073231,96041.9091547754,300,0,Urban,23.14506519373485,Rejected,109621.44906612202,0.8761233314553648
LN02075,Female,Yes,1,Graduate,Self-Employed,53678.54287945901,16540.318416835875,124764.22690824245,60,0,Urban,35.48407407750137,Rejected,70218.86129629488,1.7767908024282597
LN01841,Male,Yes,1,Graduate,Self-Employed,22363.019090047215,10521.223550680415,155080.38593450055,360,1,Semiurban,28.96997726907609,Approved,32884.24264072763,4.715948231765909
LN01517,Male,No,0,Graduate,Salaried,72616.23369109555,12526.596129748432,125090.40396492805,120,0,Urban,21.0,Rejected,85142.82982084398,1.4691830683586748
LN00940,Male,Yes,0,Graduate,Salaried,34393.91202658211,10710.192826275805,154672.92458831763,300,1,Urban,30.708551660496983,Approved,45104.10485285791,3.429242750585641
LN05910,Female,No,0,Graduate,Salaried,70114.70864945598,17536.835542980967,62914.16900669479,360,0,Urban,38.260062033176176,Rejected,87651.54419243694,0.717775934084723
LN05589,Male,Yes,1,Graduate,Unemployed,90806.47959639772,5322.476604529,200438.12535665676,180,0,Rural,22.15895559792907,Rejected,96128.95620092672,2.085096242361201
LN00442,Female,Yes,0,Not Graduate,Salaried,18651.15799920247,1166.592230283895,118540.0196514838,120,1,Semiurban,36.63953960856937,Approved,19817.750229486366,5.9815074001241015
LN05122,Male,Yes,0,Graduate,Salaried,54847.59028978012,21573.21095119539,144057.37589896147,60,0,Semiurban,24.437052667382343,Rejected,76420.8012409755,1.885054508192207
LN04615,Male,Yes,0,Graduate,Salaried,53807.005720238776,17944.18977684048,66012.73367405022,360,0,Urban,33.68942646620189,Rejected,71751.19549707926,0.9200227705855768
LN02118,Male,Yes,1,Graduate,Salaried,15000.0,12677.264972005272,110584.53676125185,120,0,Urban,30.577089187419784,Rejected,27677.264972005272,3.9955008875734217
LN01984,Male,No,2,Graduate,Salaried,79062.50090752174,17381.713061396284,171349.18419310497,60,1,Semiurban,42.378270289350894,Approved,96444.21396891802,1.7766662938258513
LN04898,Male,Yes,1,Graduate,Salaried,73418.2249655375,8229.888232096564,170883.75503259798,300,0,Semiurban,26.2643567896342,Rejected,81648.11319763407,2.0929296261747505
LN05974,Female,No,1,Graduate,Salaried,68939.63434019704,8366.61676487698,142572.22925497088,240,0,Urban,22.67422249835124,Rejected,77306.25110507401,1.84425227218932
LN01532,Female,Yes,1,Graduate,Self-Employed,66463.35428369563,15879.73547129169,235485.40143377593,180,1,Semiurban,40.09968497211328,Approved,82343.08975498732,2.859807691628588
LN03405,Male,Yes,2,Graduate,Salaried,15000.0,33054.168464197806,173322.79864847063,240,1,Semiurban,41.15116134654262,Approved,48054.168464197806,3.6068213057854233
LN03357,Male,No,0,Not Graduate,Self-Employed,17425.31811170376,22475.461257864594,132424.33116205505,360,1,Urban,29.19078926818913,Approved,39900.77936956835,3.3188407157543605
LN04646,Male,Yes,0,Graduate,Salaried,32145.29055666007,34635.52833543816,217947.49756335575,60,1,Urban,34.455825905566385,Approved,66780.81889209824,3.263624213945423
LN03691,Male,Yes,2,Graduate,Salaried,76789.37009036809,11982.015066037471,80095.09926590623,180,0,Urban,35.64384567093856,Rejected,88771.38515640557,0.902262582979722
LN00016,Male,Yes,3,Graduate,Salaried,39743.377593311525,36785.62173991662,180920.3607872067,300,1,Urban,42.29348898928373,Approved,76528.99933322814,2.3640758714148356
LN01591,Male,Yes,2,Not Graduate,Salaried,,21079.475670057534,225814.42252780072,180,1,Semiurban,47.843691482754366,Approved,21079.475670057534,10.712525589455726
LN01551,Male,No,0,Not Graduate,Salaried,55926.524996460685,34172.591484261226,158479.88381974676,60,0,Urban,42.21936133098913,Rejected,90099.11648072192,1.7589504759866978
LN03767,Female,Yes,0,Not Graduate,Unemployed,86070.15863869518,15635.419045609377,105609.93098311732,180,0,Urban,36.783535964386914,Rejected,101705.57768430456,1.0383887824808578
LN01284,Male,No,0,Graduate,Salaried,44280.21078984101,27497.104201843184,130064.91087584052,240,0,Semiurban,52.42878339070582,Rejected,71777.3149916842,1.8120615251616652
LN01534,Male,Yes,0,Graduate,Salaried,50679.26996263515,9710.01585796873,171983.4861136512,240,1,Rural,38.8690432718898,Approved,60389.28582060388,2.8479138936094706
LN05569,Female,Yes,1,Graduate,Salaried,40035.75482977189,8239.456334511951,69414.1467190573,360,1,Urban,37.1754556116597,Approved,48275.21116428384,1.4378838547766517
LN00021,Female,No,1,Graduate,Salaried,55484.47399026929,18992.28192939327,176431.74076672795,300,0,Rural,31.971593881575146,Rejected,74476.75591966257,2.368950400538973
LN01735,Female,No,1,Graduate,Self-Employed,27673.78783126824,0.0,191117.1149343776,180,1,Semiurban,42.77469434609523,Rejected,27673.78783126824,6.906069964099275
LN02284,Male,Yes,3,Graduate,Self-Employed,50711.91475381225,4959.203670449726,131100.5127007391,300,0,Urban,25.10384632794166,Rejected,55671.11842426198,2.3549107043555337
LN05001,Male,No,3,Graduate,Salaried,50931.71783232292,19328.50402519974,159106.7435505588,360,0,Semiurban,42.24143720453564,Rejected,70260.22185752266,2.264535171454536
LN04762,nan,Yes,1,Graduate,Salaried,73438.89215628995,11801.677358719207,137663.13597232624,120,0,Rural,32.66625796757273,Rejected,85240.56951500915,1.6149954975146728
LN00753,Female,Yes,2,Graduate,Self-Employed,81072.8359321568,18657.599860929156,161006.4593743888,360,1,Semiurban,42.46223689916325,Approved,99730.43579308596,1.6144164827318537
LN01440,Male,Yes,2,Not Graduate,Salaried,73257.62537334826,32649.138055507712,213645.5108623712,240,0,Urban,23.302759401663003,Rejected,105906.76342885598,2.0172980831945626
LN03470,nan,No,0,Graduate,Salaried,58172.008849817714,19123.55969085948,177564.16663877937,180,1,Urban,36.328549337460224,Approved,77295.5685406772,2.297210176354875
LN00549,Male,Yes,2,Graduate,nan,47920.29626568359,20817.817706283626,207933.3511670651,180,0,Urban,43.59819208674626,Rejected,68738.11397196722,3.0250080945174678
LN00899,Female,Yes,2,Graduate,Salaried,43661.28658025528,254.9731295176443,189274.1294914788,120,1,Urban,21.0,Approved,43916.25970977292,4.309887288724604
LN03069,Female,No,0,Graduate,Self-Employed,73854.45510233719,22248.29373485832,125982.01637543224,240,0,Urban,40.25687389617647,Rejected,96102.74883719551,1.3109096035208547
LN01167,Male,No,1,Graduate,Self-Employed,71278.18240104719,13861.87461586242,64632.85231752001,60,1,Urban,41.06040567441176,Approved,85140.05701690962,0.7591356475681396
LN05978,Male,Yes,1,Graduate,Salaried,64797.154916985935,18566.67607249847,209561.7597590371,240,0,Urban,37.951138306091536,Rejected,83363.83098948441,2.513821129279332
LN00548,Male,Yes,2,Graduate,Self-Employed,67422.91746742617,18912.09327237394,134185.17318175777,300,0,Semiurban,37.797598867069176,Rejected,86335.01073980011,1.5542382172878901
LN04436,Male,No,0,Graduate,Salaried,83468.84553264889,0.0,183428.1308168563,300,0,Semiurban,46.1339278169608,Rejected,83468.84553264889,2.1975640090182904
LN01954,Male,No,2,Graduate,Salaried,,28520.393659743266,121233.13159784603,60,1,Urban,36.31700240776759,Approved,28520.393659743266,4.250752392978623
LN05423,Female,No,1,Graduate,Salaried,58178.48279293945,11579.82654195225,159515.50626985283,120,0,Urban,44.38471313625872,Rejected,69758.3093348917,2.2866882496257173
LN00528,Female,Yes,0,Graduate,Salaried,65194.45003442964,15195.996165776283,187602.3191809415,300,1,Urban,25.519959730671403,Approved,80390.44620020592,2.333639481409682
LN02966,Female,Yes,2,Graduate,Self-Employed,67050.09936713759,11366.879916114549,150898.6289684154,120,0,Urban,28.567660556554124,Rejected,78416.97928325213,1.9243106575598927
LN02452,Male,Yes,1,Graduate,Salaried,58656.434199012896,6142.862002003101,145307.7191888317,240,0,Semiurban,40.328280688525176,Rejected,64799.296201016,2.242427429120031
LN05350,Male,Yes,0,Graduate,Salaried,72275.41711579818,1587.4027276326233,82001.5893163863,240,0,Rural,21.0,Rejected,73862.8198434308,1.1101876355412301
LN00047,Female,Yes,1,Graduate,Self-Employed,81142.44452437831,30328.73355636312,166444.57683635203,240,0,Semiurban,35.06281981114102,Rejected,111471.17808074143,1.4931624452357717
LN05840,Female,Yes,0,Graduate,Self-Employed,67166.89022152007,20981.721503347944,160089.25536854766,240,1,Rural,28.95858299858856,Approved,88148.61172486801,1.8161290601855746
LN04249,Female,Yes,2,Not Graduate,Salaried,58849.644939890735,15061.314504352267,202343.9516161644,240,0,Rural,33.2337655205102,Rejected,73910.959444243,2.737671830235255
LN01037,Male,Yes,1,Graduate,Self-Employed,30712.502395803596,5676.287568180129,118531.28943967722,180,0,Semiurban,30.95314372078412,Rejected,36388.78996398373,3.2573572673615994
LN03870,nan,Yes,1,Graduate,Self-Employed,32195.561496930743,15586.089173717926,89373.90264581607,240,0,Urban,47.60001315847035,Rejected,47781.65067064867,1.8704649460910463
LN04705,Male,Yes,2,Not Graduate,Self-Employed,57426.81107295888,7935.244992342035,162579.39589994223,60,1,Rural,42.24575039112692,Rejected,65362.056065300916,2.487366611257071
LN04613,Male,No,0,Not Graduate,Self-Employed,49752.51518646613,8198.4763424818,157991.76759540488,300,1,Rural,37.11876669413886,Rejected,57950.99152894793,2.7262996443552505
LN00952,Male,Yes,2,Not Graduate,Salaried,34969.21151619112,350.2525389511102,255886.50015042824,240,1,Urban,45.475915409132725,Approved,35319.464055142234,7.244914581685823
LN04593,Male,Yes,1,Graduate,Salaried,16568.571904791046,23353.33435364835,71511.16576405619,240,0,Semiurban,45.12947948394295,Rejected,39921.9062584394,1.7912763308725743
LN02280,Female,No,1,Graduate,Salaried,25483.865424188065,11833.204540657503,70783.62110758014,360,0,Rural,30.61503090139375,Rejected,37317.06996484557,1.896816153418841
LN04714,Female,Yes,1,Graduate,Salaried,61625.56844112398,12548.275781486143,106042.3400453227,120,0,Rural,27.27019799682201,Rejected,74173.84422261012,1.4296460046895916
LN03333,Male,No,0,Graduate,Salaried,71481.42441788003,23717.025855988133,78675.84216894174,120,1,Rural,37.558892577713934,Approved,95198.45027386816,0.8264403668610785
LN02373,Male,nan,2,Graduate,Salaried,70035.6547233509,0.0,249669.1750291207,120,1,Rural,43.208721411247005,Approved,70035.6547233509,3.564886713993656
LN05205,Male,Yes,0,Graduate,Salaried,76544.72215314847,14535.03418873442,143796.13869484802,300,0,Semiurban,29.598401052549804,Rejected,91079.7563418829,1.5787936251727057
LN00378,Male,No,1,Not Graduate,Self-Employed,,24065.44157109964,172757.31904747593,360,1,Semiurban,32.05817178134015,Approved,24065.44157109964,7.178647378527283
LN00986,Male,Yes,0,Graduate,Salaried,90067.96603534301,976.3071657617512,108584.87302115552,240,0,Semiurban,35.50868800839828,Rejected,91044.27320110476,1.1926601114306872
LN01845,Female,Yes,2,Not Graduate,Salaried,39446.49718148084,29652.10503481381,131555.8448531488,120,0,Urban,31.167539075424763,Rejected,69098.60221629465,1.9038857608341844
LN03139,Male,Yes,1,Graduate,Self-Employed,54647.17818202413,22963.400197488325,214799.88353198947,300,0,Rural,35.62922710300158,Rejected,77610.57837951246,2.7676624503637517
LN02354,Male,No,3,Not Graduate,nan,84238.87970772802,36934.49550288386,119234.30589631462,360,1,Semiurban,41.68045207285568,Approved,121173.37521061188,0.9839975629058202
LN00325,Male,Yes,0,Graduate,Self-Employed,35716.227744245356,872.7424109944386,163723.41678182824,180,0,Urban,37.654127311073495,Rejected,36588.9701552398,4.474665892130388
LN05594,Male,Yes,1,Graduate,Self-Employed,82498.65090606481,15125.757696003142,36392.917221469645,180,0,Semiurban,45.73452656477608,Rejected,97624.40860206795,0.3727850211089396
LN01901,Female,Yes,3,Graduate,Salaried,53323.6102048798,3748.1389826883824,138691.23561596195,60,1,Urban,40.80529724895697,Approved,57071.74918756818,2.430120639200117
LN00977,Female,Yes,1,Graduate,Salaried,15000.0,25022.361667029258,92541.019889161,240,1,Urban,30.990835469073737,Approved,40022.361667029254,2.312232862694783
LN04200,Male,No,0,Graduate,Salaried,64873.14447405429,17917.32725378309,220038.86380978255,180,1,Rural,41.57244231383598,Approved,82790.47172783737,2.6577800466354504
LN05808,Female,Yes,1,Not Graduate,Self-Employed,114060.55128810168,25733.665824449723,150534.66558982403,120,0,Rural,46.948642286041355,Rejected,139794.21711255139,1.0768304204502628
LN04064,Male,Yes,3,Graduate,Self-Employed,40166.06673119379,1353.2367409945837,204551.39545957383,240,0,Urban,38.859528732170446,Rejected,41519.303472188374,4.926657683373523
LN04147,Male,Yes,1,Not Graduate,Salaried,58103.51537438256,13498.521679825611,221581.7993468985,360,0,Rural,49.44230787631378,Rejected,71602.03705420817,3.0946298242764283
LN02303,Female,Yes,0,Graduate,Salaried,65004.00412503389,16388.5603243088,77662.14468357674,360,1,Rural,34.58849591900485,Approved,81392.5644493427,0.9541675607470544
LN04986,Male,Yes,0,Graduate,Salaried,55579.15072925899,31652.52233944695,159293.8941811133,120,0,Urban,28.82428825606058,Rejected,87231.67306870595,1.8261015589561063
LN01178,Female,Yes,1,Graduate,Salaried,40228.17785698165,10853.694911859691,120533.17177074098,360,0,Semiurban,39.43576005532132,Rejected,51081.87276884134,2.359607532718792
LN01251,Male,No,2,Graduate,Salaried,76670.5792321785,7629.706388473029,154844.89380171572,180,1,Rural,35.68777933555326,Approved,84300.28562065153,1.8368252570164776
LN05392,Female,No,2,Not Graduate,Salaried,62057.17155864668,20251.693132621684,169564.2478560437,180,1,Rural,36.676556901828675,Approved,82308.86469126836,2.0600970319790077
LN02939,Male,Yes,1,Not Graduate,Salaried,52150.57787878254,13467.394466006945,146287.39462534589,240,1,Urban,34.990223685782844,Approved,65617.97234478948,2.2293799914553762
LN04573,Male,Yes,0,Graduate,Unemployed,48310.89416299124,19120.8346487146,118616.86519866518,180,1,Urban,43.79984346931021,Approved,67431.72881170583,1.7590660552376918
LN00432,Female,Yes,0,Graduate,Self-Employed,54611.86331110884,184.1922844863202,69498.91635455018,300,1,Semiurban,22.438347461081925,Approved,54796.055595595164,1.268319691976824
LN05864,Male,Yes,0,Graduate,Self-Employed,48665.89783889894,13271.866481065936,89501.7485666412,180,1,Urban,37.37165730540852,Approved,61937.764319964874,1.4450271098627854
LN02572,Female,Yes,1,Graduate,Salaried,54006.467039864256,19103.83276786892,160215.994199416,60,0,Urban,32.39449152408437,Rejected,73110.29980773317,2.1914284939434663
LN01151,Male,No,2,nan,Self-Employed,16932.197727925704,22410.73780682286,162610.65016814315,240,1,Rural,37.00564587799363,Approved,39342.93553474857,4.133160069474779
LN04350,Female,Yes,1,Not Graduate,Salaried,19275.58994288127,16411.14496705593,21620.7441033121,360,0,Urban,30.953709711849697,Rejected,35686.7349099372,0.6058481998388613
LN01948,Female,Yes,1,Not Graduate,Salaried,82521.00501544337,24758.233372885632,286798.0079691744,180,0,Semiurban,40.560374632489776,Rejected,107279.238388329,2.6733784866278043
LN02101,Male,Yes,1,Not Graduate,Salaried,41958.96891284979,8210.19653536868,128944.8613919084,180,0,Urban,39.808161581051515,Rejected,50169.16544821847,2.5702014422583406
LN00411,Female,nan,0,Graduate,Salaried,37507.15816324262,14016.90152545624,113992.30114892166,120,0,Urban,39.03878385321218,Rejected,51524.05968869886,2.212409150941272
LN03828,Male,Yes,0,Not Graduate,Self-Employed,83637.82185919923,20225.2076644239,246247.02565935283,180,0,Rural,37.00227471070998,Rejected,103863.02952362313,2.370882370645131
LN03726,Female,Yes,0,Graduate,Salaried,69937.47181015194,15021.83590837036,218548.13800646464,180,1,Urban,31.095757355124192,Approved,84959.3077185223,2.572386050161025
LN02857,Male,No,2,Graduate,nan,55389.50749639498,16325.976720261013,145181.93572058884,360,0,Rural,27.162796326590495,Rejected,71715.484216656,2.0244154704719985
LN03578,Male,Yes,0,Graduate,Unemployed,43692.487433677576,4179.822149580639,155380.1718111475,360,0,Semiurban,39.64716258092311,Rejected,47872.30958325822,3.2457212355905773
LN00660,Female,No,0,Graduate,Salaried,48526.75986239527,23331.577666294343,129997.1283058737,180,0,Semiurban,44.39923568527509,Rejected,71858.33752868962,1.8090750882452857
LN03177,Male,Yes,0,nan,Salaried,49971.95706228727,9665.475542240994,175331.82274545013,60,1,Urban,38.995976251443935,Approved,59637.432604528265,2.939962622269846
LN03435,Male,Yes,0,Graduate,Salaried,77780.74244559783,801.2283572907108,116874.14268466298,360,1,Urban,21.0,Approved,78581.97080288854,1.4872895333437843
LN05698,Male,No,0,Graduate,Unemployed,57900.64584872752,19288.111804330056,116751.67443400018,240,0,Semiurban,28.519979140465484,Rejected,77188.75765305758,1.512547655693166
LN05087,Female,Yes,1,Graduate,Salaried,70100.42176547533,14571.75620924481,57921.719175771985,180,1,Urban,39.2576784055909,Approved,84672.17797472014,0.6840702644151327
LN00919,Male,Yes,1,Graduate,Salaried,63881.79985796615,14684.814866718958,95751.60062597612,360,1,Rural,32.923109399962115,Approved,78566.6147246851,1.2187314034276648
LN04590,Female,No,0,Graduate,Self-Employed,47728.24789274411,12206.497529430784,79853.54637934445,180,0,Semiurban,38.49868732792036,Rejected,59934.74542217489,1.3323414626501429
LN01737,Male,Yes,0,Graduate,Salaried,38643.941568416136,20198.710181019116,205848.9713820064,360,1,Urban,25.226670780527325,Approved,58842.65174943525,3.49829528856986
LN01133,Female,nan,0,Graduate,Salaried,69070.6860302796,15993.138149513496,149924.2748525977,300,0,Rural,38.23345437414405,Rejected,85063.8241797931,1.7624915914397863
LN03558,Female,Yes,0,Not Graduate,Salaried,57737.438949685195,9253.98141816609,20000.0,60,1,Urban,38.273162936901386,Approved,66991.42036785129,0.298545692719748
LN02098,Male,Yes,0,nan,Unemployed,28924.824679678713,19355.46318992364,146080.66501353035,180,0,Semiurban,28.989950847437544,Rejected,48280.287869602354,3.02567924632247
LN04760,Male,No,1,Graduate,Unemployed,34600.02805212248,24341.414422336944,118508.7597876795,60,0,Rural,43.58332984345927,Rejected,58941.44247445942,2.010618587066848
LN04074,Male,No,0,Graduate,Unemployed,51081.12572277679,24177.681977951375,156972.62330145983,180,1,Urban,32.08725325087611,Approved,75258.80770072817,2.0857707967640446
LN04536,Male,Yes,1,Not Graduate,Salaried,64333.66237928573,25974.849713531636,123034.35381945106,360,0,Urban,21.270300050652807,Rejected,90308.51209281737,1.362378262782125
LN00571,Female,No,3,Graduate,Self-Employed,93528.74624550564,1791.0771749383894,163356.81482308655,240,1,Rural,40.36636986162283,Approved,95319.82342044402,1.7137758858673051
LN00278,Male,No,0,Graduate,Self-Employed,61396.04169980038,2908.01288760394,163665.56247925822,300,0,Semiurban,37.41859080724908,Rejected,64304.05458740432,2.5451826254096974
LN04712,Male,Yes,1,Not Graduate,Self-Employed,68192.72237367988,688.11666764248,165048.41883212054,60,0,Rural,44.47378456152335,Rejected,68880.83904132235,2.396144140072194
LN04778,Female,Yes,0,Graduate,Salaried,38094.58962314391,18899.455993834366,152809.195919616,300,0,Urban,35.55771728595374,Rejected,56994.04561697828,2.6811431661923435
LN05062,Male,No,3,Graduate,Self-Employed,53295.11836263946,0.0,124278.70908691284,180,1,Semiurban,35.15428871678975,Approved,53295.11836263946,2.331896670934758
LN00298,Female,Yes,0,Graduate,Salaried,76257.2423767792,11532.28423233288,111070.64765941442,60,1,Semiurban,46.93538732080271,Approved,87789.52660911209,1.265192465998397
LN01343,Male,Yes,1,Not Graduate,Salaried,83812.92549572683,5903.195606875246,141232.09128025794,360,1,Urban,45.762777845745546,Approved,89716.12110260208,1.5742108502299228
LN00223,Male,Yes,2,Graduate,Salaried,27745.682576206967,33798.74549421008,172297.38885626517,300,1,Rural,45.38063780012866,Approved,61544.42807041705,2.799561134261063
LN05683,Female,Yes,1,Graduate,Salaried,60956.50639569366,15779.372965582095,74453.7719091503,60,1,Urban,41.797664848371745,Approved,76735.87936127576,0.9702602293591867
LN03751,Male,No,1,Graduate,Self-Employed,66582.13557420259,16434.176306814763,157287.93196638286,120,1,Urban,30.001640972704983,Approved,83016.31188101735,1.8946629692706043
LN04792,Female,Yes,1,Graduate,Salaried,57707.18328987215,15546.948653746262,164728.42562875818,120,1,Urban,36.683012392117,Approved,73254.13194361841,2.2487253791437305
LN02803,Female,No,3,Graduate,Salaried,39918.90806315979,21351.000115979252,152058.97584744674,300,1,Urban,39.83551323836675,Approved,61269.90817913904,2.481788864492198
LN00126,Male,Yes,3,Graduate,Self-Employed,40189.27349738623,26718.101432738447,143219.93800495585,120,1,Urban,37.45727242823365,Approved,66907.37493012467,2.140570275765996
LN03218,Female,Yes,1,Not Graduate,Salaried,45293.93078636096,5998.397721263371,160619.0043011745,300,0,Semiurban,35.11858530135386,Rejected,51292.32850762433,3.1314430242194864
LN02622,Male,No,1,Graduate,Self-Employed,61676.53255858722,12162.932716352683,141237.83185178443,180,1,Rural,31.484284801221165,Approved,73839.4652749399,1.9127688875574593
LN02215,Female,No,0,Graduate,Salaried,65317.56459304097,17398.72752284725,130338.17954185772,180,0,Semiurban,44.726533502565026,Rejected,82716.29211588821,1.5757256062596436
LN01031,Male,Yes,0,Not Graduate,Salaried,26628.318522448208,9681.222497106715,121370.69759367364,360,0,Semiurban,27.41287724718454,Rejected,36309.54101955492,3.3426668083826248
LN04225,Female,Yes,2,Graduate,Salaried,70398.04279057505,24247.21805513421,204708.34178075657,120,1,Urban,42.828691550639014,Approved,94645.26084570927,2.162901131568248
LN02943,Male,Yes,0,Graduate,Salaried,56189.93788004377,18473.97486434762,86169.08998776694,300,1,Semiurban,35.47784402546217,Approved,74663.91274439139,1.154092878614104
LN02207,Male,Yes,1,Graduate,Self-Employed,67112.2669757132,0.0,143650.60933975098,360,1,Urban,42.10718066348714,Approved,67112.2669757132,2.1404523466885084
LN03745,Male,Yes,1,Graduate,Salaried,56369.936757286654,21509.656787794414,196870.3141234748,120,0,Urban,41.655834989924735,Rejected,77879.59354508106,2.5278806059704877
LN04607,Female,Yes,0,Graduate,Salaried,69785.09070152655,13908.069054994474,179171.67845779826,240,1,Semiurban,44.88634881230843,Approved,83693.15975652102,2.140816274341201
LN00803,Male,Yes,2,Graduate,Self-Employed,50754.49422589915,31728.6820189853,154780.37720562887,180,0,Urban,22.76138700327408,Rejected,82483.17624488445,1.876508449991076
LN04329,nan,Yes,0,Graduate,Self-Employed,51964.09946116732,25654.247235975803,224947.92313337655,240,1,Urban,25.37690623521231,Approved,77618.34669714313,2.8981282480944177
LN04829,Male,Yes,1,Graduate,Unemployed,38987.533563443976,9046.943023060176,155202.3240519543,120,0,Rural,36.83606317974874,Rejected,48034.476586504155,3.231061002037861
LN00326,Male,Yes,1,Graduate,Salaried,83162.21747000136,9831.531168261714,90174.24759245336,300,1,Semiurban,25.134562478315974,Approved,92993.74863826307,0.9696807464254689
LN01464,nan,Yes,2,Not Graduate,Self-Employed,48389.53100390555,36112.96334099585,163032.80773526014,60,0,Semiurban,24.55272564366497,Rejected,84502.4943449014,1.9293253885480957
LN05164,Male,Yes,2,Not Graduate,Salaried,75892.00765890423,37689.91611659453,122713.6979681903,360,0,Rural,34.89464187271996,Rejected,113581.92377549876,1.0803981292898421
LN02304,Male,Yes,0,Not Graduate,Salaried,99913.34979567929,23314.98866931662,133261.33376475863,180,0,Urban,34.37972267973802,Rejected,123228.3384649959,1.081417922409241
LN02586,Female,Yes,0,Graduate,Salaried,33615.056108024655,33640.48530411758,208634.87885925337,360,1,Semiurban,24.862648894862645,Approved,67255.54141214224,3.102121765413172
LN00212,Male,Yes,0,Not Graduate,Salaried,79080.03526986405,10234.485767807586,41941.894821414506,180,1,Urban,27.1484089446962,Approved,89314.52103767163,0.46959771304963943
LN02722,Male,No,0,Graduate,Salaried,38821.84825886799,17775.158588818904,172285.45700676835,300,0,Urban,46.61154717177461,Rejected,56597.00684768689,3.044073646340003
LN04243,Female,No,1,Graduate,Self-Employed,73973.77627034087,20156.60630083394,21628.204513050005,180,0,Semiurban,32.15105960859522,Rejected,94130.3825711748,0.2297685818571519
LN04427,Male,Yes,2,Graduate,Salaried,43113.51925633858,9980.080398187954,83387.77066182773,240,0,Rural,37.74177209118803,Rejected,53093.59965452654,1.5705804692923744
LN05950,Female,Yes,3,Not Graduate,Salaried,62731.947911775045,27740.63583516149,207048.1466182704,120,0,Urban,43.516764908150186,Rejected,90472.58374693654,2.288518112817588
LN02406,Male,No,2,Not Graduate,Unemployed,34008.37526144805,35520.73311421935,168745.3843150388,120,0,Rural,37.31572459936969,Rejected,69529.10837566739,2.426974662227848
LN01770,Male,Yes,0,Graduate,Salaried,60872.048927449076,23913.439016052467,165008.75246422604,300,0,Urban,38.59983079374992,Rejected,84785.48794350155,1.9461909870021956
LN01973,Female,Yes,0,Graduate,Self-Employed,63894.7238943755,9893.915007024209,117842.47949386724,240,0,Urban,26.20815242374354,Rejected,73788.63890139971,1.5970274184259532
LN02287,Male,Yes,1,Graduate,Self-Employed,54969.22227911009,4762.4405229214935,163092.86036228627,360,1,Rural,39.39076677700668,Approved,59731.662802031584,2.7304255852180828
LN00944,Female,No,1,Graduate,Salaried,96932.73992095332,0.0,90707.38353805651,300,0,Urban,41.20846731227542,Rejected,96932.73992095332,0.9357765354825062
LN01043,Female,Yes,1,Graduate,Salaried,59229.83060998585,0.0,101245.057210653,180,1,Urban,38.0473774462555,Approved,59229.83060998585,1.7093592226749268
LN01073,Male,Yes,0,Graduate,Salaried,34340.15551622861,26799.42130038464,173009.88406150206,240,1,Semiurban,27.193801416023593,Approved,61139.57681661325,2.829752724335028
LN03065,Female,No,2,Not Graduate,Salaried,66431.86422678478,11329.25353981817,182524.4819994218,360,0,Semiurban,23.40116239209613,Rejected,77761.11776660294,2.34724612044881
LN05481,Female,No,0,Graduate,Self-Employed,69012.26098862776,18363.22969321281,106663.36646698434,180,0,Rural,38.18037910727344,Rejected,87375.49068184057,1.2207469810427332
LN01065,Female,Yes,2,Graduate,Self-Employed,37606.60210747713,5608.444302293183,233902.78002262977,300,0,Semiurban,27.742259833059972,Rejected,43215.04640977031,5.412531038489124
LN02082,Male,Yes,0,nan,Self-Employed,31122.903677329163,9710.83620895345,167238.7486296147,300,0,Urban,42.3126612468161,Rejected,40833.73988628261,4.0956020461352765
LN01209,Male,Yes,1,Not Graduate,Self-Employed,94991.53486373878,26546.9376671672,212843.90158374608,300,0,Urban,29.521705485274985,Rejected,121538.47253090597,1.7512471331217536
LN03562,Male,No,2,Graduate,Salaried,16201.565900428934,20712.242102362394,149641.43945093366,300,0,Rural,28.121247441242925,Rejected,36913.808002791324,4.053806625412858
LN03696,Female,No,2,Not Graduate,Salaried,48565.07916087877,16239.06816521071,143110.70694038598,240,1,Urban,27.920806439403947,Approved,64804.14732608948,2.208357224735385
LN03194,Male,No,3,Not Graduate,Salaried,29299.19504935281,4915.6697946885415,144583.30583777055,60,1,Urban,37.084730270582625,Approved,34214.86484404135,4.22574534480297
LN02236,Male,Yes,0,Graduate,Unemployed,60285.46135672868,24140.771642240335,167464.6386177104,360,1,Urban,23.3898419600217,Approved,84426.23299896902,1.9835616569527084
LN05994,Male,Yes,1,Graduate,Self-Employed,77270.56485043043,19513.475478646327,84561.0847757022,60,0,Rural,21.0,Rejected,96784.04032907676,0.8737089760686254
LN05012,Male,Yes,0,Graduate,Salaried,60175.67309796296,13663.722702732288,149166.79333510282,240,1,Semiurban,36.27250241577577,Approved,73839.39580069525,2.020151867679534
LN01071,Female,Yes,0,Graduate,Salaried,69540.81654446243,5632.047650406172,172824.9017625323,240,1,Semiurban,21.0,Approved,75172.8641948686,2.2990330834611137
LN00960,Male,Yes,0,Graduate,Salaried,72854.45519735088,26166.812750675224,204523.6084528497,300,0,Semiurban,33.6638226007117,Rejected,99021.2679480261,2.065451318601568
LN00980,Male,No,2,Graduate,Salaried,75716.00317301665,1845.5869295015436,85929.25101109868,360,0,Urban,25.311292275960724,Rejected,77561.5901025182,1.1078840815089066
LN02990,Male,Yes,2,Graduate,Salaried,90327.88110507146,31010.743061643927,217554.4473168501,240,1,Urban,32.396984829590515,Approved,121338.62416671538,1.7929529761103709
LN05448,Female,Yes,3,Graduate,Salaried,66399.30382290325,24610.93457232083,141829.63846343438,300,1,Urban,31.54658176129772,Approved,91010.23839522409,1.5583921211976204
LN03312,Male,Yes,1,Graduate,Salaried,101720.94099074228,25781.253957947716,222855.09131137023,60,1,Semiurban,38.61434067698023,Approved,127502.19494869,1.747852979323631
LN05694,Female,Yes,0,Not Graduate,Salaried,94220.57618381576,9968.364809536431,185355.30800532817,360,0,Semiurban,36.02894550960461,Rejected,104188.9409933522,1.7790305404597098
LN01219,Male,Yes,0,Not Graduate,Self-Employed,102902.98255546777,0.0,80635.67432845669,300,1,Urban,24.4800848362274,Approved,102902.98255546777,0.7836087188725717
LN02180,Male,Yes,1,Graduate,Salaried,56199.21929997011,0.0,159599.68943111337,300,1,Rural,32.81282638354012,Approved,56199.21929997011,2.839891575347885
LN01715,Female,No,0,Graduate,Salaried,58189.33435391678,21675.480803699957,39000.54562218118,180,0,Urban,38.32606385984312,Rejected,79864.81515761674,0.48833200884784966
LN02953,nan,No,1,Not Graduate,Unemployed,90420.1245431876,9535.923805363267,112269.78088033636,120,0,Urban,41.078671015532926,Rejected,99956.04834855087,1.1231914700033658
LN05175,Male,Yes,0,Not Graduate,Salaried,96028.60198532976,20102.522224050183,232725.6640432517,300,1,Semiurban,36.642463790595585,Approved,116131.12420937995,2.0039904515490288
LN02490,Male,No,0,Graduate,Self-Employed,59723.24507811526,27666.612531984123,172753.77878601852,60,0,Urban,32.639235286979066,Rejected,87389.85761009938,1.9768172590094013
LN04370,Female,Yes,1,Graduate,Salaried,25155.5661472945,7257.300775959453,191463.68432832335,240,1,Semiurban,24.853900544120847,Approved,32412.866923253954,5.907027131591424
LN03323,Female,Yes,1,Not Graduate,Salaried,65159.519624423614,0.0,172696.79442018873,60,0,Urban,33.543676300354726,Rejected,65159.519624423614,2.6503693614625288
LN04460,Male,Yes,0,Not Graduate,Salaried,83771.93646174016,2333.680048933904,137989.55644987398,180,1,Urban,25.95448702839016,Approved,86105.61651067407,1.602561621898011
LN02818,Female,No,0,Graduate,Unemployed,67875.94596432503,19845.913788392747,162123.14858613553,60,1,Urban,37.88300658837723,Approved,87721.85975271778,1.848149925721481
LN04073,Female,No,0,Not Graduate,Salaried,57101.90841837137,19592.041815995293,180045.6891207667,120,0,Urban,25.633716204076965,Rejected,76693.95023436667,2.3475865902143607
LN02302,Male,Yes,0,Graduate,Salaried,52320.57456095297,7784.309176599708,223772.7065521147,60,0,Urban,42.16199391071953,Rejected,60104.88373755268,3.723037008593441
LN04400,Male,Yes,2,Graduate,Salaried,69746.1047408999,14366.967772186632,140902.72808287907,360,0,Urban,33.941359604986765,Rejected,84113.07251308653,1.675158496450799
LN02335,Male,Yes,0,Not Graduate,Salaried,71504.10032213133,18881.857956547337,204283.5954591819,60,0,Urban,31.573073737787286,Rejected,90385.95827867866,2.2601253485561683
LN00136,Male,Yes,0,Graduate,Salaried,44334.93415327526,25899.049590908304,147857.1876169831,180,1,Urban,33.446261090167795,Approved,70233.98374418356,2.1052086146149716
LN01387,Female,No,1,Graduate,Salaried,91230.22393453706,18143.386831314303,233884.20454499047,120,0,Urban,44.16820169567867,Rejected,109373.61076585136,2.138397031123835
LN04819,Male,Yes,1,Graduate,Salaried,54409.85073406933,32053.62356513084,182795.95698294183,300,0,Rural,39.56748656766168,Rejected,86463.47429920017,2.1141407798441056
LN02393,Female,Yes,2,Graduate,Salaried,46999.52131186204,11540.92719333172,156909.63738956602,180,1,Urban,21.815888793010885,Approved,58540.44850519376,2.680362747402676
LN05631,Male,Yes,2,Graduate,Salaried,77296.48876982022,11693.413376236682,260937.1678765425,60,0,Semiurban,33.93159519604074,Rejected,88989.9021460569,2.9322109765698228
LN04253,Female,No,1,Not Graduate,Salaried,38167.49655681795,7315.644830965071,188071.53120304467,180,1,Urban,25.92750649328916,Approved,45483.14138778302,4.134972331826701
LN05603,Female,No,0,Not Graduate,Salaried,79406.32403576563,16016.557615660293,147772.75678776056,360,0,Rural,41.82676336828212,Rejected,95422.88165142592,1.5486092458155434
LN04924,Female,No,0,Not Graduate,Salaried,68947.8787413795,15353.714170886393,164141.40800593514,180,1,Semiurban,25.065229521540843,Approved,84301.5929122659,1.9470736238253517
LN04530,Male,Yes,1,Graduate,Salaried,63360.30681065057,30407.523765167723,159346.35262772487,360,0,Urban,34.27152858742326,Rejected,93767.83057581828,1.6993712198436912
LN00893,Female,Yes,1,Graduate,Salaried,83385.91180891346,19498.2721372651,111450.04935906356,360,0,Semiurban,38.20270847621226,Rejected,102884.18394617856,1.0832573587536645
LN00757,Male,Yes,3,Graduate,Salaried,63696.72247389748,19920.142805668984,108763.30102488186,60,0,Semiurban,29.22833441435572,Rejected,83616.86527956647,1.3007340165317158
LN03335,Female,Yes,2,Graduate,Self-Employed,33157.4450302977,13126.696901786992,92354.90281763088,300,0,Rural,27.288627582989182,Rejected,46284.14193208469,1.9953897590485397
LN05547,Male,Yes,1,Graduate,Self-Employed,69379.56156296935,160.20940532582426,156991.26356630266,240,0,Semiurban,44.72373804765536,Rejected,69539.77096829517,2.2575752174662567
LN00275,Male,Yes,3,Graduate,Salaried,69242.06948526541,15845.269837843243,201353.51503220695,360,1,Rural,41.494784330164904,Approved,85087.33932310865,2.3664333217377016
LN04961,Male,Yes,1,Graduate,Salaried,39403.7630291631,2343.6355491018894,172600.2684291224,120,0,Urban,24.863465395090746,Rejected,41747.39857826499,4.134395778111633
LN01711,Female,Yes,0,Graduate,Salaried,57592.376720928034,1668.519915227911,97433.54909883604,360,1,Semiurban,23.846272702089063,Approved,59260.89663615594,1.6441457120881697
LN02222,Female,No,3,Graduate,Salaried,74883.83942999874,20446.245744993383,196151.67186178645,120,0,Urban,39.24505775011311,Rejected,95330.08517499213,2.057605125409484
LN02579,Female,No,1,Graduate,Salaried,95172.40968390266,19310.096921300767,92103.3150134347,300,1,Urban,34.52078579529485,Approved,114482.50660520342,0.8045186792691037
LN03566,Male,No,1,Not Graduate,Salaried,64581.49376411405,5135.595009007535,107548.82839589824,300,0,Urban,37.933332578539755,Rejected,69717.08877312159,1.5426465775972291
LN02069,Female,Yes,1,Graduate,Self-Employed,78524.30804483185,11375.009971179315,104168.06533182264,300,1,Semiurban,42.940825227906835,Approved,89899.31801601117,1.158719194213133
LN00562,Female,No,0,Graduate,Self-Employed,77422.49406863385,13066.957735520302,129136.73173388033,120,1,Urban,40.68044388210282,Approved,90489.45180415416,1.4270915466851348
LN02555,Female,Yes,1,Not Graduate,Salaried,70692.58172244871,16812.539483450502,82951.398200936,300,1,Rural,26.927010546501812,Approved,87505.12120589921,0.9479604971433807
LN04126,Female,No,0,Graduate,Salaried,42384.9182079454,19728.150699278325,216681.92809299135,120,0,Urban,25.176903299252224,Rejected,62113.06890722372,3.4885078439231867
LN01059,Male,No,1,Not Graduate,Salaried,52587.71335827788,21869.56632098677,170866.465083022,360,0,Urban,34.18176064653903,Rejected,74457.27967926464,2.294825513624103
LN00612,Male,Yes,2,Graduate,Salaried,65599.3725263964,2738.2064218731666,73570.60088681665,360,1,Rural,33.72529188963152,Approved,68337.57894826957,1.0765760511139617
LN02132,Male,No,2,Graduate,Salaried,73457.2247193364,17811.920179102755,217964.5712168255,300,1,Urban,31.922999340616457,Approved,91269.14489843916,2.3881517840379485
LN03673,Female,Yes,0,nan,Self-Employed,76403.16373510969,0.0,52581.07466339243,360,0,Semiurban,46.77650245302833,Rejected,76403.16373510969,0.6882054628744353
LN02211,Female,Yes,0,Graduate,Salaried,72090.30652710734,21415.41644936012,235488.16258322867,240,1,Urban,24.879620957472127,Approved,93505.72297646746,2.5184358249654286
LN04338,Male,No,2,Graduate,nan,18731.936950410913,9722.985880793942,138957.2859935224,360,0,Urban,54.95600176980841,Rejected,28454.922831204854,4.883418128308402
LN05953,Male,Yes,2,Graduate,Self-Employed,76191.88871943772,0.0,175743.05899675802,120,1,Urban,38.2840244253482,Approved,76191.88871943772,2.306584886534297
LN01446,Female,Yes,0,Not Graduate,Salaried,49427.666365004865,22762.28504724106,185056.5600356459,180,1,Urban,40.14001546453523,Approved,72189.95141224592,2.5634670257480447
LN05673,Female,No,0,Not Graduate,Salaried,116486.61182006092,36050.86639334502,178365.281264613,360,1,Semiurban,30.462203663124807,Approved,152537.47821340594,1.169321030829374
LN00515,Male,Yes,2,Graduate,Salaried,75107.82451651512,7962.896006685667,147053.68227384743,300,0,Urban,41.775124601955085,Rejected,83070.72052320078,1.7702227854491388
LN02313,Female,Yes,0,Graduate,Salaried,69954.86178182789,6490.249193184351,138457.55160481448,240,1,Semiurban,45.70447682642019,Approved,76445.11097501224,1.8112021794313617
LN02018,Male,Yes,0,Not Graduate,Salaried,72708.36060418453,36209.9356584511,129184.23713279862,300,0,Semiurban,32.999281308930136,Rejected,108918.29626263563,1.1860655332075296
LN00787,Male,Yes,3,Graduate,Salaried,69183.60158456874,3678.508592839933,48282.20660578186,120,1,Urban,36.81107012199059,Approved,72862.11017740867,0.6626517745399041
LN01864,Male,Yes,1,Graduate,Salaried,86086.80485756305,10411.231549750031,183712.4154212383,360,1,Urban,41.31815269047748,Approved,96498.03640731308,1.9037943388381289
LN04143,Male,Yes,2,Graduate,Self-Employed,66233.05712009556,6748.341002544621,136460.67515104683,120,1,Semiurban,49.60690725431916,Approved,72981.39812264018,1.8698007802170922
LN04305,Male,Yes,2,Graduate,Self-Employed,28042.55731010325,2261.6267486579563,144970.34473108963,360,1,Urban,34.134056080625804,Approved,30304.184058761206,4.783839236522107
LN04433,Male,Yes,0,Graduate,Salaried,48768.84507338749,14521.410723472429,181456.76491288916,300,0,Urban,34.20762194399993,Rejected,63290.25579685992,2.8670569051783157
LN02549,Female,Yes,0,Graduate,Salaried,101768.8554573985,11883.24114234766,125825.8045798092,300,0,Urban,35.55846016508077,Rejected,113652.09659974616,1.107113800310572
LN03259,Female,Yes,1,Graduate,Salaried,88726.70811411957,12484.480998158637,73453.61837436768,360,1,Urban,21.0,Approved,101211.1891122782,0.7257460268832749
LN00100,Male,Yes,0,Graduate,Salaried,31692.585158991715,9121.436950919997,68235.48649642237,300,1,Urban,41.30491486938443,Approved,40814.02210991171,1.6718638097628544
LN05681,Female,Yes,1,Not Graduate,Salaried,53163.563595077285,12132.783051799372,133728.93643135845,180,1,Semiurban,35.19084373880299,Approved,65296.34664687666,2.048030912886535
LN01041,Male,Yes,0,Graduate,Self-Employed,50822.3147426212,10861.05057725143,125720.49439774954,180,1,Rural,21.0,Approved,61683.36531987263,2.0381588090370606
LN02339,Male,Yes,0,Graduate,Self-Employed,46793.57721053106,13287.436951750657,209807.5110763063,180,0,Rural,28.13949766169407,Rejected,60081.01416228172,3.4920767234322327
LN03626,Male,Yes,0,Not Graduate,Salaried,43313.53909016836,16849.625873420868,134670.3462660809,180,1,Urban,23.167151083623175,Approved,60163.164963589224,2.2384185796672007
LN05257,Male,Yes,1,Not Graduate,Salaried,45226.05003340874,15052.052618949465,148880.7671751595,180,0,Rural,37.480279443576336,Rejected,60278.102652358204,2.4698980330187115
LN00587,Male,No,3,Not Graduate,Salaried,43003.11261070416,12399.637498195552,163525.67377332,60,1,Urban,23.81138775191235,Approved,55402.75010889971,2.9515804441457103
LN02535,Female,No,1,Not Graduate,Unemployed,54098.20171524187,22099.327481472377,74569.5272810145,240,1,Urban,34.754507314557145,Approved,76197.52919671425,0.9786344526802588
LN00793,Male,Yes,1,Graduate,Salaried,34465.02848359381,8927.385859139154,132887.7434926604,180,1,Rural,39.890442760712915,Approved,43392.41434273296,3.06246484565373
LN05921,Female,Yes,0,Graduate,Salaried,63225.990853253905,18090.54438104288,151423.44702192053,240,0,Urban,36.541954925374355,Rejected,81316.53523429678,1.862148289835827
LN05051,Female,No,3,Graduate,Salaried,67023.30935254168,0.0,89805.71828135075,360,0,Semiurban,33.08837372185765,Rejected,67023.30935254168,1.3399176965281425
LN03645,Male,Yes,1,Not Graduate,Salaried,37719.07099676013,12072.420812275452,152161.5844822445,300,1,Semiurban,27.74288174695088,Approved,49791.49180903558,3.0559756085603365
LN04820,Female,Yes,1,Graduate,Salaried,56833.89043980672,5092.630812587158,85384.83125357745,180,1,Semiurban,33.95037156901554,Approved,61926.521252393875,1.378808780580045
LN02045,Male,Yes,1,Graduate,Salaried,82420.61334648944,22890.7520139991,110872.93568367776,240,1,Urban,30.043445204414667,Approved,105311.36536048853,1.0528107322903997
LN05337,Female,Yes,3,Graduate,Salaried,43969.448197909165,7756.363681965392,60032.16593917632,240,0,Urban,29.17844846605841,Rejected,51725.811879874556,1.1605843148212351
LN03111,Male,Yes,3,Not Graduate,Salaried,54337.22206512466,20400.178017231407,159609.6124729348,120,1,Rural,33.56651734748427,Approved,74737.40008235606,2.1356056311439082
LN01530,Male,Yes,1,Graduate,Salaried,62817.72493822408,27608.495199993096,181894.91581299625,360,0,Urban,35.81118231410466,Rejected,90426.22013821718,2.011528465250106
LN03281,Female,No,1,Not Graduate,Salaried,60600.62958328165,16064.93980290092,102053.58661426918,300,1,Rural,25.18985129719016,Approved,76665.56938618257,1.33115279037714
LN05899,Male,nan,2,Graduate,Salaried,81836.10678149291,25371.71472532005,134958.23565224838,240,0,Rural,30.966786934382228,Rejected,107207.82150681296,1.258846917653969
LN03215,Male,No,2,Graduate,nan,95635.9781754212,27022.49003361171,233462.347118825,180,0,Urban,37.621916566328146,Rejected,122658.46820903292,1.9033528669293474
LN05402,Male,Yes,0,Graduate,Salaried,70687.29797272767,8610.149459333225,218382.56519679865,240,1,Urban,31.47773913299182,Approved,79297.4474320609,2.753967148613462
LN02257,Male,Yes,1,Graduate,Salaried,51584.764126378934,17290.948316463793,211436.402761446,180,1,Urban,41.29041679231762,Approved,68875.71244284272,3.0698252731238003
LN03831,Male,Yes,1,Graduate,Salaried,49434.05906674042,6853.143467623298,221603.93019522817,180,0,Urban,36.18432664869431,Rejected,56287.202534363714,3.9370215647142435
LN04969,Male,Yes,2,Graduate,Salaried,89055.11090252367,19747.421048398908,177257.04397552705,180,1,Semiurban,24.730984693067494,Approved,108802.53195092257,1.6291628585948916
LN05216,Male,No,2,Graduate,Self-Employed,65819.29460274887,26044.777038374665,160200.01905388458,120,0,Semiurban,26.18347576460844,Rejected,91864.07164112353,1.7438811081629657
LN03327,Male,No,2,Graduate,Self-Employed,48214.566964213875,25745.29790229931,74908.1537685081,360,1,Urban,49.53414561767666,Approved,73959.86486651318,1.0128216689376928
LN01084,Male,Yes,2,Graduate,Salaried,67638.70904463106,11910.399854020923,143735.6688615281,180,0,Rural,33.54866754206398,Rejected,79549.10889865199,1.8068796854110807
LN05612,Male,No,2,Graduate,Salaried,80772.12138417634,19775.88819553005,185896.56929113323,240,1,Semiurban,39.99957377748314,Approved,100548.00957970638,1.8488339059936274
LN05641,Male,Yes,0,Graduate,Salaried,48809.07429421062,14685.28629796316,132919.0766614842,300,0,Rural,46.340238477643325,Rejected,63494.36059217378,2.0933997196259284
LN01832,Male,Yes,0,Graduate,Salaried,79062.7326782649,21419.47129443701,151169.25625780906,120,0,Urban,40.02571689305696,Rejected,100482.20397270191,1.5044381022820452
LN03117,Male,No,0,Graduate,Salaried,44884.169996832745,22292.36949310753,125618.046325071,180,0,Urban,32.47473916884881,Rejected,67176.53948994027,1.8699689992796127
LN03253,Male,Yes,1,Not Graduate,Salaried,81162.366501743,1851.2133559558808,164364.82863745437,360,0,Urban,38.60375335793871,Rejected,83013.57985769889,1.979975191037503
LN04290,Male,Yes,3,Graduate,Salaried,70172.16746466883,5014.296135175604,115655.9882605936,180,1,Urban,49.94899536188917,Approved,75186.46359984444,1.538255461463583
LN04210,Male,Yes,0,Not Graduate,Self-Employed,54873.18643255016,11890.285335139277,221501.51944606844,240,0,Semiurban,42.11122032230593,Rejected,66763.47176768944,3.3177052298419474
LN03051,Male,Yes,2,Graduate,Self-Employed,45811.17995144907,3713.654856207928,196403.60033303444,60,1,Rural,44.659671677737855,Rejected,49524.834807657,3.965759827283031
LN05321,Male,Yes,0,Graduate,Salaried,36032.157500959096,21907.00889348637,219152.86992908025,60,1,Urban,40.28084763811221,Approved,57939.16639444546,3.7824650157564244
LN01593,Female,Yes,0,Graduate,Salaried,78078.6968217239,13980.13345406322,211614.19147554156,240,0,Urban,33.4768841447164,Rejected,92058.83027578713,2.298684339585828
LN05803,Male,No,0,Not Graduate,Salaried,96377.9706440065,10564.78400162885,159618.44635187555,60,1,Semiurban,45.743094963369394,Approved,106942.75464563536,1.4925597052440434
LN05600,Male,No,1,Not Graduate,Salaried,56235.951224543576,0.0,150105.9210508736,120,0,Rural,21.178652406866515,Rejected,56235.951224543576,2.6692163603940515
LN05119,Male,Yes,2,Graduate,Salaried,76336.74022861963,24704.62636906666,177569.9171389121,240,0,Urban,39.86863945877776,Rejected,101041.36659768628,1.7573982134063715
LN03922,Female,Yes,1,Not Graduate,Self-Employed,53071.46987986201,0.0,219106.89974233368,360,0,Semiurban,52.58458137222178,Rejected,53071.46987986201,4.12852518006994
LN04503,Male,No,1,Not Graduate,Salaried,68259.97824275595,15746.858426368855,102953.20236785572,60,1,Urban,42.94082420870322,Approved,84006.83666912481,1.2255336166668718
LN05256,Male,Yes,3,Graduate,nan,51750.41976224127,0.0,105698.03058070462,360,1,Urban,25.66460993599844,Approved,51750.41976224127,2.042457453800698
LN00830,Male,Yes,0,Graduate,Salaried,33110.98977931446,19423.168681644853,196960.14258310237,180,0,Semiurban,35.84255361699454,Rejected,52534.15846095931,3.749182405376742
LN05939,Male,No,1,Not Graduate,Salaried,104629.97822055496,31588.6969445533,168258.03162375846,120,1,Urban,36.228138520935346,Approved,136218.67516510826,1.2352053154225429
LN01062,Female,No,0,Graduate,Self-Employed,82975.31400744207,7886.967730505206,173223.373486178,60,0,Rural,43.62466828201214,Rejected,90862.28173794727,1.906438735335367
LN04743,Male,Yes,0,Graduate,Self-Employed,68295.45781577582,11077.70388655976,172880.4870970186,120,1,Semiurban,34.9218385395401,Approved,79373.16170233558,2.1780723280918712
LN03699,Male,Yes,0,Graduate,Salaried,55545.585984467856,107.15735559781932,99098.11640385924,60,0,Semiurban,26.153487175273597,Rejected,55652.743340065674,1.7806510597028602
LN00062,Male,No,1,Graduate,Self-Employed,37873.300519879434,11347.191417961152,119798.50572626144,180,0,Urban,33.82152809476334,Rejected,49220.49193784059,2.4339152456572797
LN03677,Male,Yes,0,Not Graduate,Salaried,56995.1402240348,30894.412835616982,102054.2954997006,360,0,Rural,28.387062054956843,Rejected,87889.55305965178,1.1611652573820126
LN01597,Male,No,0,Not Graduate,Self-Employed,101149.90939423398,4474.528081298897,186667.40035890904,180,1,Semiurban,31.871975147664585,Approved,105624.43747553288,1.7672747407734046
LN02397,Male,Yes,0,Graduate,Self-Employed,39920.852558370025,16686.513676101957,94142.91193976936,120,0,Rural,31.163222812172975,Rejected,56607.36623447198,1.6630858879712282
LN01412,Female,No,0,Graduate,Salaried,69117.75544163215,12730.575338620756,178366.52384933148,300,1,Urban,35.12629930367899,Approved,81848.3307802529,2.1792322720448807
LN04033,Female,No,2,Graduate,Salaried,15000.0,9587.0090503776,212783.87628705503,180,0,Urban,25.358135110184502,Rejected,24587.0090503776,8.654321306470058
LN01269,Male,Yes,1,Graduate,Salaried,84721.86350420874,6657.286569320346,151693.5274717622,300,0,Rural,23.24595030404613,Rejected,91379.15007352909,1.660045287679964
LN00033,Female,Yes,0,Graduate,Self-Employed,38845.78142088199,6092.511364477365,146062.35568776797,300,0,Rural,48.646207820367685,Rejected,44938.29278535936,3.2502871523271186
LN01726,Male,No,2,Graduate,Salaried,49280.731097719035,2144.0088594722765,178104.61310413087,300,1,Urban,44.27230844267202,Approved,51424.73995719131,3.4634032812299025
LN04231,Female,No,0,Graduate,Salaried,87111.45871420696,3024.676887348378,116064.79339441942,360,1,Urban,44.28990308134985,Approved,90136.13560155535,1.2876610764353278
LN05126,Female,No,2,Graduate,Salaried,54525.41495666478,4817.460985822714,165456.90936673988,300,0,Urban,34.30918821202235,Rejected,59342.875942487495,2.788151176344966
LN03172,Male,Yes,1,nan,Salaried,33657.3616010683,21312.24356971783,93302.6832016098,120,1,Rural,24.96532099790194,Approved,54969.60517078613,1.6973504341485788
LN00284,Female,Yes,0,Graduate,Salaried,102660.66749312534,9057.891276183334,143020.2436442124,180,0,Semiurban,33.67868012137643,Rejected,111718.55876930867,1.2801833931597668
LN02501,Male,Yes,1,Graduate,Self-Employed,79363.69321065722,10483.589108230532,150853.4412599863,360,1,Rural,34.2546691420164,Approved,89847.28231888775,1.6789983777647752
LN02982,Male,Yes,0,Graduate,Salaried,74649.84205559605,14012.791055443273,78413.51517376292,60,1,Semiurban,26.835564395719693,Approved,88662.63311103932,0.8844031856752933
LN05461,Male,Yes,0,Graduate,Salaried,73192.99996164741,19375.062034730363,121067.44729397724,300,1,Semiurban,37.24437281773935,Approved,92568.06199637777,1.3078749266535867
LN02315,Male,Yes,0,Graduate,Unemployed,68431.73221228912,22691.35779310033,,120,0,Semiurban,32.42052028292272,Rejected,91123.09000538944,
LN03120,Male,No,0,Graduate,Salaried,50328.77032306926,0.0,98495.2461755255,360,1,Semiurban,39.967137319977894,Approved,50328.77032306926,1.9570366123246632
LN01030,Male,Yes,0,Graduate,Salaried,54852.4692515331,1358.9400618164163,175504.93656036365,300,1,Semiurban,33.10335985406272,Approved,56211.40931334951,3.1222297875866176
LN01553,Male,Yes,1,Graduate,Salaried,43462.3929192028,3458.366152204586,188059.61863507543,60,0,Rural,55.78196225681958,Rejected,46920.75907140739,4.008025921935166
LN05016,Male,No,0,Not Graduate,Salaried,17905.009885619707,13255.560657147178,92875.90509407886,180,0,Semiurban,42.70371708666457,Rejected,31160.570542766887,2.9805585544914734
LN05799,Male,Yes,2,Graduate,Salaried,47012.70360772238,89.20076388526468,114700.74172505448,180,1,Semiurban,34.57629153512282,Approved,47101.90437160765,2.4351614495271754
LN00700,Male,Yes,0,Graduate,Unemployed,49545.539589619206,26910.90683146191,140800.5669948518,300,0,Semiurban,40.499387479704495,Rejected,76456.44642108111,1.8415787495458233
LN00232,Male,Yes,1,Graduate,Salaried,60911.43679807627,13159.676008009972,106973.80660093806,300,1,Semiurban,30.13206804806477,Approved,74071.11280608624,1.444204124231117
LN00702,Male,Yes,3,Not Graduate,Self-Employed,45913.126189144816,0.0,99599.3388414661,300,0,Urban,42.74620763587479,Rejected,45913.126189144816,2.1692998736604054
LN01182,Male,Yes,0,Not Graduate,Salaried,78366.33212004625,22297.729370341956,135706.38725104398,360,1,Urban,38.166608186853814,Approved,100664.06149038821,1.348111582642647
LN01472,Female,Yes,1,Graduate,Salaried,57319.65666654165,2635.217134076511,72327.19331683674,60,0,Urban,33.642367748520996,Rejected,59954.87380061816,1.2063605297104472
LN05693,Male,No,0,Graduate,Salaried,39056.84862619471,10308.692838725376,119006.4464687724,360,0,Urban,33.81044301466442,Rejected,49365.54146492008,2.4107189536924296
LN02089,Male,Yes,1,Graduate,Salaried,89049.3506894149,9790.314487689044,121916.9721537287,300,0,Urban,38.575081468977885,Rejected,98839.66517710395,1.2334822455668393
LN03148,Female,Yes,0,Graduate,Salaried,57786.69262885341,9840.190106509204,225385.38496566823,360,1,Semiurban,22.66594625803601,Approved,67626.88273536261,3.332777970081009
LN01620,Male,No,0,nan,Salaried,62265.40821075529,6977.281660654796,221909.7792604374,240,1,Semiurban,39.66882657808424,Approved,69242.68987141008,3.2048116512016485
LN05165,Female,Yes,0,Graduate,Salaried,79472.44498855693,16884.535964292827,140845.46076943577,360,1,Urban,41.013436619128626,Approved,96356.98095284976,1.461704791667928
LN04805,Male,Yes,1,Graduate,Salaried,28082.120628517732,8391.588032474192,92099.9096738884,180,1,Semiurban,40.01222806982845,Approved,36473.70866099192,2.5251040559083
LN01623,Female,Yes,2,Graduate,Salaried,46637.11828922012,7681.426915841141,186928.30196010307,180,0,Rural,48.20533223530819,Rejected,54318.54520506126,3.441334837934606
LN05712,Male,No,1,Graduate,Salaried,77134.74842940917,26407.858004524744,212019.17173027107,180,0,Semiurban,47.248785899720104,Rejected,103542.60643393392,2.0476514840830413
LN04063,Male,No,0,Graduate,Salaried,66370.42009597749,32816.84786466851,49003.69130288625,60,0,Semiurban,39.148077924094586,Rejected,99187.267960646,0.4940522338242967
LN02182,Female,Yes,0,Graduate,Self-Employed,56392.16636475184,14981.712411558996,140736.70425348208,360,1,Urban,32.400614494731336,Approved,71373.87877631084,1.971823679284093
LN05878,Male,Yes,2,Graduate,Salaried,43651.8373117132,17991.99766088896,67482.27479227353,180,1,Rural,41.47069143642904,Approved,61643.834972602155,1.094712469175
LN03290,Male,Yes,0,Not Graduate,Salaried,88370.62690296074,8276.064156734978,113500.1664209962,300,1,Rural,45.27870703550712,Approved,96646.69105969572,1.174382331940269
LN00770,Male,No,1,Not Graduate,Salaried,74155.0387091095,14679.525058362866,214897.00967675663,360,1,Urban,26.601067061946505,Approved,88834.56376747237,2.419069791790245
LN05005,nan,Yes,1,Graduate,Salaried,34515.3576184641,12881.104688017576,69015.50672416868,360,0,Semiurban,38.88932190083611,Rejected,47396.46230648168,1.4561320268565805
